#{"t_start": 1769534691.7832222, "env_id": "None"}
r,l,t
0.0,2,1.825857
0.0,7,1.854877
0.0,15,2.040928
0.0,16,2.047035
0.0,4,2.065296
0.0,23,2.078758
0.0,18,2.151537
0.0,11,2.155552
0.0,34,2.157063
0.0,15,2.162472
0.0,18,2.263664
0.0,10,2.323805
0.0,28,2.328366
0.0,63,2.332403
0.0,70,2.361754
0.0,12,2.3921
0.0,74,2.403288
0.0,70,2.406801
0.0,17,2.419067
0.0,4,2.423087
0.0,30,2.48819
0.0,59,2.495384
0.0,10,2.559581
0.0,23,2.563896
0.0,28,2.610979
0.0,8,2.616992
0.0,39,2.630419
0.0,46,2.634435
0.0,15,2.638012
0.0,2,2.640017
0.0,2,2.644035
0.0,2,2.649078
0.0,88,2.678782
0.0,33,2.695327
0.0,14,2.701739
0.0,2,2.701739
0.0,2,2.710105
0.0,26,2.750162
0.0,19,2.761999
0.0,2,2.768806
0.0,22,2.776817
0.0,4,2.798491
0.0,2,2.798491
0.0,14,2.826413
0.0,8,2.849061
0.0,80,2.849061
0.0,25,2.853068
0.0,2,2.855072
0.0,34,2.859469
0.0,48,2.89647
0.0,35,2.95279
0.0,2,2.961476
0.0,4,2.97412
0.0,23,2.976922
0.0,2,2.98296
0.0,2,3.018685
0.0,4,3.032186
0.0,26,3.032186
0.0,2,3.037234
0.0,2,3.04546
0.0,50,3.084876
0.0,14,3.10288
0.0,15,3.16635
0.0,23,3.176703
0.0,37,3.178189
0.0,60,3.184203
0.0,17,3.186744
0.0,9,3.232275
0.0,68,3.239456
0.0,2,3.246629
0.0,84,3.252667
0.0,2,3.252667
0.0,77,3.283655
0.0,2,3.283655
0.0,18,3.295534
0.0,13,3.353108
0.0,35,3.366266
0.0,6,3.371733
0.0,23,3.376915
0.0,28,3.432495
0.0,48,3.453151
0.0,6,3.453151
0.0,4,3.495482
0.0,45,3.550743
0.0,15,3.55564
0.0,58,3.55867
0.0,2,3.562107
0.0,2,3.568669
0.0,15,3.568669
0.0,39,3.576603
0.0,4,3.624273
0.0,7,3.627239
0.0,82,3.629245
0.0,43,3.638869
0.0,9,3.65513
0.0,2,3.689644
0.0,14,3.698907
0.0,59,3.712649
0.0,2,3.71868
0.0,31,3.720684
0.0,20,3.755412
0.0,24,3.818369
0.0,17,3.826857
0.0,24,3.830322
0.0,18,3.844455
0.0,22,3.84931
0.0,2,3.85303
0.0,67,3.912417
0.0,24,3.953337
0.0,19,3.972571
0.0,2,3.978628
0.0,15,3.990409
0.0,30,4.028739
0.0,4,4.036078
0.0,74,4.039117
0.0,9,4.039117
0.0,4,4.049491
0.0,8,4.056641
0.0,22,4.059169
0.0,45,4.06492
0.0,46,4.098949
0.0,20,4.174309
0.0,14,4.180759
0.0,110,4.204013
0.0,28,4.204013
0.0,10,4.215067
0.0,4,4.254563
0.0,6,4.271721
0.0,39,4.31251
0.0,8,4.338862
0.0,28,4.370953
0.0,48,4.377965
0.0,2,4.384191
0.0,8,4.392391
0.0,2,4.399076
0.0,51,4.446976
0.0,9,4.451119
0.0,32,4.453436
0.0,14,4.455186
0.0,91,4.568904
0.0,71,4.581805
0.0,44,4.583812
0.0,10,4.638701
0.0,42,4.659477
0.0,21,4.712235
0.0,51,4.721041
0.0,8,4.771379
0.0,61,4.780681
0.0,10,4.785094
0.0,2,4.789131
0.0,7,4.795181
0.0,8,4.849977
0.0,12,4.856989
0.0,144,4.861028
0.0,2,4.863848
0.0,37,4.903461
0.0,13,4.918837
0.0,10,4.922114
0.0,8,4.929126
0.0,28,4.932491
0.0,72,4.992338
0.0,12,4.994465
0.0,13,5.001335
0.0,12,5.01062
0.0,27,5.013187
0.0,4,5.055501
0.0,71,5.063047
0.0,2,5.063047
0.0,2,5.070409
0.0,16,5.076896
0.0,2,5.084958
0.0,6,5.114477
0.0,13,5.132343
0.0,33,5.132343
0.0,9,5.142831
0.0,125,5.144874
0.0,27,5.146879
0.0,2,5.152862
0.0,6,5.152862
0.0,15,5.184103
0.0,4,5.196611
0.0,8,5.202398
0.0,2,5.202398
0.0,18,5.215706
0.0,4,5.252136
0.0,46,5.266775
0.0,24,5.276848
0.0,4,5.320143
0.0,18,5.341797
0.0,39,5.388541
0.0,32,5.392035
0.0,20,5.392035
0.0,34,5.397086
0.0,6,5.412071
0.0,2,5.418829
0.0,79,5.449129
0.0,14,5.4609
0.0,27,5.468706
0.0,56,5.472222
0.0,27,5.518941
0.0,9,5.526676
0.0,2,5.526676
0.0,16,5.529732
0.0,24,5.529732
0.0,2,5.534288
0.0,2,5.537806
0.0,2,5.541818
0.0,2,5.543823
0.0,16,5.55249
0.0,30,5.557519
0.0,24,5.584924
0.0,6,5.588955
0.0,11,5.594155
0.0,14,5.600825
0.0,7,5.605431
0.0,11,5.620996
0.0,30,5.620996
0.0,12,5.651645
0.0,11,5.660695
0.0,25,5.677113
0.0,19,5.719082
0.0,16,5.727098
0.0,24,5.727098
0.0,2,5.731852
0.0,4,5.73386
0.0,12,5.741901
0.0,6,5.74591
0.0,2,5.752354
0.0,2,5.78458
0.0,36,5.79117
0.0,31,5.810681
0.0,8,5.812688
0.0,24,5.86476
0.0,46,5.878683
0.0,4,5.924766
0.0,34,5.939246
0.0,2,5.946801
0.0,18,5.958778
0.0,44,5.992637
0.0,13,5.996645
0.0,38,6.00567
0.0,2,6.01103
0.0,16,6.068719
0.0,93,6.175773
0.0,48,6.241422
0.0,43,6.271836
0.0,86,6.27384
0.0,2,6.306653
0.0,59,6.306653
0.0,18,6.330744
0.0,2,6.336754
0.0,9,6.340784
0.0,74,6.401139
0.0,28,6.458933
0.0,118,6.462281
0.0,4,6.471032
0.0,8,6.514508
0.0,62,6.518565
0.0,32,6.524324
0.0,24,6.532743
0.0,39,6.576887
0.0,11,6.576887
0.0,10,6.592603
0.0,16,6.594608
0.0,2,6.599113
0.0,121,6.60231
0.0,2,6.606469
0.0,11,6.610998
0.0,6,6.64179
0.0,14,6.649642
0.0,4,6.653713
0.0,8,6.657287
0.0,76,6.71193
0.0,9,6.71193
0.0,49,6.739138
0.0,26,6.746966
0.0,46,6.788628
0.0,16,6.796918
0.0,30,6.798944
0.0,2,6.80408
0.0,12,6.809119
0.0,4,6.813127
0.0,10,6.843078
0.0,2,6.849629
0.0,6,6.851694
0.0,10,6.858723
0.0,2,6.86607
0.0,46,6.909108
0.0,31,6.930995
0.0,52,6.933024
0.0,25,6.947001
0.0,6,6.974372
0.0,47,6.974372
0.0,21,6.974372
0.0,6,6.996697
0.0,27,7.008889
0.0,16,7.056877
0.0,37,7.135796
0.0,57,7.144857
0.0,51,7.188799
0.0,8,7.201697
0.0,13,7.208
0.0,8,7.252615
0.0,41,7.252615
0.0,2,7.258662
0.0,18,7.316936
0.0,69,7.335652
0.0,32,7.342694
0.0,72,7.342694
0.0,10,7.371895
0.0,65,7.396045
0.0,76,7.401686
0.0,31,7.401686
0.0,4,7.440532
0.0,18,7.453087
0.0,45,7.508978
0.0,20,7.571236
0.0,38,7.579131
0.0,40,7.579131
0.0,52,7.631727
0.0,16,7.652303
0.0,23,7.707726
0.0,48,7.711804
0.0,59,7.736889
0.0,2,7.743033
0.0,12,7.772489
0.0,21,7.788875
0.0,6,7.792915
0.0,18,7.796922
0.0,56,7.805005
0.0,6,7.841049
0.0,13,7.841049
0.0,36,7.845059
0.0,2,7.850269
0.0,8,7.864805
0.0,14,7.875244
0.0,9,7.882402
0.0,20,7.938993
0.0,2,7.946995
0.0,17,7.95114
0.0,18,7.988853
0.0,32,8.006617
0.0,23,8.010744
0.0,5,8.052102
0.0,2,8.059106
0.0,17,8.059106
0.0,16,8.068782
0.0,89,8.071564
0.0,11,8.122809
0.0,125,8.122809
0.0,2,8.127882
0.0,24,8.194067
0.0,21,8.197076
0.0,32,8.200104
0.0,8,8.249151
0.0,23,8.253635
0.0,33,8.260773
0.0,2,8.266769
0.0,87,8.269712
0.0,8,8.278763
0.0,65,8.323747
0.0,5,8.336984
0.0,19,8.380102
0.0,35,8.390666
0.0,15,8.415736
0.0,42,8.443256
0.0,10,8.473491
0.0,49,8.512792
0.0,29,8.53273
0.0,13,8.542747
0.0,39,8.58886
0.0,84,8.592901
0.0,64,8.614936
0.0,21,8.664325
0.0,21,8.712123
0.0,20,8.732265
0.0,32,8.775428
0.0,41,8.778951
0.0,53,8.799075
0.0,24,8.851977
0.0,80,8.867792
0.0,19,8.871806
0.0,17,8.908637
0.0,6,8.911534
0.0,2,8.91882
0.0,2,8.957001
0.0,54,9.025838
0.0,40,9.032373
0.0,17,9.052401
0.0,27,9.147039
0.0,20,9.249092
0.0,81,9.271159
0.0,14,9.316778
0.0,56,9.320836
0.0,111,9.332433
0.0,196,9.372828
0.0,6,9.392926
0.0,28,9.463831
0.0,30,9.466974
0.0,2,9.49909
0.0,18,9.507074
0.0,8,9.523725
0.0,105,9.53285
0.0,16,9.585108
0.0,22,9.594645
0.0,4,9.634923
0.0,17,9.64477
0.0,137,9.646775
0.0,4,9.659101
0.0,17,9.667309
0.0,12,9.701642
0.0,30,9.70716
0.0,152,9.715203
0.0,12,9.726868
0.0,16,9.730896
0.0,84,9.738916
0.0,13,9.787102
0.0,19,9.798637
0.0,4,9.798637
0.0,20,9.848679
0.0,7,9.848679
0.0,11,9.863616
0.0,4,9.863616
0.0,14,9.924245
0.0,11,9.928775
0.0,48,9.944558
0.0,52,9.992148
0.0,45,9.994153
0.0,2,9.999426
0.0,121,10.010981
0.0,2,10.044688
0.0,16,10.052828
0.0,9,10.075075
0.0,61,10.109089
0.0,19,10.113406
0.0,2,10.121105
0.0,33,10.121105
0.0,6,10.125113
0.0,15,10.194136
0.0,21,10.240444
0.0,25,10.243578
0.0,2,10.250314
0.0,14,10.27284
0.0,30,10.27284
0.0,73,10.27284
0.0,5,10.314386
0.0,21,10.336633
0.0,12,10.336633
0.0,7,10.336633
0.0,12,10.336633
0.0,4,10.374993
0.0,84,10.396029
0.0,15,10.439086
0.0,18,10.446858
0.0,79,10.469297
0.0,2,10.501467
0.0,111,10.605205
0.0,49,10.605205
0.0,33,10.639009
0.0,7,10.655089
0.0,52,10.655089
0.0,10,10.712369
0.0,8,10.736071
0.0,34,10.79589
0.0,33,10.845036
0.0,81,10.852182
0.0,10,10.858373
0.0,4,10.858373
0.0,2,10.858373
0.0,2,10.86439
0.0,83,10.873881
0.0,24,10.873881
0.0,6,10.901179
0.0,2,10.908721
0.0,9,10.915694
0.0,13,10.974629
0.0,14,10.974629
0.0,86,10.980155
0.0,133,10.986748
0.0,19,11.006139
0.0,14,11.054412
0.0,76,11.056918
0.0,2,11.060945
0.0,17,11.06295
0.0,18,11.069996
0.0,33,11.074005
0.0,11,11.127121
0.0,18,11.145878
0.0,19,11.145878
0.0,4,11.183688
0.0,56,11.187
0.0,22,11.193036
0.0,20,11.193036
0.0,15,11.200354
0.0,2,11.206982
0.0,12,11.209008
0.0,6,11.254533
0.0,44,11.262816
0.0,2,11.262816
0.0,2,11.267242
0.0,2,11.268573
0.0,13,11.306831
0.0,58,11.312725
0.0,31,11.379041
0.0,13,11.386945
0.0,2,11.389094
0.0,2,11.395144
0.0,23,11.402695
0.0,22,11.410738
0.0,42,11.50279
0.0,23,11.515721
0.0,24,11.526776
0.0,4,11.528798
0.0,10,11.561247
0.0,67,11.566754
0.0,2,11.569938
0.0,36,11.575157
0.0,5,11.585924
0.0,2,11.592836
0.0,12,11.659513
0.0,57,11.779103
0.0,94,11.779103
0.0,27,11.808933
0.0,4,11.814139
0.0,16,11.860792
0.0,9,11.891756
0.0,19,11.930879
0.0,53,11.936913
0.0,27,11.943176
0.0,56,11.946685
0.0,4,11.953664
0.0,39,12.018783
0.0,28,12.06105
0.0,8,12.072012
0.0,2,12.079068
0.0,79,12.091508
0.0,32,12.096751
0.0,2,12.124622
0.0,6,12.140407
0.0,40,12.156732
0.0,42,12.199511
0.0,17,12.2088
0.0,2,12.2088
0.0,10,12.218751
0.0,58,12.228571
0.0,4,12.26996
0.0,39,12.272771
0.0,13,12.278988
0.0,41,12.294248
0.0,8,12.324884
0.0,6,12.324884
0.0,11,12.333108
0.0,2,12.333108
0.0,4,12.343536
0.0,23,12.347046
0.0,2,12.349046
0.0,41,12.356656
0.0,15,12.395999
0.0,12,12.413617
0.0,39,12.413617
0.0,6,12.413617
0.0,17,12.453286
0.0,5,12.456796
0.0,26,12.461253
0.0,6,12.480509
0.0,32,12.487066
0.0,18,12.526643
0.0,15,12.53069
0.0,31,12.537738
0.0,24,12.54874
0.0,12,12.54874
0.0,9,12.556965
0.0,17,12.599025
0.0,10,12.599025
0.0,8,12.601289
0.0,10,12.609098
0.0,4,12.613106
0.0,2,12.620295
0.0,20,12.626862
0.0,16,12.665718
0.0,2,12.672711
0.0,15,12.6824
0.0,261,12.71872
0.0,15,12.71872
0.0,2,12.728073
0.0,2,12.728073
0.0,15,12.728073
0.0,7,12.73385
0.0,11,12.794834
0.0,67,12.813441
0.0,28,12.816901
0.0,19,12.822931
0.0,2,12.822931
0.0,8,12.882053
0.0,18,12.942037
0.0,29,12.947052
0.0,66,12.960885
0.0,4,12.960885
0.0,2,12.992713
0.0,47,12.996721
0.0,11,13.029004
0.0,4,13.091129
0.0,62,13.1059
0.0,19,13.110956
0.0,2,13.110956
0.0,2,13.127657
0.0,4,13.136009
0.0,10,13.186831
0.0,4,13.201021
0.0,43,13.243766
0.0,2,13.249631
0.0,19,13.250399
0.0,4,13.259937
0.0,6,13.269871
0.0,45,13.273886
0.0,28,13.276894
0.0,123,13.326643
0.0,9,13.33424
0.0,28,13.344564
0.0,15,13.372852
0.0,15,13.404259
0.0,26,13.441181
0.0,7,13.465837
0.0,26,13.475083
0.0,101,13.509027
0.0,6,13.524301
0.0,12,13.534366
0.0,30,38.741735
0.0,40,38.742956
0.0,10,38.746968
0.0,2,38.746968
0.0,45,38.75703
0.0,33,38.82707
0.0,16,38.82707
0.0,89,38.900924
0.0,33,38.953099
0.0,22,38.958736
0.0,38,38.958736
0.0,6,39.006323
0.0,11,39.015882
0.0,20,39.025032
0.0,7,39.029066
0.0,13,39.042279
0.0,36,39.048635
0.0,4,39.054442
0.0,73,39.104099
0.0,11,39.109132
0.0,13,39.119667
0.0,14,39.178416
0.0,4,39.190986
0.0,83,39.229242
0.0,40,39.284425
0.0,38,39.290215
0.0,39,39.316709
0.0,46,39.377076
0.0,34,39.42328
0.0,43,39.441081
0.0,30,39.441081
0.0,29,39.441081
0.0,9,39.452651
0.0,2,39.487003
0.0,4,39.503595
0.0,90,39.525103
0.0,2,39.560207
0.0,21,39.569878
0.0,46,39.586314
0.0,42,39.632105
0.0,13,39.638748
0.0,2,39.64476
0.0,4,39.64476
0.0,27,39.650251
0.0,4,39.663085
0.0,30,39.750728
0.0,4,39.763752
0.0,25,39.767019
0.0,6,39.815379
0.0,6,39.818997
0.0,2,39.823036
0.0,69,39.828046
0.0,324,39.842662
0.0,78,39.884111
0.0,46,39.897937
0.0,18,39.984444
0.0,38,40.037037
0.0,41,40.043074
0.0,92,40.05024
0.0,49,40.103796
0.0,80,40.11393
0.0,14,40.117429
0.0,50,40.123194
0.0,8,40.168002
0.0,6,40.186965
0.0,17,40.186965
0.0,61,40.227053
0.0,33,40.227053
0.0,20,40.241379
0.0,11,40.254669
0.0,37,40.258702
0.0,10,40.265244
0.0,52,40.301867
0.0,7,40.321532
0.0,10,40.321532
0.0,21,40.323536
0.0,6,40.370643
0.0,4,40.382059
0.0,48,40.390527
0.0,22,40.464411
0.0,21,40.526662
0.0,36,40.530341
0.0,50,40.532349
0.0,14,40.532349
0.0,8,40.588856
0.0,36,40.593788
0.0,12,40.593788
0.0,4,40.606688
0.0,11,40.65686
0.0,78,40.670936
0.0,76,40.706819
0.0,4,40.711351
0.0,2,40.717904
0.0,4,40.720822
0.0,20,40.775112
0.0,2,40.782398
0.0,12,40.786102
0.0,104,40.792944
0.0,55,40.885427
0.0,48,40.919951
0.0,16,40.980174
0.0,8,41.032429
0.0,37,41.035006
0.0,81,41.037014
0.0,2,41.043058
0.0,80,41.094981
0.0,4,41.106771
0.0,42,41.166758
0.0,37,41.238878
0.0,88,41.250007
0.0,44,41.292761
0.0,10,41.298771
0.0,7,41.298771
0.0,55,41.361438
0.0,14,41.363442
0.0,2,41.36837
0.0,39,41.379132
0.0,50,41.382156
0.0,2,41.386279
0.0,20,41.419893
0.0,10,41.444226
0.0,29,41.450758
0.0,17,41.451284
0.0,19,41.503436
0.0,29,41.572695
0.0,44,41.621267
0.0,31,41.633413
0.0,152,41.653794
0.0,30,41.653794
0.0,45,41.696693
0.0,24,41.699533
0.0,22,41.779009
0.0,35,41.785853
0.0,176,41.812916
0.0,26,41.817038
0.0,2,41.821882
0.0,6,41.824955
0.0,41,41.912728
0.0,85,41.916924
0.0,2,41.950759
0.0,4,41.964883
0.0,30,41.974872
0.0,19,42.039051
0.0,42,42.045099
0.0,52,42.111232
0.0,80,42.154279
0.0,13,42.180458
0.0,27,42.186679
0.0,107,42.228476
0.0,36,42.235188
0.0,79,42.239979
0.0,13,42.248664
0.0,6,42.292639
0.0,29,42.305151
0.0,64,42.316736
0.0,10,42.366934
0.0,14,42.372685
0.0,34,42.382089
0.0,27,42.385159
0.0,32,42.392711
0.0,36,42.442346
0.0,83,42.449497
0.0,7,42.492095
0.0,16,42.496103
0.0,21,42.518162
0.0,2,42.524871
0.0,12,42.58912
0.0,20,42.611977
0.0,18,42.665419
0.0,45,42.667878
0.0,58,42.720942
0.0,22,42.736812
0.0,15,42.742604
0.0,13,42.806722
0.0,22,42.822422
0.0,4,42.822422
0.0,80,42.858941
0.0,23,42.954509
0.0,2,42.991091
0.0,59,43.002397
0.0,101,43.056702
0.0,89,43.076641
0.0,56,43.159899
0.0,2,43.166926
0.0,30,43.224159
0.0,44,43.240661
0.0,6,43.286895
0.0,37,43.292668
0.0,94,43.370164
0.0,4,43.413385
0.0,85,43.472769
0.0,125,43.472769
0.0,204,43.496892
0.0,45,43.540906
0.0,68,43.605392
0.0,2,43.612984
0.0,60,43.623583
0.0,4,43.636843
0.0,39,43.680946
0.0,94,43.690264
0.0,34,43.690264
0.0,67,43.767137
0.0,29,43.818541
0.0,53,43.82689
0.0,48,43.932086
0.0,23,43.942388
0.0,64,43.947794
0.0,12,44.007086
0.0,17,44.03016
0.0,14,44.082926
0.0,60,44.139806
0.0,127,44.151773
0.0,39,44.166322
0.0,14,44.245215
0.0,102,44.245215
0.0,2,44.2524
0.0,24,44.268491
0.0,5,44.268491
0.0,30,44.305972
0.0,2,44.305972
0.0,100,44.348989
0.0,115,44.348989
0.0,10,44.404941
0.0,15,44.410472
0.0,26,44.491385
0.0,17,44.4954
0.0,2,44.50464
0.0,42,44.5564
0.0,35,44.675566
0.0,110,44.689836
0.0,93,44.760474
0.0,8,44.81069
0.0,4,44.823809
0.0,145,44.856425
0.0,67,44.862366
0.0,66,44.882254
0.0,11,44.885211
0.0,10,44.888746
0.0,2,44.892754
0.0,4,44.925223
0.0,23,44.998747
0.0,19,45.011177
0.0,116,45.024091
0.0,4,45.064539
0.0,68,45.074915
0.0,4,45.078665
0.0,16,45.09114
0.0,7,45.126889
0.0,46,45.157028
0.0,22,45.227032
0.0,6,45.276867
0.0,2,45.283643
0.0,67,45.286907
0.0,58,45.30006
0.0,39,45.331155
0.0,23,45.416678
0.0,64,45.422326
0.0,28,45.428863
0.0,2,45.428863
0.0,2,45.462972
0.0,26,45.466959
0.0,4,45.470986
0.0,146,45.479031
0.0,215,45.492359
0.0,6,45.498724
0.0,17,45.55123
0.0,9,45.55123
0.0,11,45.5628
0.0,22,45.5628
0.0,12,45.617381
0.0,54,45.617381
0.0,45,45.701543
0.0,99,45.729101
0.0,8,45.759038
0.0,6,45.80474
0.0,34,45.810775
0.0,28,45.887012
0.0,53,45.887012
0.0,64,45.956842
0.0,25,45.959393
0.0,98,45.976843
0.0,63,45.979641
0.0,21,46.015376
0.0,38,46.037464
0.0,27,46.037464
0.0,14,46.09488
0.0,9,46.098712
0.0,95,46.107065
0.0,2,46.107065
0.0,29,46.15472
0.0,12,46.161316
0.0,33,46.175251
0.0,6,46.221649
0.0,12,46.228682
0.0,52,46.242857
0.0,30,46.257783
0.0,12,46.305909
0.0,9,46.311268
0.0,8,46.357904
0.0,47,46.421567
0.0,34,46.421567
0.0,16,46.421567
0.0,70,46.434865
0.0,4,46.434865
0.0,6,46.453842
0.0,4,46.498673
0.0,18,46.510959
0.0,12,46.565833
0.0,2,46.573486
0.0,30,46.594972
0.0,2,46.626825
0.0,46,46.669693
0.0,125,46.783962
0.0,48,46.830835
0.0,9,46.887104
0.0,97,46.892155
0.0,72,46.904615
0.0,56,46.912152
0.0,23,46.916727
0.0,9,46.952543
0.0,9,46.982043
0.0,12,46.982043
0.0,22,46.98711
0.0,62,47.019049
0.0,19,47.0228
0.0,146,47.026812
0.0,6,47.032407
0.0,14,47.099015
0.0,40,47.153145
0.0,213,47.153145
0.0,2,47.160208
0.0,29,47.169318
0.0,8,47.180024
0.0,34,47.182056
0.0,11,47.226801
0.0,2,47.232048
0.0,30,47.253829
0.0,43,47.253829
0.0,2,47.286025
0.0,63,47.349173
0.0,2,47.356637
0.0,24,47.360535
0.0,2,47.365715
0.0,33,47.368797
0.0,4,47.376933
0.0,32,47.432682
0.0,22,47.482589
0.0,77,47.582035
0.0,45,47.638778
0.0,118,47.655247
0.0,18,47.693437
0.0,96,47.705585
0.0,18,47.801402
0.0,73,47.816878
0.0,88,47.823512
0.0,38,47.823512
0.0,37,47.878998
0.0,49,47.92876
0.0,17,47.93632
0.0,2,47.941426
0.0,28,47.946944
0.0,29,47.99195
0.0,8,47.998692
0.0,98,47.998692
0.0,2,47.998692
0.0,13,48.008741
0.0,2,48.014966
0.0,7,48.020336
0.0,2,48.050891
0.0,24,48.07905
0.0,10,48.07905
0.0,14,48.110533
0.0,49,48.170931
0.0,60,48.177005
0.0,13,48.181039
0.0,33,48.183031
0.0,175,48.239408
0.0,15,48.288917
0.0,39,48.292229
0.0,37,48.382056
0.0,62,48.424365
0.0,32,48.450701
0.0,2,48.486006
0.0,36,48.494774
0.0,10,48.518143
0.0,89,48.566706
0.0,2,48.574202
0.0,6,48.634012
0.0,79,48.653561
0.0,6,48.655566
0.0,25,48.672861
0.0,46,48.705019
0.0,2,48.712361
0.0,55,48.722954
0.0,6,48.732369
0.0,7,48.772549
0.0,107,48.789008
0.0,27,48.844783
0.0,13,48.860258
0.0,4,48.874629
0.0,67,48.874629
0.0,43,48.914136
0.0,4,48.918304
0.0,19,49.010772
0.0,67,49.04908
0.0,41,49.13045
0.0,57,49.153781
0.0,14,49.243016
0.0,43,49.262543
0.0,100,49.319438
0.0,78,49.326683
0.0,12,49.396969
0.0,42,49.46476
0.0,79,49.540805
0.0,52,49.542809
0.0,2,49.575561
0.0,45,49.579089
0.0,4,49.592775
0.0,66,49.753848
0.0,4,49.76534
0.0,151,49.83493
0.0,73,49.847068
0.0,63,49.896665
0.0,29,49.916806
0.0,10,49.956913
0.0,8,49.9724
0.0,4,49.988918
0.0,323,50.045088
0.0,41,50.054289
0.0,241,50.054289
0.0,4,50.056827
0.0,22,50.058858
0.0,4,50.096899
0.0,4,50.09869
0.0,9,50.108806
0.0,4,50.112814
0.0,110,50.160856
0.0,35,80.414547
0.0,82,80.433444
0.0,10,80.449952
0.0,45,80.502608
0.0,46,80.502608
0.0,25,80.620279
0.0,114,80.781727
0.0,203,80.785442
0.0,10,80.840744
0.0,117,80.86893
0.0,68,80.950864
0.0,24,80.980768
0.0,132,81.082769
0.0,20,81.188924
0.0,150,81.213764
0.0,10,81.248353
0.0,2,81.248353
0.0,163,81.266789
0.0,20,81.350253
0.0,20,81.394538
0.0,6,81.418285
0.0,126,81.420312
0.0,260,81.476691
0.0,18,81.531656
0.0,157,81.647004
0.0,129,81.660278
0.0,4,81.660278
0.0,65,81.782014
0.0,58,81.813868
0.0,193,81.935116
0.0,88,82.084296
0.0,109,82.186697
0.0,27,82.238823
0.0,184,82.301516
0.0,86,82.378943
0.0,40,82.43168
0.0,25,82.436701
0.0,124,82.444805
0.0,7,82.455327
0.0,237,82.460072
0.0,56,82.531693
0.0,21,82.531693
0.0,29,82.616865
0.0,40,82.783347
0.0,4,82.797058
0.0,74,82.797058
0.0,2,82.803307
0.0,34,82.811625
0.0,2,82.811625
0.0,278,82.883587
0.0,213,82.944863
0.0,90,82.995764
0.0,44,83.072156
0.0,54,83.119177
0.0,54,83.136977
0.0,125,83.149176
0.0,113,83.201804
0.0,52,83.201804
0.0,10,83.214576
0.0,8,83.234299
0.0,21,83.269119
0.0,6,83.290021
0.0,15,83.342137
0.0,61,83.361596
0.0,10,83.382415
0.0,52,83.534894
0.0,33,83.538916
0.0,2,83.576975
0.0,114,83.648183
0.0,100,83.722056
0.0,14,83.724061
0.0,67,83.740513
0.0,124,83.807077
0.0,9,83.866267
0.0,29,83.873044
0.0,4,83.879065
0.0,34,83.940003
0.0,76,83.981899
0.0,48,83.990323
0.0,8,84.048954
0.0,49,84.273355
0.0,46,84.480937
0.0,227,84.558444
0.0,19,84.645926
0.0,148,84.680684
0.0,276,84.686695
0.0,222,84.698357
0.0,198,84.846756
0.0,11,84.908823
0.0,62,84.975072
0.0,14,84.979887
0.0,108,85.034383
0.0,232,85.045232
0.0,7,85.056661
0.0,13,85.119925
0.0,94,85.173036
0.0,25,85.19666
0.0,10,85.259512
0.0,274,85.356668
0.0,134,85.361077
0.0,70,85.361077
0.0,42,85.383093
0.0,4,85.395412
0.0,7,85.444047
0.0,18,85.449078
0.0,26,85.497673
0.0,48,85.510939
0.0,15,85.57725
0.0,26,85.590021
0.0,33,85.639161
0.0,22,85.641944
0.0,6,85.658819
0.0,195,85.726114
0.0,25,85.795472
0.0,132,85.839983
0.0,18,85.839983
0.0,157,85.843935
0.0,4,85.853923
0.0,92,85.857501
0.0,5,85.899049
0.0,9,85.903056
0.0,54,85.929172
0.0,27,85.988703
0.0,21,85.998155
0.0,48,86.206654
0.0,84,86.215941
0.0,9,86.264309
0.0,2,86.273763
0.0,79,86.285025
0.0,139,86.322329
0.0,110,86.423827
0.0,23,86.423827
0.0,32,86.472414
0.0,46,86.540589
0.0,105,86.552732
0.0,180,86.560176
0.0,2,86.560176
0.0,27,86.679043
0.0,28,86.722943
0.0,2,86.733613
0.0,61,86.790591
0.0,175,86.872516
0.0,30,86.884702
0.0,11,86.944031
0.0,54,87.017078
0.0,2,87.023627
0.0,2,87.030792
0.0,24,87.102855
0.0,95,87.102855
0.0,65,87.156632
0.0,30,87.176819
0.0,17,87.210546
0.0,16,87.236865
0.0,11,87.303886
0.0,21,87.303886
0.0,151,87.344117
0.0,6,87.364853
0.0,17,87.413634
0.49722221,181,87.475472
0.0,38,87.596894
0.0,40,87.658796
0.0,88,87.808716
0.0,283,87.826903
0.0,140,87.892749
0.0,181,87.898943
0.0,21,88.008686
0.0,42,88.031199
0.0,85,88.086827
0.0,2,88.092994
0.0,100,88.141097
0.0,49,88.159739
0.0,81,88.238504
0.0,38,88.281662
0.0,35,88.311836
0.0,157,88.34615
0.0,33,88.428956
0.0,22,88.443003
0.0,88,88.50294
0.0,37,88.543988
0.0,20,88.564503
0.0,76,88.571043
0.0,17,88.608957
0.0,67,88.637209
0.0,21,88.642012
0.0,100,88.678921
0.0,14,88.715562
0.0,32,88.764978
0.0,48,88.862985
0.0,22,88.870744
0.0,70,88.946018
0.0,21,88.959041
0.0,324,88.996944
0.0,19,89.063337
0.0,19,89.079356
0.0,25,89.18909
0.0,2,89.195115
0.0,105,89.273659
0.0,9,89.326891
0.0,61,89.399051
0.0,17,89.409818
0.0,187,89.449981
0.0,164,89.529528
0.0,2,89.535572
0.0,135,89.597857
0.0,114,89.601871
0.0,99,89.716837
0.0,54,89.71886
0.0,73,89.784393
0.0,50,89.793118
0.0,35,89.894825
0.0,61,89.901852
0.0,40,89.913898
0.0,17,89.978907
0.0,16,89.982945
0.0,277,90.112486
0.0,95,90.358666
0.0,96,90.426994
0.0,210,90.473309
0.0,104,90.489005
0.0,10,90.535638
0.0,26,90.62699
0.0,59,90.698646
0.0,56,90.7551
0.0,14,90.86901
0.0,207,90.872759
0.0,90,91.045107
0.0,189,91.124777
0.0,69,91.231793
0.0,101,91.282324
0.0,324,91.297027
0.0,6,119.460454
0.0,84,119.59466
0.0,324,119.600694
0.0,171,119.686865
0.0,18,119.690639
0.0,70,119.785
0.0,112,119.821008
0.0,175,119.891683
0.0,99,119.897834
0.0,58,119.903846
0.0,7,119.912372
0.0,24,119.916379
0.0,30,120.054737
0.0,29,120.186741
0.0,61,120.192242
0.0,4,120.234868
0.0,121,120.300135
0.0,86,120.318821
0.0,88,120.334191
0.0,109,120.374168
0.0,244,120.5828
0.0,75,120.625232
0.0,33,120.771241
0.0,107,120.81375
0.0,99,120.818843
0.0,97,120.8716
0.0,2,120.878643
0.0,21,120.893204
0.0,109,120.896718
0.0,23,121.002772
0.0,24,121.008405
0.0,59,121.100869
0.0,90,121.299331
0.0,324,121.344279
0.0,47,121.57688
0.0,198,121.592254
0.0,154,121.751991
0.0,169,121.833313
0.0,116,121.882221
0.0,82,121.99482
0.0,324,121.998025
0.0,263,122.114988
0.0,83,122.182697
0.0,89,122.294122
0.0,158,122.365455
0.0,14,122.370731
0.0,130,122.525141
0.0,108,122.529198
0.0,2,122.532238
0.0,294,122.541483
0.0,114,122.543489
0.0,79,122.550049
0.0,57,122.630436
0.0,127,122.72269
0.0,51,122.776666
0.0,55,122.794359
0.0,26,122.922462
0.0,134,123.031007
0.0,100,123.086845
0.0,75,123.284245
0.0,154,123.330796
0.0,158,123.351179
0.0,70,123.433598
0.0,31,123.452788
0.0,2,123.461542
0.0,49,123.561994
0.0,125,123.639623
0.0,81,123.746287
0.0,209,123.801746
0.0,36,123.982699
0.0,2,123.991496
0.0,47,124.200067
0.0,324,124.26004
0.0,15,124.36086
0.0,19,124.477582
0.0,324,124.479092
0.0,162,124.518953
0.0,6,124.544369
0.0,207,124.552317
0.0,16,124.597062
0.0,159,124.628114
0.0,26,124.702455
0.0,239,124.702455
0.0,232,124.832578
0.0,106,124.875666
0.0,29,124.882548
0.0,89,125.083903
0.0,97,125.126654
0.0,62,125.216117
0.0,127,125.223732
0.0,116,125.301388
0.0,130,125.439969
0.0,17,125.538679
0.0,45,125.542849
0.0,2,125.546749
0.0,10,125.604022
0.0,135,125.629758
0.0,96,125.631766
0.0,17,125.636658
0.0,2,125.640702
0.0,78,125.675644
0.0,146,125.675644
0.0,6,125.680252
0.0,4,125.691523
0.0,101,125.695542
0.0,4,125.695542
0.0,2,125.70295
0.0,40,125.820962
0.0,18,125.909271
0.0,59,125.998728
0.0,68,126.002236
0.0,2,126.006799
0.0,63,126.010251
0.0,67,126.010251
0.0,11,126.068224
0.0,14,126.082302
0.0,62,126.364518
0.0,162,126.489962
0.0,241,126.502469
0.0,40,126.640674
0.0,137,126.771017
0.0,48,126.786891
0.0,28,126.79678
0.0,9,126.843987
0.0,63,127.122383
0.0,217,127.184848
0.0,236,127.334791
0.0,104,127.375498
0.0,161,127.378695
0.0,52,127.426842
0.0,324,127.447013
0.0,127,127.447013
0.0,296,127.514202
0.0,66,127.562753
0.0,29,127.564763
0.0,29,127.569492
0.0,2,127.580846
0.0,6,127.602643
0.0,13,127.645454
0.0,57,127.774384
0.0,40,127.774384
0.0,56,127.820242
0.0,36,127.851211
0.0,67,128.022512
0.0,16,128.11429
0.0,5,128.130486
0.0,70,128.176776
0.0,77,128.190069
0.0,4,128.19286
0.0,186,128.482284
0.0,145,128.614119
0.0,113,128.737052
0.0,2,128.743425
0.38333333,222,128.761746
0.0,85,128.92171
0.0,42,128.942558
0.0,233,129.001116
0.0,16,129.007897
0.0,80,129.014611
0.0,50,129.019142
0.0,324,129.113176
0.0,182,129.14028
0.0,184,129.143794
0.0,2,129.148845
0.0,9,129.196905
0.0,40,129.382537
0.0,79,129.592896
0.0,170,129.880901
0.0,86,129.880901
0.0,68,129.928799
0.0,138,129.932029
0.0,4,129.941098
0.0,15,129.993298
0.0,8,130.018904
0.0,199,130.130319
0.0,21,130.142724
0.0,4,130.146705
0.0,238,159.835698
0.0,244,159.86114
0.0,248,159.919078
0.0,54,160.159695
0.0,2,160.167048
0.0,165,160.289289
0.0,26,160.2922
0.0,89,160.364439
0.0,174,160.401503
0.0,139,160.406416
0.0,2,160.413166
0.0,190,160.475529
0.0,83,160.702848
0.0,217,160.784955
0.0,2,160.791322
0.0,19,160.835063
0.0,100,160.989275
0.0,32,160.998465
0.0,7,161.046825
0.0,137,161.131259
0.0,150,161.185095
0.0,36,161.193148
0.0,38,161.371037
0.0,189,161.379023
0.0,61,161.44388
0.0,324,161.539383
0.0,144,161.563866
0.0,242,161.566874
0.0,8,161.616877
0.0,24,161.73162
0.0,74,161.747834
0.0,137,161.860907
0.0,30,161.914864
0.0,18,161.994729
0.0,193,162.050114
0.0,105,162.068432
0.0,2,162.10231
0.0,113,162.175375
0.0,159,162.237122
0.0,33,162.241868
0.0,149,162.243873
0.0,2,162.248913
0.0,5,162.255764
0.0,76,162.411666
0.0,135,162.431123
0.0,47,162.480641
0.0,5,162.499665
0.0,80,162.577145
0.0,101,162.628771
0.0,24,162.635875
0.0,103,162.756962
0.0,106,162.803784
0.0,176,162.805817
0.0,14,162.855901
0.0,15,162.881402
0.0,17,162.938969
0.0,66,162.989732
0.0,122,163.083448
0.6111111,140,163.147085
0.0,18,163.264175
0.0,2,163.273179
0.0,105,163.368912
0.0,82,163.400162
0.0,171,163.519535
0.0,166,163.533685
0.0,66,163.634974
0.0,54,163.665339
0.0,116,163.73232
0.0,8,163.783897
0.0,154,163.78689
0.0,16,163.869056
0.0,65,163.869056
0.0,183,163.882989
0.0,8,163.924353
0.0,53,163.982463
0.0,17,163.995297
0.0,43,164.12687
0.0,35,164.16904
0.0,166,164.301173
0.0,45,164.368914
0.0,142,164.50987
0.0,84,164.586802
0.0,30,164.667155
0.0,201,164.679083
0.0,159,164.683156
0.0,230,164.74696
0.0,85,164.749629
0.0,30,164.895839
0.0,61,164.89888
0.0,9,164.948927
0.0,210,165.039647
0.0,97,165.172559
0.0,102,165.213458
0.0,171,165.235237
0.0,41,165.239223
0.0,49,165.453024
0.0,112,165.46896
0.0,13,165.536772
0.0,40,165.658849
0.0,31,165.713291
0.0,112,165.736126
0.0,221,165.748722
0.0,178,165.783353
0.0,25,165.849089
0.0,25,165.870884
0.3361111,239,165.937784
0.0,40,166.081075
0.0,75,166.156259
0.0,45,166.162694
0.0,72,166.217725
0.0,21,166.321064
0.0,35,166.3671
0.0,59,166.392257
0.0,117,166.392257
0.0,235,166.43886
0.0,151,166.458841
0.0,28,166.514856
0.0,37,166.602681
0.0,283,166.623322
0.0,52,166.752743
0.0,95,166.817904
0.0,8,166.872526
0.0,10,166.931154
0.0,63,166.931154
0.0,161,167.006875
0.0,59,167.086777
0.0,2,167.127107
0.0,122,167.132448
0.0,155,167.26674
0.0,64,167.276928
0.0,32,167.278965
0.0,4,167.289209
0.0,40,167.499096
0.0,48,167.512381
0.0,27,167.62707
0.0,253,167.729108
0.0,45,167.731111
0.0,12,167.796832
0.0,176,167.83103
0.0,45,167.862483
0.0,237,167.870019
0.0,2,167.877419
0.0,178,167.944431
0.0,4,167.955744
0.0,19,167.991307
0.0,4,168.005533
0.0,13,168.076898
0.0,42,168.080032
0.0,63,168.13665
0.0,77,168.147103
0.0,37,168.256692
0.0,258,168.422518
0.0,76,168.489216
0.0,62,168.55696
0.0,14,168.626861
0.0,272,168.684881
0.0,186,168.798815
0.0,32,168.802824
0.0,149,168.818758
0.0,29,168.846848
0.0,17,168.888035
0.0,89,168.966761
0.0,35,169.003082
0.0,42,169.056792
0.0,128,169.112766
0.0,20,169.175524
0.0,45,169.26366
0.0,39,169.326795
0.0,26,169.40032
0.0,44,169.403327
0.0,257,169.477131
0.0,98,169.519819
0.0,135,169.539207
0.0,22,169.539207
0.0,15,169.624144
0.0,324,169.730902
0.0,57,169.87549
0.0,49,169.878706
0.0,46,170.012112
0.0,103,170.096156
0.0,131,170.184235
0.0,43,170.3211
0.0,76,170.377001
0.0,43,170.444854
0.0,163,170.612626
0.0,190,202.380674
0.0,58,202.394255
0.0,2,202.430332
0.0,324,202.46503
0.0,40,202.509102
0.0,166,202.520912
0.0,92,202.523046
0.0,26,202.645868
0.0,37,202.680689
0.0,54,202.680689
0.0,52,202.695075
0.0,143,202.755839
0.0,20,202.822168
0.0,35,202.856987
0.0,71,202.910401
0.0,12,202.980465
0.0,60,202.987044
0.0,115,203.112792
0.0,85,203.148919
0.0,61,203.148919
0.0,11,203.209169
0.0,2,203.217319
0.0,267,203.23408
0.0,28,203.286869
0.0,60,203.298845
0.0,2,203.305516
0.0,90,203.361454
0.0,74,203.380286
0.0,34,203.411141
0.0,149,203.588837
0.0,37,203.640803
0.0,45,203.643926
0.0,89,203.656039
0.0,69,203.702939
0.0,77,203.702939
0.0,8,203.712311
0.0,54,203.72099
0.0,28,203.787128
0.0,19,203.796917
0.0,19,203.896887
0.0,48,203.966932
0.0,2,203.972359
0.0,67,203.989193
0.0,77,203.996685
0.0,32,204.061227
0.0,13,204.129667
0.0,39,204.184573
0.0,101,204.262269
0.0,52,204.300696
0.0,6,204.310616
0.0,22,204.312353
0.0,119,204.330327
0.0,36,204.330327
0.0,66,204.37699
0.0,111,204.386746
0.0,192,204.391185
0.0,22,204.43424
0.0,26,204.49616
0.0,40,204.588597
0.0,9,204.642426
0.0,31,204.647759
0.0,2,204.654778
0.0,4,204.693176
0.0,23,204.807009
0.0,85,204.882157
0.0,48,204.888773
0.0,129,204.968292
0.0,140,205.058864
0.0,60,205.130036
0.0,8,205.155885
0.0,58,205.206985
0.0,68,205.252806
0.0,182,205.351099
0.0,200,205.446805
0.0,4,205.45848
0.0,54,205.464498
0.0,91,205.521054
0.0,58,205.533697
0.0,27,205.667053
0.0,57,205.753878
0.0,280,205.810361
0.0,82,205.89272
0.0,177,205.894726
0.0,79,205.944971
0.0,9,205.955487
0.0,136,206.066846
0.0,78,206.08071
0.0,180,206.086724
0.0,18,206.182678
0.0,56,206.240846
0.0,81,206.240846
0.0,39,206.270795
0.0,4,206.313105
0.0,40,206.39359
0.0,38,206.444761
0.0,104,206.444761
0.0,49,206.509663
0.0,36,206.513414
0.0,18,206.528887
0.0,17,206.58925
0.0,44,206.64693
0.0,26,206.650273
0.0,134,206.650273
0.0,24,206.725687
0.0,35,206.728784
0.0,18,206.737072
0.0,20,206.768906
0.0,8,206.796685
0.0,18,206.849143
0.0,32,206.911804
0.0,15,206.929118
0.0,42,206.974275
0.0,241,207.072165
0.0,28,207.08098
0.0,37,207.130985
0.0,6,207.135003
0.0,4,207.164179
0.0,134,207.22404
0.0,34,207.293976
0.0,39,207.411237
0.0,54,207.420811
0.0,94,207.48959
0.0,69,207.544072
0.0,2,207.54914
0.0,26,207.553149
0.18333334,294,207.663721
0.0,52,207.719954
0.0,42,207.727139
0.0,83,207.729167
0.0,8,207.743735
0.0,211,207.80803
0.0,16,207.900879
0.0,206,207.927159
0.0,40,207.972728
0.0,15,207.98059
0.0,14,208.035251
0.0,6,208.056693
0.0,64,208.063302
0.0,6,208.115574
0.0,79,208.122114
0.0,37,208.20154
0.0,2,208.207067
0.0,42,208.327227
0.0,24,208.327227
0.0,2,208.332321
0.0,5,208.379127
0.0,64,208.401415
0.0,82,208.434987
0.0,160,208.440235
0.0,76,208.531043
0.0,4,208.574256
0.0,58,208.662199
0.0,48,208.707817
0.0,8,208.734647
0.0,86,208.872136
0.0,108,208.954008
0.0,45,208.960854
0.0,107,209.012696
0.0,13,209.030749
0.0,274,209.030749
0.0,56,209.162283
0.0,117,209.164287
0.0,7,209.21699
0.0,40,209.242638
0.0,130,209.341381
0.0,65,209.359404
0.0,19,209.427026
0.0,324,209.482479
0.0,52,209.492254
0.0,23,209.500082
0.0,50,209.538054
0.0,7,209.556964
0.0,127,209.638783
0.0,29,209.638783
0.0,40,209.681011
0.0,32,209.685089
0.0,2,209.690233
0.0,138,209.758353
0.0,22,209.819756
0.0,33,209.872112
0.0,38,210.006708
0.0,181,210.128938
0.0,119,210.13495
0.0,110,210.218761
0.0,114,210.23462
0.0,21,210.23878
0.0,86,210.29714
0.0,116,210.363745
0.0,36,210.424488
0.0,37,210.447123
0.0,2,210.454123
0.0,90,210.498767
0.0,47,210.517115
0.0,40,210.519141
0.0,18,210.576766
0.0,22,210.649093
0.0,89,210.653101
0.0,49,210.711998
0.0,221,210.741184
0.0,47,210.7452
0.0,24,210.829031
0.0,59,210.842676
0.0,31,210.924148
0.0,66,210.92668
0.0,5,210.975454
0.0,81,211.111576
0.0,53,211.127165
0.0,4,211.140513
0.0,62,211.199497
0.0,82,211.203193
0.0,42,211.313631
0.0,174,211.316878
0.0,10,211.388943
0.0,12,211.400945
0.0,8,211.459153
0.0,2,211.465167
0.0,8,211.520251
0.0,64,211.57677
0.0,171,211.594522
0.0,9,211.605451
0.0,124,211.797096
0.0,83,211.803977
0.0,117,211.803977
0.0,2,211.803977
0.0,2,211.810466
0.0,71,211.863684
0.0,6,211.883975
0.0,4,211.896702
0.0,22,211.936812
0.0,19,212.017007
0.0,2,212.025027
0.0,85,212.033004
0.0,2,212.066021
0.0,47,212.249051
0.0,265,212.347122
0.0,282,212.409552
0.0,96,212.417068
0.0,183,212.505323
0.0,24,212.619788
0.0,78,212.659622
0.0,166,212.663702
0.0,24,212.773173
0.0,30,212.795524
0.0,93,212.80112
0.0,199,212.839777
0.0,85,212.846921
0.0,5,212.85839
0.0,2,212.86441
0.0,111,212.962653
0.0,2,212.968758
0.0,34,212.973448
0.0,96,213.096734
0.0,21,213.207592
0.0,97,213.262969
0.0,2,213.268994
0.0,9,213.327993
0.0,68,213.330069
0.0,257,213.34038
0.0,118,242.743037
0.0,19,242.784892
0.0,125,242.810089
0.0,136,242.977054
0.0,87,242.977054
0.5138889,175,243.07821
0.0,86,243.190054
0.0,51,243.251148
0.0,2,243.260904
0.0,54,243.264035
0.0,122,243.264035
0.0,68,243.403955
0.0,51,243.505659
0.0,173,243.509981
0.0,20,243.509981
0.0,13,243.577142
0.0,31,243.730276
0.0,76,243.878757
0.0,39,244.066878
0.0,169,244.071356
0.0,262,244.082736
0.0,15,244.146773
0.0,39,244.265687
0.0,12,244.333456
0.0,324,244.340056
0.0,6,244.391026
0.0,2,244.399047
0.0,13,244.47127
0.0,214,244.591799
0.0,324,244.797013
0.0,324,244.868201
0.0,63,244.884228
0.0,116,244.930957
0.0,163,244.994717
0.0,19,245.086919
0.0,51,245.166756
0.0,56,245.236428
0.0,101,245.357224
0.0,172,245.363241
0.0,324,245.406724
0.0,251,245.416783
0.0,109,245.483413
0.0,70,245.516798
0.0,12,245.590081
0.0,15,245.601969
0.0,99,245.744971
0.0,67,245.808119
0.0,77,245.81458
0.0,116,245.907046
0.0,143,246.12043
0.0,54,246.17083
0.0,125,246.242455
0.0,95,246.310208
0.0,98,246.314216
0.0,15,246.320045
0.0,112,246.327159
0.0,41,246.341703
0.0,180,246.384882
0.0,10,246.392348
0.0,56,246.592329
0.0,6,246.612751
0.0,56,246.659066
0.0,62,246.671768
0.0,131,246.807101
0.0,121,246.936807
0.0,49,247.057085
0.0,304,247.08274
0.0,41,247.136861
0.0,109,247.143371
0.0,28,247.207119
0.0,118,247.273538
0.0,215,247.384798
0.0,19,247.474772
0.0,65,247.484833
0.0,64,247.487724
0.0,18,247.582642
0.0,96,247.69314
0.0,310,247.845824
0.0,125,247.866824
0.0,83,247.873253
0.0,88,248.019178
0.0,276,248.062898
0.0,4,248.080704
0.0,133,248.160946
0.0,4,248.205204
0.0,20,248.312376
0.0,262,248.4768
0.0,2,248.483955
0.0,143,248.652223
0.0,113,248.655386
0.0,124,248.695203
0.0,154,248.708414
0.0,36,248.841198
0.0,18,248.978881
0.0,136,249.037164
0.0,9,249.037164
0.0,60,249.301112
0.0,324,249.384234
0.0,180,249.396789
0.0,9,249.455066
0.0,324,249.557079
0.0,177,249.630833
0.0,135,249.701427
0.0,46,249.701427
0.4138889,211,249.78554
0.0,26,249.844466
0.0,51,249.910544
0.0,238,249.914584
0.0,2,249.917089
0.0,18,250.028745
0.0,53,250.09713
0.0,158,250.168087
0.0,92,250.196796
0.0,158,250.246979
0.0,14,250.297715
0.0,146,250.37227
0.0,6,250.39041
0.0,79,250.458072
0.0,119,250.508808
0.0,73,250.571731
0.0,47,250.649172
0.0,12,250.719672
0.0,64,250.835958
0.0,115,250.87874
0.0,61,251.014607
0.0,8,251.068716
0.0,154,251.091519
0.0,22,251.205046
0.0,215,251.244239
0.0,6,251.254104
0.0,85,251.319892
0.0,57,251.38289
0.0,29,251.408235
0.0,311,251.582726
0.0,86,251.806153
0.0,53,251.82679
0.64444447,128,251.887102
0.0,21,251.948043
0.0,324,252.137079
0.0,54,252.188352
0.0,68,252.200281
0.0,8,252.253586
0.0,324,252.257154
0.0,24,252.36506
0.0,53,252.450877
0.0,324,252.520144
0.0,17,252.561448
0.0,2,252.570968
0.0,226,252.582926
0.0,258,252.655451
0.0,45,252.772611
0.0,107,252.838768
0.0,15,252.871706
0.0,141,252.927132
0.0,22,252.948907
0.0,25,253.010672
0.0,84,253.055035
0.0,185,284.375973
0.0,87,284.376977
0.0,89,284.476901
0.0,170,284.568859
0.0,6,284.621396
0.0,2,284.626736
0.0,28,284.626736
0.0,324,284.673188
0.0,135,284.680732
0.0,63,284.709689
0.0,28,284.808261
0.0,157,284.868583
0.0,2,284.875114
0.0,245,284.894216
0.0,2,284.928899
0.0,39,285.024012
0.0,86,285.086121
0.0,14,285.097074
0.0,18,285.185137
0.0,20,285.201131
0.0,126,285.321984
0.0,29,285.3267
0.0,28,285.338776
0.0,26,285.446978
0.0,190,285.597188
0.0,254,285.681181
0.5694444,155,285.714652
0.0,251,285.978913
0.0,96,286.147087
0.0,12,286.219403
0.0,53,286.263871
0.0,166,286.276739
0.43888888,202,286.339723
0.0,12,286.346388
0.0,23,286.356952
0.0,2,286.364326
0.0,50,286.540583
0.0,324,286.540583
0.0,2,286.547865
0.0,9,286.60159
0.0,64,286.700177
0.0,2,286.734549
0.0,77,286.775992
0.0,41,286.836893
0.0,20,286.840629
0.0,56,286.894798
0.0,2,286.900967
0.0,20,287.010358
0.0,39,287.012365
0.0,324,287.045382
0.0,4,287.089325
0.0,58,287.169072
0.0,324,287.36717
0.0,36,287.371226
0.0,2,287.375244
0.0,2,287.386872
0.0,77,287.491168
0.0,109,287.505112
0.0,324,287.543969
0.0,73,287.570953
0.0,112,288.1083
0.0,7,288.178783
0.0,121,288.239521
0.0,324,288.276941
0.0,22,288.350595
0.5638889,157,288.452439
0.0,30,288.45445
0.49166667,183,288.467172
0.0,57,288.531246
0.0,47,288.62677
0.0,276,288.667448
0.0,6,288.687569
0.0,27,288.85707
0.0,261,289.047309
0.0,89,289.05135
0.0,117,289.159446
0.0,135,289.25901
0.0,2,289.266443
0.0,324,289.324303
0.0,21,289.399435
0.0,48,289.581226
0.0,172,289.656971
0.0,79,289.832435
0.0,2,289.839086
0.0,73,289.968854
0.0,6,290.02483
0.0,201,290.137061
0.0,116,290.259854
0.0,324,290.272517
0.20555556,286,290.369005
0.0,25,290.377178
0.0,6,290.397054
0.0,242,290.444476
0.0,91,290.463155
0.0,151,290.579234
0.73333335,96,290.620686
0.0,302,290.640527
0.0,31,290.754977
0.0,59,290.764516
0.0,81,290.770914
0.0,31,290.924551
0.0,128,290.933682
0.0,53,291.054647
0.0,37,291.120401
0.0,84,291.207528
0.0,29,291.207528
0.0,75,291.326804
0.0,174,291.334847
0.0,34,291.493104
0.0,62,291.51513
0.0,217,291.545349
0.0,2,291.548876
0.0,9,291.574698
0.0,189,291.614968
0.0,91,291.794738
0.0,127,291.857934
0.0,151,291.87472
0.0,86,291.988051
0.0,24,292.007125
0.0,48,292.111999
0.0,289,292.130654
0.0,39,292.233789
0.0,186,292.449107
0.0,55,292.510045
0.0,16,292.579395
0.0,190,292.596739
0.0,31,292.763002
0.0,47,292.82925
0.0,250,292.93717
0.0,2,292.972746
0.0,18,293.051204
0.0,54,293.127198
0.30277777,251,293.188307
0.0,200,293.246418
0.0,83,293.250023
0.0,231,293.268864
0.0,145,293.341424
0.0,26,293.419052
0.0,2,293.427071
0.0,43,293.43018
0.0,2,293.469088
0.0,2,293.476924
0.0,55,293.57114
0.0,4,293.605258
0.0,14,293.690931
0.0,89,293.91031
0.0,158,293.923879
0.0,324,293.930939
0.0,70,294.031544
0.0,161,294.037175
0.0,2,294.040157
0.0,2,294.051466
0.0,38,294.23391
0.0,46,294.287952
0.0,77,294.356948
0.0,233,294.597037
0.0,138,294.685576
0.0,74,294.750356
0.0,252,294.812398
0.0,194,294.956896
0.0,324,295.004463
0.0,42,295.037992
0.0,68,295.112955
0.0,17,295.207289
0.0,4,295.225255
0.0,2,295.234387
0.0,46,295.234387
0.0,228,295.447144
0.0,2,295.454346
0.0,56,329.874951
0.0,162,329.888864
0.0,114,329.892871
0.0,178,329.892871
0.0,15,329.953349
0.0,252,330.003302
0.0,20,330.015191
0.0,22,330.083559
0.0,52,330.089099
0.0,35,330.094319
0.0,4,330.153797
0.0,9,330.166768
0.0,27,330.260958
0.0,44,330.260958
0.0,7,330.332838
0.0,128,330.334844
0.0,26,330.340905
0.0,4,330.398949
0.0,6,330.40705
0.0,8,330.435672
0.0,6,330.500923
0.0,29,330.505302
0.0,10,330.583811
0.43055555,205,330.611706
0.0,21,330.695061
0.0,2,330.746869
0.0,56,330.772301
0.0,44,330.776847
0.0,2,330.776847
0.0,55,330.946867
0.0,2,330.952089
0.0,51,331.024805
0.0,157,331.039206
0.0,48,331.047185
0.0,117,331.10339
0.0,40,331.289145
0.0,52,331.318845
0.0,2,331.372902
0.0,54,331.392553
0.0,2,331.399014
0.0,77,331.451094
0.0,2,331.458905
0.0,16,331.543789
0.0,17,331.559482
0.0,48,331.676792
0.0,32,331.838891
0.0,324,331.922811
0.0,162,331.988786
0.0,324,332.147929
0.0,43,332.156987
0.0,46,332.249001
0.0,71,332.252367
0.0,6,332.311991
0.0,19,332.412611
0.58055556,151,332.41462
0.0,42,332.522995
0.0,21,332.62081
0.0,324,332.683652
0.0,139,332.94098
0.0,2,332.948771
0.0,11,333.015937
0.0,82,333.109157
0.0,2,333.11536
0.0,324,333.159209
0.0,112,333.232297
0.0,211,333.322128
0.0,43,333.379152
0.0,324,333.385175
0.0,29,333.508967
0.0,28,333.510972
0.0,103,333.567061
0.0,6,333.622792
0.0,237,333.698025
0.0,70,333.702559
0.0,34,333.704562
0.0,62,333.853391
0.0,119,333.856899
0.0,44,333.924308
0.525,171,334.048777
0.0,33,334.101007
0.0,100,334.123022
0.0,324,334.129258
0.0,11,334.135061
0.0,7,334.182182
0.73333335,96,334.195093
0.0,25,334.285045
0.0,33,334.298968
0.0,31,334.392715
0.62222224,136,334.418833
0.0,6,334.466987
0.0,52,334.586356
0.0,75,334.594924
0.0,10,334.657107
0.0,2,334.664596
0.0,15,334.664596
0.0,154,334.712556
0.0,2,334.720299
0.0,45,334.920102
0.75277776,89,335.10365
0.49166667,183,335.362578
0.5694444,155,335.440905
0.0,223,335.544891
0.0,324,335.58077
0.0,2,335.586815
0.0,18,335.669564
0.57222223,154,335.736945
0.0,36,335.742388
0.0,324,335.81688
0.0,126,335.820914
0.0,4,335.833637
0.0,39,335.926713
0.0,21,335.946951
0.0,33,335.946951
0.0,27,335.950086
0.0,12,335.993556
0.0,16,336.060188
0.0,54,336.071648
0.0,324,336.075658
0.0,23,336.101059
0.0,24,336.193105
0.0,44,336.195108
0.0,5,336.213614
0.0,37,336.258844
0.0,152,336.261852
0.0,148,336.286247
0.0,13,336.324808
0.0,70,336.33903
0.0,22,336.387051
0.0,30,336.392085
0.0,52,336.397351
0.0,2,336.403479
0.0,16,336.406736
0.0,74,336.474138
0.0,17,336.477148
0.0,2,336.479296
0.0,18,336.521663
0.0,10,336.560078
0.0,5,336.605003
0.0,22,336.614741
0.0,25,336.620789
0.0,10,336.679737
0.0,8,336.728969
0.0,69,336.737076
0.0,4,336.743027
0.0,2,336.743027
0.0,64,336.743027
0.0,4,336.755165
0.0,65,336.762588
0.0,8,336.800919
0.0,4,336.815198
0.0,44,336.885307
0.0,104,336.888872
0.0,4,336.896253
0.0,34,337.053113
0.0,58,337.053113
0.0,4,337.065375
0.0,2,337.103143
0.0,22,337.182771
0.0,15,337.264361
0.0,104,337.358811
0.0,12,337.425851
0.0,4,337.439979
0.0,65,337.443728
0.0,6,337.462034
0.0,5,337.509142
0.6527778,125,337.531392
0.51944447,173,337.667379
0.0,35,337.667379
0.16944444,299,337.815036
0.0,71,337.817107
0.0,27,337.827157
0.0,36,337.907029
0.0,16,337.914554
0.0,8,337.933684
0.0,12,337.987702
0.2888889,256,337.990055
0.0,101,338.112553
0.0,64,338.288064
0.0,60,338.298942
0.0,89,338.306828
0.0,65,338.350902
0.0,32,338.454099
0.0,2,338.490251
0.0,324,338.500374
0.0,118,338.500374
0.0,4,338.5169
0.0,79,338.52586
0.0,50,338.613603
0.0,60,338.635294
0.0,2,338.640352
0.0,34,338.695868
0.0,91,338.790507
0.0,2,338.795513
0.0,22,338.799049
0.0,40,338.804383
0.0,10,338.856833
0.0,10,338.866964
0.0,68,338.876093
0.0,17,338.883132
0.0,47,338.883132
0.0,4,338.888687
0.0,8,338.921128
0.0,7,338.94588
0.0,2,338.951936
0.0,2,338.956985
0.0,324,339.012541
0.0,24,339.020139
0.0,31,339.071102
0.0,45,339.091805
0.0,8,339.124979
0.0,24,339.151543
0.0,139,339.23373
0.0,39,339.269574
0.0,63,339.28028
0.0,7,339.291468
0.0,8,339.298082
0.0,4,339.304101
0.0,12,339.346989
0.0,31,339.346989
0.0,15,339.41143
0.0,2,339.418862
0.0,22,339.428298
0.0,5,339.436222
0.0,21,339.444801
0.0,7,339.483789
0.0,24,339.486711
0.0,2,339.493831
0.0,5,339.510927
0.0,84,339.587051
0.0,14,339.589866
0.0,35,339.668828
0.0,2,339.676853
0.0,46,339.689022
0.0,56,339.760013
0.0,6,339.81488
0.0,28,339.831683
0.0,9,339.845021
0.0,38,340.015233
0.0,14,340.090203
0.775,81,340.137077
0.0,2,340.143122
0.0,13,340.163763
0.0,8,340.203027
0.0,9,340.231701
0.0,324,340.271126
0.0,36,340.372573
0.0,229,340.406748
0.0,2,340.415161
0.0,51,340.520913
0.0,56,340.546324
0.0,36,340.595656
0.0,40,340.595656
0.0,2,340.602036
0.0,7,340.652856
0.0,19,340.669071
0.0,35,340.72472
0.0,16,340.741042
0.0,14,340.751196
0.0,324,340.773073
0.0,19,340.843715
0.0,8,340.843715
0.0,22,340.899166
0.0,29,341.029222
0.0,71,341.036904
0.0,12,341.105395
0.0,2,341.112512
0.375,225,341.122816
0.0,2,341.128574
0.125,315,372.062524
0.0,2,372.068924
0.0,50,372.075104
0.0,324,372.087057
0.0,12,372.139158
0.0,90,372.304091
0.65555555,124,372.376974
0.0,27,372.451767
0.0,117,372.674292
0.0,71,372.727777
0.0,19,372.819157
0.33055556,241,372.868797
0.7222222,100,372.956805
0.0,14,373.055786
0.0,48,373.089187
0.0,324,373.194857
0.0,9,373.257002
0.0,2,373.263373
0.0,324,373.268914
0.0,4,373.276429
0.0,49,373.318887
0.5777778,152,373.494899
0.0,103,373.622947
0.0,161,373.70413
0.0,324,373.765039
0.0,12,373.770664
0.0,324,373.824053
0.0,10,373.832832
0.0,106,373.851016
0.6111111,140,374.02717
0.0,101,374.041061
0.0,41,374.095956
0.0,25,374.170382
0.0,5,374.1888
0.7583333,87,374.250805
0.0,15,374.337104
0.0,139,374.406733
0.70555556,106,374.414986
0.79444444,74,374.439163
0.0,114,374.495029
0.0,24,374.574282
0.0,65,374.581529
0.0,84,374.581529
0.0,9,374.637081
0.0,4,374.649841
0.0,40,374.774664
0.0,33,374.822306
0.0,5,374.83884
0.0,62,374.899057
0.0,2,374.905071
0.7777778,80,374.905071
0.0,26,374.916847
0.0,324,375.047494
0.0,45,375.109203
0.0,13,375.123015
0.6111111,140,375.123015
0.8361111,59,375.250952
0.0,25,375.262582
0.0,142,375.266256
0.0,2,375.322867
0.0,14,375.35697
0.5361111,167,375.35697
0.0,14,375.431719
0.0,16,375.507122
0.0,39,375.523081
0.0,4,375.564199
0.0,44,375.723377
0.0,114,375.78681
0.0,99,375.951199
0.7916667,75,375.954953
0.0,44,375.966738
0.0,10,376.053186
0.3888889,220,376.215359
0.0,50,376.226763
0.0,85,376.390482
0.0,37,376.39968
0.47777778,188,376.412163
0.0,8,376.475121
0.0,56,376.4999
0.0,137,376.548956
0.0,7,376.556124
0.0,34,376.616881
0.0,23,376.70902
0.0,29,376.733142
0.0,324,376.793011
0.0,38,376.965205
0.0,324,376.966775
0.0,7,377.019129
0.0,12,377.031725
0.0,2,377.03916
0.65555555,124,377.130983
0.0,20,377.144893
0.0,49,377.276853
0.5861111,149,377.284913
0.0,37,377.368918
0.0,68,377.5188
0.56666666,156,377.56413
0.2,288,377.668878
0.0,21,377.675911
0.0,51,377.684149
0.0,38,377.837534
0.375,225,377.847693
0.0,102,377.909162
0.0,9,377.924276
0.62222224,136,378.048764
0.0,26,378.052781
0.0,77,378.118667
0.0,43,378.148782
0.69722223,109,378.19976
0.0,97,378.226795
0.0,81,378.343807
0.0,45,378.358067
0.0,50,378.364737
0.0,4,378.40721
0.0,15,378.420844
0.0,25,378.502304
0.0,66,378.546735
0.0,4,378.546735
0.108333334,321,378.562494
0.0,88,378.606786
0.0,14,378.636941
0.0,12,378.705472
0.0,52,378.712673
0.0,2,378.712673
0.0,44,378.77714
0.0,38,378.823276
0.0,20,378.839282
0.6111111,140,379.005985
0.68333334,114,379.012744
0.0,27,379.150912
0.0,10,379.186752
0.7722222,82,379.221097
0.6944444,110,379.340989
0.0,26,379.347765
0.0,157,379.349773
0.0,69,379.353783
0.0,2,379.353783
0.0,2,379.359824
0.67777777,116,379.421247
0.0,10,379.424195
0.0,10,379.479297
0.58055556,151,379.50721
0.0,28,379.516822
0.0,48,379.620577
0.0,28,379.641062
0.0,65,379.758929
0.0,85,379.80467
0.0,56,379.813602
0.0,53,379.891114
0.0,83,379.934799
0.0,324,379.946983
0.0,2,379.956164
0.0,38,379.973916
0.0,30,380.059377
0.7416667,93,380.141351
0.0,66,380.151797
0.0,4,380.1538
0.0,2,380.189144
0.0,73,380.359211
0.76944447,83,380.37703
0.0,6,380.384152
0.0,17,380.462351
0.8194444,65,380.515782
0.62222224,136,380.52233
0.0,18,380.584491
0.0,44,380.649184
0.0,4,380.662107
0.60555553,142,380.672381
0.0,4,380.672381
0.0,47,380.791137
0.0,23,380.810049
0.0,2,380.817169
0.0,6,380.866799
0.0,324,380.948206
0.80833334,69,381.063229
0.0,2,381.06904
0.74444443,92,381.077062
0.0,61,381.178734
0.0,48,381.42714
0.0,172,381.430735
0.0,109,381.512039
0.0,150,381.574278
0.0,15,381.618068
0.0,39,381.642885
0.0,4,381.687286
0.0,128,381.77213
0.0,2,381.778783
0.0,135,381.817183
0.0,324,381.822748
0.0,27,381.931197
0.0,324,381.935052
0.0,26,381.939107
0.0,63,381.949585
0.0,2,381.955604
0.0,55,381.963526
0.0,10,382.021933
0.0,46,382.072367
0.0,17,382.079779
0.0,40,382.149498
0.0,26,382.225807
0.0,39,382.304827
0.0,33,382.363046
0.0,2,382.370201
0.0,2,382.376755
0.0,18,382.392874
0.39444444,218,382.596961
0.0,2,382.60477
0.0,7,382.654548
0.0,143,382.701441
0.5833333,150,382.808579
0.0,35,382.874665
0.0,105,382.923133
0.0,15,382.992808
0.0,31,383.007162
0.8111111,68,383.060477
0.0,34,383.124372
0.0,21,383.133898
0.0,6,383.145257
0.0,34,383.194813
0.0,324,416.303386
0.5,180,416.306895
0.3888889,220,416.40461
0.24166666,273,416.421301
0.8055556,70,416.531402
0.8194444,65,416.535221
0.7916667,75,416.538781
0.0,15,416.638948
0.0,37,416.680412
0.87222224,46,416.694926
0.0,37,416.776798
0.8361111,59,416.946397
0.525,171,417.032672
0.0,89,417.048878
0.81666666,66,417.050883
0.6638889,121,417.054893
0.76111114,86,417.164412
0.76666665,84,417.268835
0.57222223,154,417.275891
0.8138889,67,417.421229
0.0,66,417.497077
0.0,52,417.506958
0.7361111,95,417.57845
0.7111111,104,417.711787
0.0,2,417.717996
0.8666667,48,417.727018
0.0,43,417.790326
0.89166665,39,417.81495
0.84166664,57,417.872953
0.0,4,417.887111
0.0,13,417.977171
0.61388886,139,417.979205
0.8527778,53,418.109798
0.8666667,48,418.126912
0.8277778,62,418.197045
0.0,4,418.211776
0.0,57,418.336771
0.0,2,418.340487
0.725,99,418.365052
0.0,9,418.432313
0.49444443,182,418.452967
0.0,5,418.497043
0.0,30,418.574891
0.0,203,418.587087
0.73888886,94,418.687144
0.0,37,418.781276
0.0,99,418.785345
0.66944444,119,418.873231
0.85555553,52,418.881156
0.76111114,86,418.927101
0.0,46,419.072922
0.0,190,419.128428
0.6805556,115,419.15101
0.78333336,78,419.310668
0.88055557,43,419.401264
0.69722223,109,419.428957
0.0,7,419.496952
0.0,107,419.553137
0.80277777,71,419.719151
0.0,190,419.794063
0.8,72,419.80895
0.6472222,127,419.82842
0.8666667,48,419.997313
0.75555557,88,420.013009
0.48055556,187,420.134724
0.3638889,229,420.156797
0.64166665,129,420.225042
0.8138889,67,420.234511
0.875,45,420.2534
0.7916667,75,420.438897
0.82222223,64,420.516811
0.8472222,55,420.582921
0.80277777,71,420.613754
0.5972222,145,420.701611
0.0,25,420.710357
0.80833334,69,420.715126
0.0,2,420.721162
0.8888889,40,420.88376
0.64166665,129,421.01701
0.37777779,224,421.126764
0.0,112,421.243425
0.0,4,421.256756
0.7361111,95,421.258778
0.85833335,51,421.413594
0.0,34,421.494485
0.0,2,421.501477
0.84444445,56,421.608921
0.87222224,46,421.717196
0.60555553,142,421.719226
0.0,120,421.772876
0.0,12,421.85721
0.44722223,199,421.938887
0.0,41,422.008872
0.0,236,422.124995
0.69166666,111,422.179108
0.8833333,42,422.20411
0.0,100,422.20411
0.0,13,422.275906
0.0,11,422.343886
0.15277778,305,422.353285
0.0,48,422.43521
0.73333335,96,422.509091
0.0,27,422.511814
0.0,19,422.530633
0.0,39,422.687199
0.0,2,422.697456
0.0,67,422.707098
0.7416667,93,422.766765
0.81666666,66,422.871823
0.80277777,71,422.871823
0.0,22,422.873863
0.0,9,422.932778
0.6166667,138,422.992894
0.37222221,226,423.089173
0.0,51,423.204261
0.0,108,423.291247
0.65833336,123,423.394884
0.8,72,423.399704
0.0,2,423.403816
0.0,39,423.522448
0.0,26,423.584463
0.0,324,423.604222
0.55,162,423.766948
0.0,2,423.774118
0.0,175,423.840113
0.5833333,150,423.940824
0.78055555,79,423.944836
0.0,102,423.959697
0.76666665,84,424.032759
0.875,45,424.086963
0.0,2,424.092256
0.49722221,181,424.199555
0.0,2,424.204664
0.0,38,424.256164
0.0,148,424.351009
0.0,29,424.359167
0.67777777,116,424.416819
0.9138889,31,424.418864
0.775,81,424.53066
0.9,36,424.54123
0.6527778,125,424.618074
0.6166667,138,424.68468
0.0,33,424.726892
0.0,64,424.757114
0.0,26,424.839177
0.0,4,424.856917
0.5277778,170,424.884596
0.0,11,424.923061
0.85,54,424.927678
0.0,2,424.934647
0.0,5,424.952578
0.7083333,105,425.099098
0.0,6,425.120193
0.8388889,58,425.181306
0.7361111,95,425.224947
0.0,65,425.244773
0.86388886,49,425.395087
0.0,200,425.425474
0.85833335,51,425.467735
0.0,103,425.490735
0.35,234,425.648793
0.7722222,82,425.66396
0.0,46,425.675918
0.0,11,425.707099
0.8527778,53,425.707099
0.8194444,65,425.726978
0.62222224,136,425.911714
0.32222223,244,426.024381
0.8138889,67,426.039115
0.0,10,426.094057
0.75555557,88,426.175021
0.65555555,124,426.3186
0.6611111,122,426.363996
0.8361111,59,426.501929
0.68333334,114,426.511714
0.44722223,199,426.552908
0.0,118,426.651467
0.43055555,205,426.757026
0.0,70,426.876742
0.7916667,75,426.914248
0.6888889,112,426.928686
0.0,54,426.928686
0.675,117,426.930545
0.0,2,426.934562
0.74722224,91,426.992858
0.80833334,69,427.25238
0.0,70,427.25238
0.7777778,80,427.261614
0.0,2,427.268818
0.0,6,427.316199
0.0,12,427.31924
0.0,2,427.325288
0.66944444,119,427.336914
0.0,13,427.408821
0.0,145,427.62693
0.81666666,66,427.62693
0.0,2,427.632483
0.14166667,309,427.676901
0.8111111,68,427.763612
0.44444445,200,458.717051
0.62777776,134,458.771168
0.0,120,458.771168
0.0,63,458.839286
0.0,80,458.91758
0.0,2,458.927071
0.36666667,228,458.986908
0.9027778,35,458.998188
0.0,93,459.000657
0.0,43,459.062912
0.78055555,79,459.066922
0.8361111,59,459.08893
0.0,10,459.126775
0.87222224,46,459.136867
0.88611114,41,459.202924
0.0,58,459.338645
0.84166664,57,459.338645
0.0,43,459.372625
0.0,5,459.427242
0.88611114,41,459.44249
0.0,59,459.445634
0.84444445,56,459.445634
0.0,24,459.503588
0.76111114,86,459.511196
0.0,9,459.562352
0.0,10,459.571872
0.0,7,459.59709
0.7138889,103,459.674031
0.8833333,42,459.716938
0.8666667,48,459.725119
0.85833335,51,459.751757
0.0,16,459.803431
0.0,2,459.811161
0.0,44,459.814029
0.8111111,68,459.866413
0.0,6,459.886903
0.8833333,42,459.939681
0.725,99,459.955276
0.8361111,59,459.963365
0.8361111,59,460.069003
0.87222224,46,460.07791
0.84444445,56,460.148839
0.78333336,78,460.218851
0.0,4,460.235065
0.83055556,61,460.244
0.0,4,460.288228
0.83055556,61,460.288228
0.0,2,460.296252
0.8388889,58,460.303277
0.0,2,460.308808
0.8111111,68,460.354971
0.8611111,50,460.370709
0.84444445,56,460.381422
0.0,9,460.435807
0.8472222,55,460.463775
0.87222224,46,460.528991
0.8833333,42,460.593
0.89166665,39,460.598413
0.0,52,460.607001
0.87222224,46,460.687022
0.8833333,42,460.696842
0.88611114,41,460.77689
0.79444444,74,460.790928
0.87222224,46,460.912476
0.88611114,41,460.932484
0.0,22,461.048263
0.86388886,49,461.056796
0.8388889,58,461.109284
0.86388886,49,461.128886
0.8611111,50,461.171171
0.89166665,39,461.210846
0.9138889,31,461.26125
0.8277778,62,461.283142
0.0,16,461.393117
0.0,6,461.413512
0.89444447,38,461.41702
0.79444444,74,461.47411
0.86944443,47,461.603503
0.80277777,71,461.624264
0.89444447,38,461.676791
0.7277778,98,461.717157
0.0,13,461.776424
0.7361111,95,461.78048
0.86944443,47,461.799238
0.0,11,461.812868
0.9166667,30,461.819039
0.8277778,62,461.880124
0.0,9,461.887828
0.0,15,461.970701
0.89444447,38,461.974484
0.86388886,49,462.167042
0.83055556,61,462.170195
0.6111111,140,462.181236
0.86944443,47,462.194482
0.0,2,462.256874
0.0,19,462.286504
0.0,13,462.331167
0.73888886,94,462.361256
0.0,9,462.361256
0.7638889,85,462.41182
0.73333335,96,462.436455
0.0,4,462.501064
0.81666666,66,462.594019
0.0,2,462.600065
0.70555556,106,462.60321
0.0,2,462.675275
0.85555553,52,462.683169
0.89166665,39,462.701037
0.78333336,78,462.769092
0.8666667,48,462.866912
0.80833334,69,462.884912
0.90555555,34,462.897032
0.0,2,462.952978
0.0,2,462.959979
0.9138889,31,462.959979
0.86944443,47,463.032376
0.0,4,463.046617
0.0,62,463.103995
0.7222222,100,463.113364
0.0,2,463.118899
0.0,28,463.212341
0.0,30,463.274762
0.8527778,53,463.274762
0.85,54,463.277297
0.7777778,80,463.280199
0.0,6,463.328006
0.875,45,463.393299
0.7777778,80,463.401247
0.8888889,40,463.512475
0.0,21,463.561752
0.0,6,463.572793
0.85833335,51,463.592975
0.6666667,120,463.634637
0.875,45,463.656897
0.0,16,463.734661
0.7916667,75,463.743261
0.75,90,463.791185
0.0,10,463.796853
0.0,2,463.798878
0.0,2,463.804784
0.8888889,40,463.810076
0.84444445,56,463.87924
0.88055557,43,463.937116
0.84166664,57,463.942897
0.0,7,463.99472
0.90555555,34,464.002549
0.875,45,464.086473
0.8972222,37,464.103927
0.8194444,65,464.151256
0.0,8,464.158975
0.0,2,464.16974
0.0,49,464.276783
0.83055556,61,464.284614
0.8527778,53,464.289179
0.89444447,38,464.354194
0.7416667,93,464.360618
0.0,177,464.407053
0.0,7,464.41097
0.875,45,464.425112
0.8138889,67,464.446284
0.0,15,464.487223
0.9,36,464.503135
0.0,2,464.509372
0.90555555,34,464.5638
0.0,8,464.573573
0.85555553,52,464.580786
0.84444445,56,464.636317
0.86944443,47,464.697158
0.0,43,464.697158
0.0,20,464.710567
0.89166665,39,464.716929
0.0,38,464.782968
0.8277778,62,464.835016
0.0,9,464.839054
0.9027778,35,464.839054
0.9111111,32,464.914362
0.87222224,46,464.9393
0.0,2,464.972826
0.84166664,57,465.00506
0.0,39,465.056895
0.87777776,44,465.075246
0.8055556,70,465.118882
0.8611111,50,465.124926
0.0,4,465.133828
0.0,2,465.140905
0.7027778,107,465.199172
0.88611114,41,465.199172
0.0,2,465.20701
0.0,33,465.269204
0.84444445,56,465.33294
0.85555553,52,465.343602
0.8833333,42,465.349063
0.9111111,32,465.389426
0.0,12,465.402392
0.74444443,92,465.419015
0.88611114,41,465.500951
0.0,2,465.509241
0.9138889,31,465.569241
0.78333336,78,465.57701
0.8666667,48,465.639775
0.88055557,43,465.655151
0.82222223,64,465.71334
0.74722224,91,465.71334
0.79444444,74,465.738955
0.87777776,44,465.794809
0.8472222,55,465.799009
0.8388889,58,465.892954
0.86944443,47,465.892954
0.87222224,46,465.902917
0.85,54,465.991022
0.86388886,49,465.999067
0.875,45,466.049557
0.86388886,49,466.069228
0.0,14,466.156813
0.8611111,50,466.167953
0.7638889,85,466.169988
0.84166664,57,466.187243
0.825,63,466.249137
0.875,45,466.306767
0.0,55,466.319783
0.88611114,41,466.386903
0.0,39,466.390935
0.85833335,51,466.468715
0.86944443,47,466.48087
0.8833333,42,466.540948
0.73333335,96,466.56914
0.86388886,49,466.641884
0.85,54,466.698979
0.88055557,43,466.703287
0.9111111,32,466.715543
0.89166665,39,466.794821
0.8611111,50,466.806969
0.7722222,82,466.931585
0.88611114,41,466.939171
0.0,2,466.945191
0.83055556,61,466.948589
0.0,10,467.031802
0.83055556,61,467.087496
0.7916667,75,467.10482
0.0,51,467.10482
0.0,4,467.116994
0.0,6,467.166186
0.85,54,467.252045
0.7916667,75,467.254049
0.8472222,55,467.304336
0.86944443,47,467.308867
0.0,2,467.3116
0.88055557,43,467.318699
0.7138889,103,467.327985
0.9,36,467.443923
0.89444447,38,467.511597
0.0,48,467.589177
0.7638889,85,467.596784
0.7888889,76,467.601598
0.0,2,467.607072
0.0,4,467.609109
0.85,54,467.646901
0.82222223,64,467.648931
0.85833335,51,467.648931
0.9027778,35,467.667008
0.0,12,467.716848
0.90555555,34,467.804526
0.83055556,61,467.88023
0.8666667,48,467.884265
0.89444447,38,467.884265
0.875,45,467.886772
0.7777778,80,468.038794
0.8277778,62,468.047119
0.9111111,32,468.056936
0.0,8,468.141006
0.0,12,468.147022
0.8666667,48,468.192708
0.73333335,96,468.237109
0.79444444,74,468.264125
0.80277777,71,468.356138
0.9027778,35,468.404222
0.0,6,468.413399
0.0,2,468.413399
0.7888889,76,468.413399
0.87777776,44,468.416915
0.0,18,468.424645
0.87777776,44,468.433335
0.0,6,468.433335
0.0,13,468.493194
0.0,22,468.568779
0.84444445,56,468.580858
0.9,36,468.629001
0.88611114,41,468.719272
0.7361111,95,468.780338
0.78055555,79,468.850383
0.0,2,468.855439
0.875,45,468.892798
0.7777778,80,468.907296
0.0,61,468.917087
0.0,11,468.926948
0.0,28,469.021799
0.8527778,53,469.021799
0.0,23,469.029226
0.6888889,112,469.029226
0.7583333,87,469.080982
0.9027778,35,469.087888
0.84444445,56,469.092671
0.0,28,469.180273
0.0,4,469.225275
0.0,28,469.241796
0.88611114,41,469.247617
0.8888889,40,469.25163
0.8194444,65,469.307027
0.8833333,42,469.332983
0.84444445,56,469.397298
0.8833333,42,469.466078
0.875,45,469.526767
0.88055557,43,469.532022
0.7638889,85,469.532022
0.89444447,38,469.532022
0.0,46,469.542214
0.89444447,38,469.644603
0.8055556,70,469.760361
0.89444447,38,469.760361
0.88611114,41,469.763732
0.8666667,48,469.819057
0.8388889,58,469.880122
0.84166664,57,469.880122
0.81666666,66,469.880122
0.0,11,469.94614
0.9027778,35,469.969057
0.9,36,469.975069
0.8194444,65,470.02693
0.0,18,470.037232
0.8666667,48,470.09961
0.8833333,42,470.109687
0.8194444,65,470.15714
0.0,51,470.166133
0.0,42,470.23259
0.8972222,37,470.235733
0.0,18,470.256894
0.84444445,56,470.302144
0.875,45,470.371061
0.9166667,30,470.437061
0.0,15,470.44624
0.88055557,43,470.488451
0.0,2,470.493861
0.7777778,80,470.498454
0.8666667,48,470.502466
0.80833334,69,470.523084
0.0,2,470.557136
0.8972222,37,470.696677
0.79444444,74,470.736858
0.875,45,470.764981
0.6805556,115,470.798877
0.8472222,55,470.808916
0.0,10,470.829042
0.7888889,76,470.892807
0.8138889,67,470.897133
0.8333333,60,470.937227
0.0,4,470.943283
0.90555555,34,470.948809
0.9138889,31,470.954825
0.0,2,470.961821
0.0,2,470.968872
0.0,10,470.972105
0.8833333,42,471.041032
0.89444447,38,471.081134
0.8972222,37,471.122767
0.0,14,471.20694
0.0,36,471.236961
0.87222224,46,471.236961
0.86388886,49,471.242793
0.0,4,471.287133
0.8,72,505.130906
0.6944444,110,505.134915
0.76944447,83,505.197267
0.81666666,66,505.217032
0.8888889,40,505.279346
0.85,54,505.29258
0.8611111,50,505.30722
0.86944443,47,505.346981
0.875,45,505.425358
0.8833333,42,505.439311
0.9138889,31,505.439311
0.875,45,505.496802
0.0,9,505.503185
0.89166665,39,505.514703
0.8972222,37,505.554739
0.0,2,505.564407
0.89444447,38,505.574304
0.7888889,76,505.590823
0.88611114,41,505.661011
0.89444447,38,505.667067
0.89444447,38,505.722573
0.88611114,41,505.739033
0.91944444,29,505.777889
0.90555555,34,505.782192
0.88055557,43,505.789747
0.0,4,505.798448
0.9138889,31,505.88095
0.8888889,40,505.929636
0.8138889,67,505.958583
0.90555555,34,505.964633
0.0,4,506.012518
0.875,45,506.014523
0.8972222,37,506.045138
0.0,11,506.056796
0.88055557,43,506.060834
0.9138889,31,506.13288
0.0,4,506.150465
0.88055557,43,506.201171
0.89444447,38,506.285994
0.8972222,37,506.285994
0.78055555,79,506.295851
0.89444447,38,506.396799
0.88055557,43,506.405121
0.875,45,506.424494
0.88611114,41,506.508811
0.90833336,33,506.586248
0.0,7,506.610881
0.8333333,60,506.623614
0.9138889,31,506.667162
0.85555553,52,506.761835
0.8194444,65,506.772966
0.82222223,64,506.775529
0.8666667,48,506.837201
0.8194444,65,506.84399
0.0,2,506.84399
0.8972222,37,506.847
0.87222224,46,506.929208
0.9166667,30,506.978835
0.90833336,33,506.986907
0.9111111,32,507.069952
0.9111111,32,507.069952
0.9138889,31,507.069952
0.8277778,62,507.0772
0.8611111,50,507.080794
0.8833333,42,507.221814
0.9,36,507.229176
0.89166665,39,507.233354
0.9111111,32,507.252958
0.9,36,507.31681
0.87222224,46,507.400977
0.91944444,29,507.430517
0.9027778,35,507.502295
0.9166667,30,507.502295
0.0,4,507.512992
0.8194444,65,507.519274
0.875,45,507.577021
0.90555555,34,507.583544
0.80833334,69,507.585982
0.9138889,31,507.608281
0.9166667,30,507.697066
0.0,2,507.707104
0.91944444,29,507.770373
0.9027778,35,507.770373
0.9111111,32,507.786276
0.8833333,42,507.858906
0.89166665,39,507.858906
0.8888889,40,507.939692
0.9027778,35,507.969335
0.91944444,29,508.051201
0.9027778,35,508.056474
0.83055556,61,508.056474
0.9,36,508.058975
0.91944444,29,508.07204
0.90555555,34,508.137473
0.9166667,30,508.152536
0.90833336,33,508.240998
0.9138889,31,508.264405
0.90555555,34,508.318881
0.9138889,31,508.330039
0.9,36,508.330039
0.9166667,30,508.350586
0.8888889,40,508.355611
0.91944444,29,508.366824
0.90555555,34,508.471082
0.0,26,508.501961
0.90555555,34,508.542719
0.8972222,37,508.542719
0.8888889,40,508.544723
0.9138889,31,508.544723
0.9166667,30,508.559383
0.875,45,508.624703
0.0,10,508.624703
0.89444447,38,508.715019
0.91944444,29,508.719087
0.0,4,508.733129
0.9111111,32,508.740614
0.90833336,33,508.784989
0.88055557,43,508.802056
0.9027778,35,508.811027
0.8666667,48,508.846869
0.88611114,41,508.86109
0.8972222,37,508.923437
0.0,33,508.926946
0.0,2,508.931129
0.9027778,35,508.945889
0.90555555,34,509.018344
0.8972222,37,509.062484
0.89444447,38,509.071971
0.0,2,509.085416
0.89444447,38,509.092987
0.9138889,31,509.116978
0.8388889,58,509.145408
0.8972222,37,509.16684
0.8833333,42,509.23369
0.90555555,34,509.236861
0.9166667,30,509.256962
0.9,36,509.291917
0.9111111,32,509.304492
0.9027778,35,509.324636
0.8888889,40,509.419228
0.86388886,49,509.457179
0.89166665,39,509.483768
0.9111111,32,509.487285
0.9138889,31,509.499139
0.87222224,46,509.56568
0.0,5,509.569208
0.875,45,509.588254
0.9,36,509.595018
0.90555555,34,509.678502
0.9166667,30,509.727101
0.89444447,38,509.731111
0.90555555,34,509.737355
0.87777776,44,509.886894
0.89444447,38,509.89513
0.8388889,58,509.950258
0.89166665,39,510.007785
0.80277777,71,510.094942
0.0,2,510.102556
0.8472222,55,510.119324
0.8,72,510.123865
0.9027778,35,510.183834
0.0,10,510.183834
0.90833336,33,510.18686
0.0,2,510.19717
0.80833334,69,510.209066
0.8972222,37,510.244395
0.0,22,510.248924
0.9027778,35,510.260981
0.91944444,29,510.35431
0.89444447,38,510.35431
0.9138889,31,510.419228
0.9111111,32,510.428812
0.0,2,510.435874
0.90555555,34,510.469213
0.89166665,39,510.469213
0.8888889,40,510.502568
0.90833336,33,510.561325
0.0,2,510.566846
0.9027778,35,510.566846
0.9166667,30,510.630297
0.88611114,41,510.657246
0.9,36,510.684034
0.89166665,39,510.691768
0.0,10,510.698815
0.9138889,31,510.703106
0.76666665,84,510.705653
0.91944444,29,510.764926
0.0,8,510.792259
0.88611114,41,510.834874
0.9027778,35,510.86462
0.9166667,30,510.869169
0.89166665,39,510.930976
0.89444447,38,510.933984
0.88055557,43,510.937313
0.8888889,40,510.948943
0.8972222,37,511.033781
0.90555555,34,511.038833
0.90555555,34,511.077255
0.9,36,511.081037
0.9166667,30,511.08407
0.90833336,33,511.140185
0.0,6,511.194509
0.875,45,511.205745
0.9138889,31,511.21686
0.8611111,50,511.21686
0.89444447,38,511.273506
0.9138889,31,511.296047
0.88055557,43,511.389264
0.9111111,32,511.43914
0.85,54,511.447159
0.9111111,32,511.450688
0.8888889,40,511.45543
0.87222224,46,511.523392
0.88611114,41,511.526903
0.8833333,42,511.547136
0.0,2,511.586178
0.9111111,32,511.654675
0.9111111,32,511.65718
0.9,36,511.663209
0.8472222,55,511.731076
0.86388886,49,511.731076
0.9111111,32,511.733869
0.8972222,37,511.753871
0.9111111,32,511.756885
0.90833336,33,511.843124
0.89444447,38,511.853545
0.8972222,37,511.921982
0.89166665,39,511.926729
0.8361111,59,511.948113
0.85833335,51,511.995198
0.8611111,50,512.015128
0.9138889,31,512.015128
0.86944443,47,512.08908
0.90555555,34,512.131999
0.81666666,66,512.137908
0.875,45,512.191796
0.8833333,42,512.229527
0.8611111,50,512.267886
0.90555555,34,512.301348
0.8666667,48,512.303358
0.9027778,35,512.345052
0.85833335,51,512.345052
0.9027778,35,512.34909
0.0,12,512.37713
0.9027778,35,512.380416
0.9111111,32,512.444366
0.8972222,37,512.448929
0.0,24,512.491521
0.91944444,29,512.504097
0.8833333,42,512.575384
0.91944444,29,512.580955
0.89444447,38,512.647125
0.9027778,35,512.680383
0.90833336,33,512.72321
0.8666667,48,512.741712
0.9111111,32,512.810801
0.8361111,59,512.866199
0.8666667,48,512.888868
0.9166667,30,512.888868
0.86388886,49,512.888868
0.74722224,91,512.903067
0.90555555,34,512.947049
0.0,13,512.951078
0.91944444,29,513.012221
0.8833333,42,513.020196
0.90833336,33,513.103151
0.9027778,35,513.139415
0.88055557,43,513.197129
0.8972222,37,513.232107
0.8666667,48,513.238112
0.0,5,513.238112
0.0,15,513.26105
0.0,9,513.300212
0.8666667,48,513.304449
0.8888889,40,513.314044
0.9,36,513.372113
0.90833336,33,513.441812
0.9027778,35,513.441812
0.8277778,62,513.455539
0.91944444,29,513.464316
0.90555555,34,513.466824
0.90555555,34,513.526831
0.9138889,31,513.544108
0.86388886,49,513.59705
0.0,2,513.60486
0.90555555,34,513.627232
0.90555555,34,513.667048
0.88055557,43,513.683169
0.88055557,43,513.751195
0.8888889,40,513.765297
0.8666667,48,513.765297
0.8972222,37,513.82944
0.9027778,35,513.905081
0.86388886,49,513.957252
0.9166667,30,513.962224
0.9138889,31,513.965098
0.86944443,47,513.965098
0.8138889,67,513.969126
0.86388886,49,514.037256
0.87777776,44,514.094672
0.9027778,35,514.117197
0.91944444,29,514.12198
0.90555555,34,514.134168
0.8972222,37,514.212564
0.87777776,44,514.236897
0.9027778,35,514.288968
0.90833336,33,514.372165
0.9027778,35,514.381022
0.9111111,32,514.381022
0.825,63,514.381022
0.86944443,47,514.434105
0.88611114,41,514.466825
0.9138889,31,514.475869
0.875,45,514.533885
0.9138889,31,514.551289
0.9138889,31,514.610998
0.8972222,37,514.632231
0.86388886,49,514.728833
0.89166665,39,514.776908
0.89444447,38,514.7988
0.8388889,58,514.804985
0.85555553,52,514.843352
0.87777776,44,514.864581
0.87777776,44,514.94928
0.85555553,52,514.954726
0.88611114,41,515.008951
0.8888889,40,515.027013
0.90555555,34,515.039948
0.9,36,515.082825
0.86388886,49,515.127201
0.8888889,40,515.132
0.8972222,37,515.188858
0.9,36,515.193341
0.90555555,34,515.209059
0.9166667,30,515.253864
0.89166665,39,515.273793
0.89444447,38,515.422361
0.8888889,40,515.426875
0.8611111,50,515.428902
0.89166665,39,515.444424
0.90833336,33,515.456888
0.0,6,515.532795
0.86944443,47,515.54679
0.85555553,52,515.54679
0.8888889,40,515.586839
0.0,4,515.59906
0.9111111,32,515.614546
0.90833336,33,515.623584
0.89444447,38,515.662992
0.0,16,515.683022
0.8888889,40,515.692501
0.9166667,30,515.733155
0.9027778,35,515.741562
0.9,36,515.768108
0.0,21,515.774414
0.88611114,41,515.865129
0.9,36,515.886837
0.9138889,31,515.892321
0.8666667,48,515.896329
0.9027778,35,515.945445
0.8833333,42,515.952491
0.89166665,39,516.013638
0.8833333,42,516.017155
0.0,2,516.022411
0.90555555,34,516.075061
0.90555555,34,516.094557
0.90833336,33,516.101091
0.9111111,32,516.145597
0.90555555,34,516.219026
0.8611111,50,516.219026
0.0,2,516.226911
0.90555555,34,516.231276
0.0,25,516.244285
0.91944444,29,516.293458
0.8833333,42,516.311379
0.9111111,32,516.321633
0.7888889,76,516.430999
0.0,11,516.441931
0.0,4,516.486451
0.9027778,35,516.488968
0.9,36,516.498865
0.9027778,35,516.509069
0.87777776,44,516.513727
0.9027778,35,516.572204
0.9111111,32,516.662139
0.8388889,58,516.66912
0.9166667,30,516.701186
0.91944444,29,516.705318
0.0,6,516.722439
0.87777776,44,516.732985
0.90555555,34,516.783911
0.85,54,516.792735
0.8333333,60,516.794739
0.9166667,30,516.861146
0.90833336,33,516.862885
0.9,36,516.913246
0.9138889,31,516.946789
0.89444447,38,516.989165
0.88055557,43,516.993176
0.8972222,37,517.013135
0.88055557,43,517.062655
0.0,2,517.069197
0.90555555,34,517.069197
0.90555555,34,517.072002
0.9111111,32,517.163956
0.90833336,33,517.163956
0.88055557,43,517.221202
0.83055556,61,517.281133
0.88611114,41,517.302794
0.8666667,48,517.302794
0.86944443,47,517.350278
0.87222224,46,517.350278
0.90555555,34,517.369651
0.90555555,34,517.369651
0.87222224,46,517.512535
0.8888889,40,517.519558
0.0,2,517.519558
0.90555555,34,517.52157
0.0,33,517.538231
0.90555555,34,517.569246
0.87222224,46,517.590575
0.9027778,35,517.594586
0.0,2,517.59709
0.8972222,37,517.602491
0.91944444,29,517.680894
0.0,14,517.684669
0.9027778,35,517.731332
0.0,20,517.731332
0.9138889,31,517.740167
0.8888889,40,517.751216
0.8833333,42,517.86099
0.90555555,34,517.86099
0.0,2,517.88164
0.90833336,33,517.955788
0.91944444,29,517.998258
0.90833336,33,518.004112
0.89166665,39,518.004112
0.89444447,38,518.105072
0.89444447,38,518.161102
0.90555555,34,518.171425
0.89166665,39,518.196838
0.0,10,518.196838
0.0,4,518.237557
0.9166667,30,518.237557
0.9111111,32,518.259499
0.8972222,37,518.298759
0.0,2,518.305433
0.88611114,41,518.332438
0.8666667,48,518.371822
0.89444447,38,518.454939
0.89444447,38,518.454939
0.0,19,518.471498
0.85,54,518.47351
0.84444445,56,518.537254
0.83055556,61,556.126834
0.8388889,58,556.194449
0.80277777,71,556.244213
0.8888889,40,556.272174
0.8472222,55,556.278911
0.85833335,51,556.308865
0.8194444,65,556.337196
0.825,63,556.343234
0.89166665,39,556.379092
0.89166665,39,556.442617
0.8972222,37,556.553374
0.9,36,556.622045
0.84444445,56,556.641363
0.85555553,52,556.698872
0.7888889,76,556.714654
0.8833333,42,556.714654
0.83055556,61,556.743481
0.7861111,77,556.792493
0.87777776,44,556.810948
0.8833333,42,556.904094
0.85833335,51,556.913215
0.8888889,40,556.924007
0.89166665,39,556.92904
0.88611114,41,556.936184
0.89444447,38,556.97175
0.8833333,42,557.009205
0.8972222,37,557.013213
0.90833336,33,557.083175
0.8972222,37,557.155388
0.89166665,39,557.205766
0.8611111,50,557.214817
0.875,45,557.220767
0.89444447,38,557.265167
0.8388889,58,557.293008
0.8611111,50,557.30465
0.8833333,42,557.351124
0.8833333,42,557.412256
0.8888889,40,557.470802
0.88055557,43,557.477083
0.9,36,557.51548
0.8666667,48,557.57329
0.90833336,33,557.613848
0.80277777,71,557.659663
0.8527778,53,557.689055
0.8361111,59,557.692075
0.8666667,48,557.780863
0.88611114,41,557.800855
0.8361111,59,557.853414
0.8388889,58,557.871151
0.8972222,37,557.894575
0.86388886,49,557.938935
0.8666667,48,557.958751
0.875,45,557.975744
0.8888889,40,558.05463
0.8611111,50,558.109183
0.89444447,38,558.109183
0.89166665,39,558.133595
0.9,36,558.184991
0.87222224,46,558.212998
0.8833333,42,558.212998
0.87222224,46,558.277298
0.86388886,49,558.357255
0.86388886,49,558.402078
0.87777776,44,558.417041
0.9166667,30,558.426976
0.86944443,47,558.488622
0.8666667,48,558.492674
0.8194444,65,558.541143
0.85833335,51,558.662039
0.87777776,44,558.671768
0.875,45,558.685313
0.8361111,59,558.738882
0.88055557,43,558.738882
0.69722223,109,558.742696
0.86944443,47,558.756895
0.87777776,44,558.76296
0.875,45,558.930957
0.8611111,50,558.937703
0.86388886,49,558.954056
0.87777776,44,558.959102
0.875,45,559.019473
0.87777776,44,559.031766
0.87777776,44,559.040603
0.85555553,52,559.044214
0.9,36,559.152076
0.88055557,43,559.178936
0.88055557,43,559.230882
0.89444447,38,559.230882
0.88611114,41,559.248801
0.85833335,51,559.31502
0.8388889,58,559.327051
0.85833335,51,559.334588
0.90833336,33,559.396067
0.8388889,58,559.505034
0.875,45,559.550997
0.9027778,35,559.579242
0.8527778,53,559.585254
0.8666667,48,559.585254
0.8888889,40,559.589587
0.88055557,43,559.699236
0.8194444,65,559.717134
0.87222224,46,559.835437
0.86388886,49,559.835437
0.89444447,38,559.83898
0.88611114,41,559.861162
0.875,45,559.86928
0.875,45,559.987147
0.87777776,44,560.057148
0.91944444,29,560.059183
0.9138889,31,560.077252
0.9,36,560.131973
0.89166665,39,560.145139
0.86388886,49,560.225975
0.9027778,35,560.305468
0.8972222,37,560.316802
0.8666667,48,560.336932
0.9027778,35,560.395393
0.8611111,50,560.463016
0.8972222,37,560.484876
0.8472222,55,560.484876
0.62222224,136,560.567146
0.89166665,39,560.631091
0.8666667,48,560.635133
0.90833336,33,560.654339
0.8388889,58,560.707472
0.85833335,51,560.714915
0.8972222,37,560.723038
0.88611114,41,560.854043
0.8527778,53,560.854789
0.8888889,40,560.854789
0.9,36,560.91167
0.8055556,70,560.913674
0.8972222,37,560.922098
0.875,45,560.984121
0.8361111,59,560.99343
0.8972222,37,561.114672
0.88055557,43,561.167068
0.84444445,56,561.177321
0.8388889,58,561.185119
0.83055556,61,561.200937
0.85833335,51,561.213083
0.8361111,59,561.31793
0.90555555,34,561.373644
0.8666667,48,561.387383
0.88611114,41,561.441545
0.875,45,561.447095
0.85,54,561.530341
0.7277778,98,561.548951
0.78333336,78,561.605381
0.8611111,50,561.605381
0.89444447,38,561.612286
0.8972222,37,561.660906
0.85833335,51,561.66748
0.88611114,41,561.677335
0.8972222,37,561.737794
0.8972222,37,561.759083
0.9166667,30,561.830113
0.88611114,41,561.833186
0.8527778,53,561.9793
0.8666667,48,561.988353
0.875,45,562.086938
0.9027778,35,562.091689
0.8194444,65,562.129023
0.8888889,40,562.141843
0.825,63,562.162936
0.8972222,37,562.2215
0.73055553,97,562.238987
0.86944443,47,562.254063
0.88611114,41,562.357238
0.8833333,42,562.364095
0.8833333,42,562.379246
0.8666667,48,562.443679
0.87222224,46,562.456992
0.9,36,562.485213
0.88055557,43,562.537152
0.8666667,48,562.539331
0.875,45,562.631374
0.9111111,32,562.640929
0.875,45,562.672532
0.84444445,56,562.74946
0.8972222,37,562.756873
0.89166665,39,562.760944
0.8666667,48,562.762949
0.84166664,57,562.837038
0.88611114,41,562.907093
0.9138889,31,562.935224
0.85,54,562.988391
0.8888889,40,563.004332
0.8527778,53,563.064842
0.8111111,68,563.06918
0.8333333,60,563.138898
0.875,45,563.19684
0.85,54,563.198869
0.88055557,43,563.212168
0.88055557,43,563.227007
0.88611114,41,563.269898
0.8833333,42,563.334905
0.86388886,49,563.370266
0.9,36,563.417372
0.9,36,563.421409
0.8833333,42,563.478933
0.88611114,41,563.509023
0.87222224,46,563.514896
0.9027778,35,563.626972
0.90833336,33,563.639627
0.86388886,49,563.67423
0.7416667,93,563.748802
0.85,54,563.76692
0.8972222,37,563.776437
0.8527778,53,563.828916
0.8527778,53,563.882993
0.86944443,47,563.901906
0.88611114,41,563.901906
0.86388886,49,563.945887
0.89166665,39,563.963991
0.0,2,563.970796
0.88611114,41,564.027108
0.87222224,46,564.032055
0.8972222,37,564.034136
0.9,36,564.089836
0.90833336,33,564.099139
0.8611111,50,564.187042
0.87222224,46,564.189064
0.88055557,43,564.286905
0.87222224,46,564.295697
0.8527778,53,564.310179
0.87777776,44,564.314224
0.8277778,62,564.314224
0.90555555,34,564.376929
0.85833335,51,564.376929
0.85833335,51,564.477093
0.88611114,41,564.499971
0.87222224,46,564.589287
0.8666667,48,564.595301
0.8888889,40,564.602444
0.85,54,564.642246
0.82222223,64,564.659035
0.8527778,53,564.70617
0.87222224,46,564.811821
0.90555555,34,564.813827
0.9,36,564.827213
0.84166664,57,564.829236
0.8666667,48,564.901128
0.88055557,43,564.947061
0.8472222,55,564.965043
0.87777776,44,565.057072
0.8277778,62,565.06537
0.88611114,41,565.066875
0.84166664,57,565.136266
0.9027778,35,565.158872
0.8111111,68,565.217989
0.84444445,56,565.235239
0.87777776,44,565.302162
0.87222224,46,565.302162
0.87777776,44,565.30521
0.78055555,79,565.365399
0.8833333,42,565.382272
0.875,45,565.518658
0.85,54,565.518658
0.8833333,42,565.524817
0.90833336,33,565.534955
0.90833336,33,565.534955
0.8972222,37,565.576821
0.86944443,47,565.67071
0.8527778,53,565.683303
0.8972222,37,565.732942
0.87777776,44,565.747129
0.85833335,51,565.801892
0.85833335,51,565.820934
0.8666667,48,565.857228
0.8527778,53,565.857228
0.85833335,51,565.957265
0.8666667,48,565.963328
0.9111111,32,565.998278
0.88055557,43,566.011189
0.85555553,52,566.024112
0.8833333,42,566.077138
0.8833333,42,566.083927
0.88055557,43,566.087576
0.9,36,566.168692
0.9027778,35,566.205277
0.8833333,42,566.224236
0.89444447,38,566.241788
0.9027778,35,566.297068
0.86388886,49,566.300564
0.9,36,566.304583
0.86388886,49,566.366226
0.87222224,46,566.461819
0.8833333,42,566.463825
0.9027778,35,566.51212
0.88055557,43,566.516129
0.8361111,59,566.525335
0.86944443,47,566.578374
0.87777776,44,566.641073
0.8361111,59,566.664497
0.90555555,34,566.679328
0.9,36,566.682219
0.89444447,38,566.749718
0.88611114,41,566.763088
0.87777776,44,566.811877
0.8611111,50,566.886835
0.8888889,40,566.936863
0.86944443,47,566.95364
0.90555555,34,566.966886
0.86388886,49,567.031091
0.8333333,60,567.038933
0.86388886,49,567.093877
0.90555555,34,567.110906
0.85833335,51,567.180986
0.7416667,93,567.182994
0.88055557,43,567.223895
0.8888889,40,567.230161
0.8972222,37,567.26715
0.88055557,43,567.311086
0.875,45,567.398029
0.8388889,58,567.455043
0.88611114,41,567.464531
0.87777776,44,567.464531
0.87222224,46,567.476848
0.8388889,58,567.535665
0.87222224,46,567.542088
0.8666667,48,567.626805
0.9,36,567.661694
0.9138889,31,567.675794
0.8972222,37,567.745201
0.87777776,44,567.785696
0.8833333,42,567.851775
0.90555555,34,567.852499
0.8888889,40,567.852499
0.90833336,33,567.868851
0.88055557,43,567.935713
0.7888889,76,567.950205
0.89444447,38,567.988891
0.89166665,39,568.001023
0.90833336,33,568.020531
0.89444447,38,568.06885
0.87222224,46,568.094931
0.87222224,46,568.161136
0.88611114,41,568.191252
0.90555555,34,568.272791
0.8611111,50,568.333033
0.85555553,52,568.351964
0.8611111,50,568.358841
0.8888889,40,568.358841
0.90833336,33,568.360346
0.86944443,47,568.479099
0.8833333,42,568.48977
0.9027778,35,568.511183
0.88611114,41,568.574801
0.89166665,39,568.601723
0.89166665,39,568.606514
0.85833335,51,568.695423
0.85,54,568.698961
0.87222224,46,604.4246
0.85833335,51,604.462036
0.8361111,59,604.560952
0.85555553,52,604.568852
0.8194444,65,604.631745
0.8194444,65,604.698906
0.73333335,96,604.724699
0.73888886,94,604.842636
0.83055556,61,604.89124
0.82222223,64,604.90889
0.73333335,96,605.000559
0.85,54,605.06724
0.86388886,49,605.183721
0.60833335,141,605.211634
0.6888889,112,605.300882
0.71666664,102,605.343899
0.76666665,84,605.413623
0.8138889,67,605.524315
0.8388889,58,605.597176
0.75,90,605.604722
0.88055557,43,605.681188
0.6611111,122,605.702183
0.7416667,93,605.831123
0.875,45,605.83919
0.75,90,605.899622
0.7027778,107,605.993034
0.8666667,48,605.999153
0.8388889,58,606.046169
0.7916667,75,606.059951
0.8527778,53,606.152862
0.82222223,64,606.248759
0.8,72,606.329772
0.82222223,64,606.40096
0.8277778,62,606.416111
0.5888889,148,606.421252
0.8,72,606.433153
0.69722223,109,606.665048
0.82222223,64,606.743185
0.8055556,70,606.75249
0.7416667,93,606.75249
0.7,108,606.75701
0.7888889,76,606.826615
0.69166666,111,607.019007
0.875,45,607.019007
0.62777776,134,607.084691
0.7138889,103,607.247258
0.75555557,88,607.253291
0.87222224,46,607.26096
0.74444443,92,607.264425
0.75555557,88,607.320864
0.81666666,66,607.394144
0.85555553,52,607.554811
0.59444445,146,607.561502
0.8527778,53,607.564433
0.84444445,56,607.60719
0.0,4,607.618932
0.80833334,69,607.635731
0.8472222,55,607.635731
0.6944444,110,607.699211
0.8138889,67,607.786067
0.8527778,53,607.894619
0.8194444,65,607.970455
0.84166664,57,607.983706
0.82222223,64,608.033542
0.7583333,87,608.058933
0.85555553,52,608.095616
0.7638889,85,608.116853
0.85833335,51,608.181879
0.85833335,51,608.254837
0.86388886,49,608.264478
0.7277778,98,608.270536
0.85833335,51,608.553098
0.7972222,73,608.563384
0.86388886,49,608.638383
0.8527778,53,608.654078
0.775,81,608.70023
0.80277777,71,608.789104
0.67777777,116,608.793116
0.84444445,56,608.899595
0.64166665,129,608.916821
0.87222224,46,608.962974
0.8194444,65,609.055655
0.7583333,87,609.112831
0.7583333,87,609.17214
0.87222224,46,609.181187
0.8194444,65,609.183191
0.7777778,80,609.411234
0.85,54,609.488355
0.7638889,85,609.569753
0.6333333,132,609.585763
0.8111111,68,609.589293
0.6805556,115,609.636984
0.7222222,100,609.757298
0.675,117,609.781617
0.825,63,609.920823
0.8194444,65,609.957143
0.7722222,82,610.006855
0.7777778,80,610.021422
0.85,54,610.033049
0.71944445,101,610.079368
0.68333334,114,610.08621
0.85,54,610.089238
0.875,45,610.172606
0.85555553,52,610.314775
0.8055556,70,610.582812
0.68333334,114,610.649016
0.70555556,106,610.667215
0.71666664,102,610.677129
0.8194444,65,610.71085
0.675,117,610.721251
0.7,108,610.727085
0.6861111,113,610.737122
0.87222224,46,610.931138
0.89166665,39,610.934657
0.85,54,611.005626
0.80277777,71,611.069366
0.775,81,611.076414
0.7972222,73,611.159898
0.8888889,40,611.169286
0.7361111,95,611.273085
0.89166665,39,611.293229
0.85555553,52,611.367124
0.6611111,122,611.420949
0.76666665,84,611.511222
0.82222223,64,611.599875
0.76944447,83,611.678897
0.8138889,67,611.684648
0.65833336,123,611.687251
0.825,63,611.753108
0.8,72,611.9213
0.825,63,611.943321
0.86944443,47,612.005121
0.65833336,123,612.088894
0.73333335,96,612.190109
0.7888889,76,612.190109
0.75555557,88,612.311061
0.81666666,66,612.315075
0.7972222,73,612.317081
0.69722223,109,612.339661
0.8611111,50,612.375435
0.7722222,82,612.457011
0.8527778,53,612.467018
0.8833333,42,612.543977
0.80833334,69,612.55249
0.8361111,59,612.675139
0.80833334,69,612.765605
0.8388889,58,612.820992
0.7916667,75,612.823839
0.86388886,49,612.885802
0.7277778,98,612.903501
0.8333333,60,612.924944
0.825,63,613.047117
0.85,54,613.132013
0.78055555,79,613.232904
0.63611114,131,613.246924
0.76944447,83,613.297206
0.8055556,70,613.297206
0.7888889,76,613.363374
0.84166664,57,613.489113
0.76666665,84,613.564538
0.6638889,121,613.612616
0.8972222,37,613.702556
0.78333336,78,613.735188
0.79444444,74,613.746943
0.8138889,67,613.767918
0.74444443,92,613.778694
0.8666667,48,613.869204
0.675,117,613.985758
0.8333333,60,614.07924
0.8527778,53,614.07924
0.74444443,92,614.082989
0.7916667,75,614.114203
0.84444445,56,614.188014
0.7777778,80,614.207041
0.775,81,614.271063
0.89166665,39,614.324081
0.88055557,43,614.341814
0.8361111,59,614.502934
0.71666664,102,614.614405
0.7277778,98,614.673743
0.80833334,69,614.795173
0.87222224,46,614.802688
0.76944447,83,614.855262
0.69166666,111,614.921187
0.7138889,103,614.93048
0.675,117,614.949082
0.8611111,50,615.068851
0.8138889,67,615.068851
0.8333333,60,615.128939
0.9,36,615.14185
0.85,54,615.222209
0.68333334,114,615.304031
0.8,72,615.339277
0.8472222,55,615.446858
0.84444445,56,615.454046
0.6638889,121,615.57905
0.84444445,56,615.583287
0.8055556,70,615.58882
0.85555553,52,615.653851
0.88055557,43,615.719054
0.86388886,49,615.747236
0.89444447,38,615.817939
0.7722222,82,615.829181
0.64444447,128,615.92964
0.8388889,58,615.933455
0.80277777,71,616.00981
0.8472222,55,616.016812
0.86944443,47,616.103281
0.7277778,98,616.22927
0.84444445,56,616.237111
0.85833335,51,616.30124
0.7222222,100,616.303979
0.7138889,103,616.400903
0.73333335,96,616.472266
0.85,54,616.535614
0.7416667,93,616.552025
0.87222224,46,616.562679
0.76111114,86,616.572796
0.825,63,650.540051
0.82222223,64,650.615509
0.85833335,51,650.622133
0.8611111,50,650.699042
0.89166665,39,650.76886
0.85555553,52,650.784182
0.8527778,53,650.838857
0.7888889,76,650.935505
0.89166665,39,651.009925
0.8611111,50,651.009925
0.8138889,67,651.016815
0.73333335,96,651.078387
0.7861111,77,651.084408
0.8527778,53,651.132357
0.875,45,651.263596
0.825,63,651.273231
0.87222224,46,651.338927
0.8333333,60,651.351347
0.82222223,64,651.35692
0.73888886,94,651.391997
0.8333333,60,651.419258
0.8388889,58,651.429209
0.8888889,40,651.4989
0.87777776,44,651.4989
0.90833336,33,651.557798
0.85833335,51,651.651911
0.8194444,65,651.807106
0.7638889,85,651.82386
0.84444445,56,651.835522
0.8666667,48,651.835522
0.80277777,71,651.848713
0.8194444,65,651.903305
0.71666664,102,651.985002
0.89166665,39,652.057118
0.7972222,73,652.105332
0.87777776,44,652.122196
0.8333333,60,652.173954
0.8666667,48,652.183344
0.85,54,652.183344
0.8333333,60,652.192307
0.85833335,51,652.267561
0.86944443,47,652.339382
0.85833335,51,652.41155
0.8666667,48,652.462895
0.8194444,65,652.465609
0.85555553,52,652.485129
0.8194444,65,652.555928
0.89166665,39,652.561121
0.7916667,75,652.614599
0.8388889,58,652.625687
0.9,36,652.691268
0.8472222,55,652.744885
0.85555553,52,652.821031
0.8611111,50,652.852816
0.80277777,71,652.905329
0.8472222,55,652.935833
0.8972222,37,652.976975
0.80277777,71,653.006835
0.8388889,58,653.059456
0.9138889,31,653.079639
0.875,45,653.121332
0.7722222,82,653.149494
0.875,45,653.230261
0.86944443,47,653.302631
0.8,72,653.312946
0.8277778,62,653.36322
0.84166664,57,653.453587
0.8138889,67,653.456986
0.8111111,68,653.519215
0.81666666,66,653.535274
0.87777776,44,653.579201
0.86388886,49,653.652085
0.7972222,73,653.665935
0.83055556,61,653.711218
0.8833333,42,653.730091
0.9,36,653.806986
0.8611111,50,653.821192
0.825,63,653.866247
0.7583333,87,654.053448
0.81666666,66,654.064451
0.80277777,71,654.070486
0.7888889,76,654.141523
0.8138889,67,654.153251
0.80277777,71,654.236182
0.8666667,48,654.345311
0.65,126,654.354767
0.8972222,37,654.387442
0.8333333,60,654.39491
0.84166664,57,654.39747
0.7111111,104,654.401151
0.90833336,33,654.535658
0.8333333,60,654.547188
0.78333336,78,654.586826
0.8888889,40,654.609154
0.8333333,60,654.732335
0.86944443,47,654.82454
0.75277776,89,654.902232
0.7888889,76,655.023279
0.8333333,60,655.096855
0.76111114,86,655.098881
0.6527778,125,655.110121
0.8666667,48,655.110121
0.63055557,133,655.11787
0.75555557,88,655.155066
0.8472222,55,655.235437
0.87777776,44,655.359565
0.8333333,60,655.37214
0.87777776,44,655.37214
0.85833335,51,655.437227
0.85833335,51,655.449768
0.86388886,49,655.516136
0.78055555,79,655.586931
0.87222224,46,655.654249
0.89444447,38,655.66909
0.85833335,51,655.672126
0.7111111,104,655.690942
0.825,63,655.739214
0.84444445,56,655.787151
0.88055557,43,655.874128
0.8111111,68,655.943052
0.89166665,39,655.996447
0.85833335,51,656.019287
0.8277778,62,656.07357
0.89444447,38,656.104027
0.825,63,656.15633
0.8388889,58,656.310023
0.84444445,56,656.324826
0.7222222,100,656.376888
0.8388889,58,656.38288
0.675,117,656.391574
0.76666665,84,656.415855
0.84444445,56,656.459992
0.7888889,76,656.528327
0.8833333,42,656.537023
0.8833333,42,656.608887
0.8611111,50,656.662244
0.89166665,39,656.666843
0.8388889,58,656.721006
0.8472222,55,656.731251
0.75,90,656.81919
0.8666667,48,656.959987
0.7583333,87,656.976096
0.83055556,61,656.976096
0.80833334,69,657.015131
0.7277778,98,657.109811
0.67777777,116,657.159892
0.90833336,33,657.163191
0.74722224,91,657.185987
0.85833335,51,657.233433
0.75277776,89,657.300915
0.8277778,62,657.319283
0.7916667,75,657.424932
0.8611111,50,657.426968
0.85833335,51,657.434926
0.7972222,73,657.609443
0.8888889,40,657.619066
0.8833333,42,657.623074
0.8111111,68,657.712708
0.74722224,91,657.719252
0.7888889,76,657.724268
0.8527778,53,657.735298
0.8833333,42,657.891397
0.85,54,657.919909
0.85833335,51,657.983107
0.84166664,57,658.031035
0.8,72,658.045594
0.8194444,65,658.049192
0.49722221,181,658.115505
0.75,90,658.221133
0.80277777,71,658.281329
0.84166664,57,658.298842
0.8527778,53,658.349176
0.79444444,74,658.349176
0.87222224,46,658.366796
0.7722222,82,658.471324
0.9027778,35,658.484602
0.7638889,85,658.497515
0.8472222,55,658.534984
0.0,4,658.543014
0.8888889,40,658.577151
0.83055556,61,658.666929
0.8138889,67,658.682477
0.875,45,658.68902
0.76666665,84,658.73415
0.8888889,40,658.749209
0.8527778,53,658.769129
0.80277777,71,658.888809
0.8333333,60,658.888809
0.87777776,44,658.983746
0.8361111,59,659.000048
0.85,54,659.002054
0.80833334,69,659.011704
0.89166665,39,659.10941
0.76111114,86,659.166831
0.9138889,31,659.179157
0.8888889,40,659.191115
0.7583333,87,659.246835
0.7861111,77,659.322678
0.84444445,56,659.332998
0.8138889,67,659.382934
0.88055557,43,659.397208
0.8472222,55,659.405048
0.85833335,51,659.467954
0.7972222,73,659.570946
0.81666666,66,659.582323
0.87222224,46,659.629234
0.84444445,56,659.63974
0.80277777,71,659.706856
0.8472222,55,659.780273
0.78055555,79,659.839131
0.8666667,48,659.903116
0.84444445,56,659.903116
0.825,63,659.999171
0.7972222,73,660.007217
0.81666666,66,660.077395
0.65555555,124,660.121076
0.83055556,61,660.194884
0.79444444,74,660.202965
0.8527778,53,660.322871
0.8277778,62,660.392309
0.8611111,50,660.392309
0.75555557,88,660.43578
0.8472222,55,660.447102
0.88055557,43,660.453158
0.8611111,50,660.512728
0.70555556,106,660.520868
0.8833333,42,660.640375
0.8111111,68,660.701023
0.8277778,62,660.753296
0.875,45,660.767089
0.8277778,62,660.782202
0.7916667,75,660.828263
0.8611111,50,660.938885
0.8833333,42,660.942901
0.7888889,76,660.947071
0.8666667,48,661.010633
0.7111111,104,661.026936
0.8611111,50,661.073808
0.8611111,50,661.088929
0.87222224,46,661.163777
0.8666667,48,661.272967
0.89444447,38,661.272967
0.7222222,100,661.282113
0.85833335,51,661.329093
0.7972222,73,661.329093
0.78055555,79,661.344755
0.71944445,101,661.509399
0.80833334,69,661.513802
0.8527778,53,661.565431
0.85555553,52,661.582252
0.825,63,661.587263
0.8611111,50,661.590315
0.8333333,60,661.633868
0.76944447,83,661.707144
0.88055557,43,661.764578
0.85555553,52,661.797472
0.87777776,44,661.855237
0.84444445,56,661.911195
0.80833334,69,661.937191
0.81666666,66,661.996119
0.85833335,51,662.011828
0.87777776,44,662.014997
0.90833336,33,662.06697
0.87222224,46,662.085177
0.75,90,662.157071
0.8361111,59,694.74883
0.88611114,41,694.771076
0.8388889,58,694.834919
0.825,63,694.834919
0.83055556,61,694.846954
0.7972222,73,694.888489
0.8527778,53,694.89548
0.85833335,51,694.959592
0.875,45,695.078077
0.9027778,35,695.078077
0.88611114,41,695.144305
0.83055556,61,695.144305
0.89166665,39,695.151106
0.86944443,47,695.151106
0.8888889,40,695.204995
0.85555553,52,695.204995
0.9111111,32,695.263294
0.9027778,35,695.344449
0.88055557,43,695.368846
0.90555555,34,695.409568
0.8277778,62,695.426044
0.8888889,40,695.429455
0.8388889,58,695.482781
0.89444447,38,695.482781
0.8277778,62,695.48682
0.89166665,39,695.591221
0.8972222,37,695.612361
0.88055557,43,695.615429
0.89166665,39,695.670937
0.8277778,62,695.670937
0.86944443,47,695.674954
0.88611114,41,695.685259
0.80277777,71,695.830772
0.88055557,43,695.835851
0.8972222,37,695.848988
0.8666667,48,695.852767
0.8333333,60,695.898998
0.88055557,43,695.901003
0.85555553,52,695.970229
0.83055556,61,695.986907
0.9138889,31,696.05333
0.86944443,47,696.112165
0.87777776,44,696.112165
0.88611114,41,696.123301
0.82222223,64,696.192397
0.9,36,696.19495
0.86944443,47,696.248139
0.8055556,70,696.264185
0.88611114,41,696.320636
0.90555555,34,696.320636
0.8972222,37,696.329876
0.90833336,33,696.329876
0.90833336,33,696.40349
0.8972222,37,696.46394
0.89444447,38,696.486922
0.8527778,53,696.497205
0.875,45,696.583037
0.8666667,48,696.583037
0.8388889,58,696.616187
0.8361111,59,696.656988
0.89166665,39,696.662146
0.825,63,696.727808
0.86388886,49,696.771244
0.8527778,53,696.776973
0.89166665,39,696.847179
0.9,36,696.851204
0.8333333,60,696.911634
0.87777776,44,696.911634
0.8277778,62,696.920717
0.89444447,38,696.990815
0.89166665,39,696.990815
0.87222224,46,696.999078
0.8611111,50,697.128864
0.875,45,697.148937
0.84444445,56,697.153044
0.85833335,51,697.19989
0.85833335,51,697.20398
0.8833333,42,697.215483
0.8888889,40,697.215483
0.875,45,697.257311
0.8972222,37,697.343694
0.90833336,33,697.351245
0.90833336,33,697.40713
0.87777776,44,697.482737
0.88055557,43,697.489298
0.83055556,61,697.503106
0.8611111,50,697.503106
0.90833336,33,697.544335
0.88055557,43,697.617154
0.80277777,71,697.617154
0.8833333,42,697.636142
0.91944444,29,697.639172
0.89444447,38,697.772698
0.875,45,697.794594
0.84166664,57,697.857824
0.82222223,64,697.867079
0.89166665,39,697.902926
0.82222223,64,697.997191
0.8194444,65,698.005013
0.88611114,41,698.05511
0.82222223,64,698.058748
0.9,36,698.117196
0.84166664,57,698.121535
0.8833333,42,698.134085
0.85,54,698.182868
0.89166665,39,698.207208
0.90833336,33,698.207208
0.8888889,40,698.242817
0.875,45,698.280232
0.9,36,698.31308
0.90833336,33,698.350565
0.85555553,52,698.399015
0.8527778,53,698.413366
0.9027778,35,698.4839
0.8527778,53,698.528898
0.85,54,698.53903
0.88055557,43,698.5453
0.83055556,61,698.556946
0.88611114,41,698.603101
0.88055557,43,698.657621
0.9138889,31,698.692377
0.8611111,50,698.727246
0.9138889,31,698.733933
0.88055557,43,698.743817
0.875,45,698.809089
0.87777776,44,698.821641
0.88611114,41,698.828095
0.8972222,37,698.874578
0.88611114,41,698.950949
0.875,45,698.971175
0.87777776,44,699.01528
0.89166665,39,699.030602
0.8833333,42,699.083746
0.88611114,41,699.100168
0.8527778,53,699.154349
0.8,72,699.154349
0.84444445,56,699.252967
0.85833335,51,699.28638
0.86388886,49,699.295452
0.9027778,35,699.361827
0.8611111,50,699.367206
0.86944443,47,699.37324
0.81666666,66,699.425857
0.85,54,699.453075
0.86944443,47,699.529052
0.8833333,42,699.593351
0.8333333,60,699.635079
0.85833335,51,699.650154
0.88611114,41,699.654986
0.85833335,51,699.663238
0.79444444,74,699.719295
0.875,45,699.725312
0.8611111,50,699.866916
0.9027778,35,699.877215
0.9138889,31,699.877215
0.88055557,43,699.881246
0.89444447,38,699.890418
0.88055557,43,699.890418
0.8972222,37,699.960671
0.85833335,51,700.030867
0.89444447,38,700.10501
0.8972222,37,700.111669
0.88611114,41,700.111669
0.87777776,44,700.123152
0.8472222,55,700.173479
0.8527778,53,700.221246
0.8361111,59,700.309075
0.86944443,47,700.312559
0.8972222,37,700.323499
0.875,45,700.36725
0.875,45,700.382068
0.8972222,37,700.382068
0.9027778,35,700.390932
0.8333333,60,700.446972
0.90555555,34,700.504459
0.89166665,39,700.555045
0.8666667,48,700.571979
0.875,45,700.641318
0.875,45,700.641318
0.9027778,35,700.649051
0.8666667,48,700.662258
0.8333333,60,700.704045
0.86944443,47,700.799014
0.8666667,48,700.849396
0.8972222,37,700.853404
0.89166665,39,700.866693
0.88611114,41,700.866693
0.88611114,41,700.930077
0.87222224,46,700.934361
0.9027778,35,701.065061
0.87222224,46,701.081128
0.875,45,701.132106
0.8527778,53,701.205848
0.8611111,50,701.226937
0.83055556,61,701.231089
0.83055556,61,701.300202
0.88611114,41,701.342199
0.8972222,37,701.344564
0.8361111,59,701.419015
0.89166665,39,701.426468
0.8972222,37,701.472554
0.86388886,49,701.515525
0.9027778,35,701.552934
0.8888889,40,701.571334
0.86388886,49,701.584581
0.45833334,195,701.642154
0.88055557,43,701.657008
0.9,36,701.693247
0.88055557,43,701.698029
0.90555555,34,701.729008
0.89166665,39,701.780799
0.8972222,37,701.834154
0.90833336,33,701.849625
0.89166665,39,701.915111
0.8888889,40,701.921162
0.8388889,58,701.921162
0.90833336,33,701.926016
0.90833336,33,702.001052
0.8277778,62,702.047065
0.8472222,55,702.09244
0.8972222,37,702.150863
0.85833335,51,702.150863
0.89166665,39,702.15487
0.88055557,43,702.164968
0.8972222,37,702.234086
0.88611114,41,702.365007
0.79444444,74,702.377988
0.89444447,38,702.423279
0.825,63,702.437276
0.875,45,702.440806
0.85,54,702.501797
0.88055557,43,702.514642
0.82222223,64,702.531947
0.86944443,47,702.63395
0.87222224,46,702.654414
0.87222224,46,702.699076
0.8472222,55,702.729112
0.8972222,37,702.762317
0.86944443,47,702.762317
0.81666666,66,702.766832
0.86388886,49,702.783687
0.8972222,37,702.848958
0.90555555,34,702.945011
0.85555553,52,703.003933
0.88055557,43,703.008092
0.88611114,41,703.016995
0.85833335,51,703.058766
0.8138889,67,703.076305
0.85,54,703.085137
0.8666667,48,703.169018
0.8833333,42,703.226036
0.9027778,35,703.251995
0.88611114,41,703.292275
0.88611114,41,703.333344
0.8611111,50,703.333344
0.8833333,42,703.405095
0.88055557,43,703.501531
0.8833333,42,703.549175
0.7916667,75,703.554667
0.9138889,31,703.554667
0.8666667,48,703.605431
0.89166665,39,703.609784
0.9138889,31,703.628129
0.90833336,33,703.747044
0.89444447,38,703.765256
0.875,45,703.770602
0.9027778,35,703.832537
0.875,45,703.853722
0.8333333,60,703.908774
0.8527778,53,703.918746
0.8972222,37,704.006941
0.89444447,38,704.006941
0.87222224,46,704.045782
0.88611114,41,704.079773
0.9027778,35,704.079773
0.8833333,42,704.15497
0.9027778,35,704.224669
0.87777776,44,704.294333
0.88611114,41,704.294333
0.825,63,704.301884
0.875,45,704.375734
0.86388886,49,704.396014
0.85555553,52,704.501309
0.86388886,49,704.520971
0.90833336,33,704.601174
0.875,45,704.616945
0.86388886,49,704.625738
0.85555553,52,704.649139
0.84444445,56,704.769202
0.8888889,40,704.825863
0.8888889,40,704.844913
0.88611114,41,704.858992
0.89166665,39,704.889026
0.85833335,51,704.915838
0.82222223,64,704.915838
0.89166665,39,704.992987
0.0,324,705.107064
0.8972222,37,705.113885
0.89166665,39,705.121178
0.8666667,48,705.123319
0.83055556,61,705.160897
0.825,63,705.181702
0.86944443,47,705.244402
0.7722222,82,705.337152
0.88611114,41,705.381671
0.88611114,41,705.38379
0.85833335,51,705.399083
0.85,54,705.446552
0.89166665,39,705.472975
0.8611111,50,705.506923
0.8361111,59,705.509518
0.8972222,37,705.583603
0.90833336,33,705.589143
0.8388889,58,705.663092
0.87222224,46,705.704867
0.84166664,57,705.709471
0.89166665,39,705.711535
0.87222224,46,705.739078
0.87222224,46,705.741923
0.88055557,43,705.827277
0.9027778,35,705.860268
0.88611114,41,705.896165
0.8388889,58,705.900701
0.9138889,31,705.913964
0.8833333,42,705.921302
0.8527778,53,705.984307
0.8972222,37,706.041075
0.8388889,58,706.05906
0.89166665,39,706.114294
0.89166665,39,706.116832
0.87777776,44,706.176629
0.8611111,50,706.204166
0.825,63,706.248954
0.9027778,35,706.262232
0.875,45,706.279118
0.85,54,706.312893
0.9,36,706.325084
0.85833335,51,706.405511
0.85555553,52,706.507135
0.86944443,47,706.520184
0.8194444,65,706.52342
0.87222224,46,706.532732
0.8472222,55,706.589045
0.82222223,64,706.589677
0.8972222,37,706.600843
0.8333333,60,706.66713
0.8972222,37,739.408641
0.875,45,739.408641
0.90833336,33,739.46316
0.9027778,35,739.479625
0.8611111,50,739.479625
0.88611114,41,739.492036
0.90833336,33,739.533039
0.8472222,55,739.538884
0.90833336,33,739.632632
0.8972222,37,739.67697
0.9,36,739.704181
0.9027778,35,739.711851
0.86944443,47,739.779241
0.8666667,48,739.811596
0.875,45,739.820413
0.88611114,41,739.909916
0.89444447,38,739.913928
0.8277778,62,739.916936
0.9027778,35,739.938228
0.89444447,38,739.942244
0.8972222,37,739.990133
0.86944443,47,740.075127
0.86388886,49,740.121571
0.89166665,39,740.137133
0.85833335,51,740.215694
0.875,45,740.215694
0.8527778,53,740.219771
0.85555553,52,740.273026
0.90833336,33,740.28047
0.9138889,31,740.300631
0.89166665,39,740.347067
0.8333333,60,740.347067
0.90833336,33,740.416994
0.9027778,35,740.430548
0.87777776,44,740.486861
0.89166665,39,740.493979
0.89444447,38,740.551908
0.875,45,740.551908
0.8833333,42,740.577576
0.85555553,52,740.641139
0.90833336,33,740.697004
0.8611111,50,740.717663
0.8333333,60,740.772942
0.8527778,53,740.787094
0.8972222,37,740.797064
0.86944443,47,740.832561
0.8611111,50,740.841975
0.89166665,39,740.863166
0.8972222,37,740.915628
0.86944443,47,740.994107
0.8888889,40,741.011085
0.9027778,35,741.011085
0.875,45,741.066934
0.91944444,29,741.070964
0.8527778,53,741.070964
0.875,45,741.115197
0.88611114,41,741.12686
0.8972222,37,741.235313
0.91944444,29,741.240101
0.87777776,44,741.31267
0.89166665,39,741.31267
0.87222224,46,741.321271
0.87777776,44,741.336829
0.81666666,66,741.394435
0.90555555,34,741.422891
0.0,10,741.508629
0.76666665,84,741.518856
0.90833336,33,741.55209
0.85833335,51,741.568403
0.89166665,39,741.576731
0.90833336,33,741.583272
0.8972222,37,741.633162
0.87222224,46,741.63924
0.8888889,40,741.746879
0.90555555,34,741.767982
0.89166665,39,741.771991
0.8972222,37,741.771991
0.8611111,50,741.82861
0.8972222,37,741.834455
0.84444445,56,741.850828
0.8666667,48,741.91063
0.88055557,43,742.011164
0.9027778,35,742.011164
0.88611114,41,742.023177
0.84444445,56,742.029393
0.8611111,50,742.029393
0.8611111,50,742.032911
0.88611114,41,742.076839
0.86944443,47,742.15265
0.9027778,35,742.239437
0.88055557,43,742.242531
0.8833333,42,742.284827
0.88055557,43,742.297116
0.8833333,42,742.309008
0.84444445,56,742.320861
0.9027778,35,742.364966
0.8361111,59,742.381305
0.90833336,33,742.481229
0.875,45,742.499863
0.88611114,41,742.499863
0.8972222,37,742.506906
0.90833336,33,742.517151
0.84444445,56,742.566941
0.8972222,37,742.576621
0.8611111,50,742.617178
0.9138889,31,742.687001
0.8972222,37,742.691201
0.9027778,35,742.709743
0.8833333,42,742.721349
0.86388886,49,742.81378
0.89166665,39,742.821316
0.90833336,33,742.844008
0.8972222,37,742.88691
0.8972222,37,742.914332
0.8333333,60,742.914332
0.9027778,35,742.920873
0.7916667,75,742.986897
0.8972222,37,743.027357
0.88611114,41,743.047016
0.9027778,35,743.052502
0.9027778,35,743.121233
0.87777776,44,743.121233
0.89444447,38,743.125242
0.88055557,43,743.172848
0.88611114,41,743.240056
0.8972222,37,743.244496
0.9111111,32,743.251082
0.86388886,49,743.342824
0.88055557,43,743.39074
0.87222224,46,743.461318
0.89444447,38,743.469023
0.89166665,39,743.475035
0.8888889,40,743.485291
0.8361111,59,743.485291
0.825,63,743.529553
0.8972222,37,743.621257
0.89166665,39,743.689852
0.9,36,743.699028
0.8972222,37,743.701033
0.9027778,35,743.708646
0.83055556,61,743.708646
0.87222224,46,743.756836
0.84166664,57,743.77932
0.90555555,34,743.883274
0.8888889,40,743.939153
0.8888889,40,743.944676
0.9027778,35,743.950919
0.8388889,58,743.958648
0.875,45,743.968966
0.85555553,52,744.021213
0.85555553,52,744.084882
0.89444447,38,744.159376
0.89166665,39,744.177289
0.9027778,35,744.177289
0.85833335,51,744.235878
0.85555553,52,744.241773
0.82222223,64,744.248969
0.875,45,744.289393
0.9,36,744.29913
0.8833333,42,744.384899
0.90555555,34,744.444952
0.90833336,33,744.446957
0.85833335,51,744.462841
0.85555553,52,744.46685
0.87777776,44,744.503879
0.89166665,39,744.515694
0.88611114,41,744.527435
0.8833333,42,744.653447
0.90555555,34,744.657028
0.90833336,33,744.672088
0.89166665,39,744.741951
0.87777776,44,744.774659
0.84166664,57,744.829159
0.84166664,57,744.853012
0.85,54,744.899174
0.8972222,37,744.904826
0.86944443,47,744.989257
0.9138889,31,744.993151
0.87777776,44,744.997165
0.9,36,745.002696
0.8333333,60,745.048918
0.875,45,745.127413
0.875,45,745.179492
0.9138889,31,745.210409
0.8388889,58,745.213745
0.86944443,47,745.267195
0.8666667,48,745.275284
0.90833336,33,745.355206
0.83055556,61,745.38308
0.81666666,66,745.437848
0.9138889,31,745.439595
0.9027778,35,745.448865
0.8527778,53,745.503193
0.88055557,43,745.55686
0.88611114,41,745.561196
0.88611114,41,745.579091
0.9138889,31,745.625767
0.8972222,37,745.644892
0.8833333,42,745.706946
0.84444445,56,745.712789
0.90833336,33,745.790328
0.88611114,41,745.797049
0.87222224,46,745.808592
0.8472222,55,745.843065
0.89166665,39,745.855558
0.9,36,745.920962
0.9027778,35,745.923961
0.86388886,49,745.933002
0.90833336,33,745.992237
0.87222224,46,746.077238
0.8611111,50,746.077238
0.875,45,746.125696
0.85833335,51,746.132361
0.9027778,35,746.132361
0.8888889,40,746.158579
0.86388886,49,746.214705
0.87777776,44,746.233403
0.90833336,33,746.287175
0.9138889,31,746.294864
0.8888889,40,746.363665
0.85833335,51,746.407128
0.9027778,35,746.418324
0.8611111,50,746.426632
0.90555555,34,746.435822
0.8611111,50,746.485527
0.9027778,35,746.500059
0.86388886,49,746.579428
0.8833333,42,746.622736
0.9027778,35,746.625764
0.88611114,41,746.635445
0.88611114,41,746.653015
0.89166665,39,746.702098
0.88611114,41,746.72017
0.89166665,39,746.816819
0.9027778,35,746.820593
0.8194444,65,746.820593
0.8972222,37,746.824601
0.89166665,39,746.886833
0.87222224,46,746.893917
0.88611114,41,746.911546
0.9138889,31,746.976841
0.86388886,49,746.989025
0.8972222,37,747.034235
0.89166665,39,747.037244
0.88055557,43,747.050176
0.90833336,33,747.056312
0.8833333,42,747.121624
0.8888889,40,747.167246
0.8972222,37,747.235689
0.8972222,37,747.249228
0.9,36,747.249228
0.90833336,33,747.253236
0.8666667,48,747.260869
0.88611114,41,747.343927
0.87222224,46,747.432738
0.88055557,43,747.437277
0.9027778,35,747.511296
0.8833333,42,747.522638
0.8888889,40,747.546927
0.88055557,43,747.552961
0.88611114,41,747.604097
0.88055557,43,747.640198
0.90555555,34,747.697109
0.9138889,31,747.71092
0.86944443,47,747.797211
0.89166665,39,747.804299
0.8972222,37,747.849512
0.88611114,41,747.85352
0.8888889,40,747.859231
0.90833336,33,747.993921
0.90833336,33,748.00861
0.84166664,57,748.012628
0.86388886,49,748.032963
0.9,36,748.073465
0.9027778,35,748.073465
0.825,63,748.09175
0.875,45,748.097761
0.91944444,29,748.18249
0.89166665,39,748.269308
0.90555555,34,748.327324
0.88055557,43,748.331582
0.9166667,30,748.335394
0.88055557,43,748.346976
0.8972222,37,748.359285
0.8666667,48,748.419177
0.90555555,34,748.436185
0.90833336,33,748.524063
0.9138889,31,748.524063
0.8888889,40,748.618937
0.8888889,40,748.620942
0.87777776,44,748.692317
0.9027778,35,748.705424
0.88611114,41,748.709153
0.8666667,48,748.723918
0.90833336,33,748.814663
0.88611114,41,748.845038
0.9138889,31,748.900056
0.8472222,55,748.907343
0.8972222,37,748.913018
0.90833336,33,748.915812
0.8388889,58,748.918846
0.88611114,41,748.985188
0.8888889,40,749.101142
0.8833333,42,749.114599
0.8472222,55,749.121165
0.87777776,44,749.125717
0.875,45,749.164997
0.86944443,47,749.16903
0.85555553,52,749.191161
0.88611114,41,749.191161
0.9138889,31,749.300911
0.88611114,41,749.315418
0.89444447,38,749.318976
0.9166667,30,749.37235
0.88055557,43,749.390732
0.85555553,52,749.441999
0.88055557,43,749.447067
0.85833335,51,749.450585
0.89166665,39,749.55853
0.875,45,749.562637
0.8972222,37,749.595418
0.90833336,33,749.600954
0.85555553,52,749.632943
0.87222224,46,749.636957
0.87777776,44,749.69909
0.85555553,52,749.727234
0.8888889,40,749.784322
0.88611114,41,749.789858
0.9027778,35,749.806267
0.89166665,39,749.85744
0.87222224,46,749.875602
0.8611111,50,749.880219
0.89444447,38,749.923157
0.8888889,40,749.988917
0.9,36,749.99707
0.8833333,42,750.057061
0.90833336,33,750.061414
0.89166665,39,750.061414
0.89166665,39,750.136934
0.8972222,37,750.142356
0.8833333,42,750.220886
0.88611114,41,750.228453
0.8277778,62,750.281891
0.8972222,37,750.286907
0.8888889,40,750.298287
0.90833336,33,750.31708
0.8527778,53,750.367177
0.87222224,46,750.423318
0.88611114,41,750.51922
0.86388886,49,750.521224
0.85555553,52,750.581374
0.86944443,47,750.582347
0.8388889,58,750.591361
0.89166665,39,750.594296
0.85555553,52,750.647159
0.8666667,48,750.715177
0.0,17,750.715177
0.9138889,31,750.723719
0.0,7,750.749031
0.9138889,31,750.764704
0.88611114,41,750.79899
0.89166665,39,750.829428
0.89166665,39,750.839164
0.8833333,42,750.953276
0.90833336,33,750.956923
0.8527778,53,750.956923
0.85555553,52,751.025064
0.8972222,37,751.0285
0.8972222,37,751.037062
0.86944443,47,751.037062
0.84166664,57,751.09185
0.90833336,33,751.160779
0.8888889,40,751.212672
0.8833333,42,751.217192
0.90833336,33,751.232448
0.90555555,34,751.232448
0.89444447,38,751.288895
0.88611114,41,751.319155
0.85555553,52,751.368285
0.88055557,43,751.432962
0.90555555,34,751.443159
0.8888889,40,751.449263
0.875,45,751.465176
0.86944443,47,751.521129
0.875,45,751.541331
0.875,45,751.602434
0.8833333,42,751.61054
0.8833333,42,751.692403
0.85833335,51,783.453812
0.88611114,41,783.456826
0.82222223,64,783.519615
0.0,7,783.521621
0.88055557,43,783.528321
0.90833336,33,783.531858
0.8361111,59,783.539021
0.89444447,38,783.543731
0.0,12,783.606049
0.9138889,31,783.670994
0.88055557,43,783.673908
0.9138889,31,783.771512
0.90555555,34,783.787118
0.8888889,40,783.799272
0.87777776,44,783.838883
0.0,11,783.861717
0.85833335,51,783.869303
0.88055557,43,783.914956
0.0,16,783.922366
0.0,9,783.930118
0.89444447,38,783.936208
0.89166665,39,783.936208
0.9027778,35,783.998667
0.8972222,37,784.056088
0.91944444,29,784.08758
0.90833336,33,784.097815
0.8833333,42,784.13088
0.9138889,31,784.13595
0.89166665,39,784.143805
0.8972222,37,784.156883
0.90833336,33,784.169062
0.9138889,31,784.28711
0.91944444,29,784.28711
0.90833336,33,784.299784
0.8666667,48,784.349201
0.9138889,31,784.354316
0.86944443,47,784.429559
0.8361111,59,784.449268
0.86388886,49,784.49223
0.91944444,29,784.501106
0.9027778,35,784.51177
0.91944444,29,784.516301
0.91944444,29,784.521954
0.8833333,42,784.572005
0.9027778,35,784.650647
0.0,24,784.670779
0.90555555,34,784.67563
0.91944444,29,784.694039
0.89444447,38,784.739137
0.9138889,31,784.756999
0.875,45,784.771579
0.88611114,41,784.805831
0.90833336,33,784.892366
0.8888889,40,784.904397
0.9,36,784.908121
0.89444447,38,784.978786
0.88055557,43,784.984599
0.9,36,784.987104
0.90833336,33,784.997018
0.89444447,38,785.047122
0.0,7,785.062284
0.9111111,32,785.09329
0.0,19,785.095805
0.9027778,35,785.152783
0.9138889,31,785.218968
0.90833336,33,785.220972
0.86388886,49,785.232603
0.9027778,35,785.299699
0.91944444,29,785.304085
0.0,7,785.323895
0.9,36,785.323895
0.9138889,31,785.362584
0.85833335,51,785.38725
0.0,9,785.402223
0.87222224,46,785.521189
0.90833336,33,785.521189
0.875,45,785.528381
0.8611111,50,785.530743
0.90833336,33,785.541603
0.9138889,31,785.552565
0.9027778,35,785.552565
0.9138889,31,785.604358
0.91944444,29,785.694338
0.90833336,33,785.707268
0.90833336,33,785.747597
0.9027778,35,785.75165
0.9138889,31,785.75165
0.9,36,785.782295
0.875,45,785.849416
0.875,45,785.860774
0.90555555,34,785.931104
0.89444447,38,785.931104
0.90555555,34,785.941549
0.8972222,37,785.983931
0.86388886,49,786.059598
0.88611114,41,786.064921
0.91944444,29,786.064921
0.91944444,29,786.124917
0.88611114,41,786.124917
0.90555555,34,786.145268
0.8972222,37,786.209085
0.87777776,44,786.220873
0.9111111,32,786.2842
0.9,36,786.304408
0.90555555,34,786.342769
0.8972222,37,786.387943
0.8666667,48,786.395882
0.8972222,37,786.406958
0.9111111,32,786.468862
0.90555555,34,786.5442
0.8888889,40,786.554031
0.9138889,31,786.560195
0.85833335,51,786.57358
0.90833336,33,786.617907
0.89444447,38,786.629856
0.9027778,35,786.656245
0.0,22,786.722725
0.8611111,50,786.726733
0.90555555,34,786.776965
0.89166665,39,786.783908
0.91944444,29,786.802088
0.8888889,40,786.804093
0.89444447,38,786.857365
0.8833333,42,786.949494
0.90833336,33,786.955414
0.90833336,33,786.997854
0.8972222,37,787.004224
0.87777776,44,787.008053
0.9111111,32,787.011257
0.0,11,787.068072
0.88611114,41,787.080778
0.89166665,39,787.09174
0.89444447,38,787.169027
0.91944444,29,787.172778
0.88611114,41,787.181663
0.90833336,33,787.221203
0.90555555,34,787.228901
0.9027778,35,787.258242
0.8888889,40,787.328979
0.90833336,33,787.407179
0.84444445,56,787.41058
0.90833336,33,787.446881
0.88611114,41,787.446881
0.89166665,39,787.454081
0.87777776,44,787.461452
0.9027778,35,787.483141
0.90555555,34,787.552909
0.9138889,31,787.62531
0.9027778,35,787.637423
0.9027778,35,787.675408
0.9138889,31,787.689591
0.88055557,43,787.689591
0.88055557,43,787.691734
0.0,8,787.706147
0.875,45,787.756232
0.0,15,787.760352
0.89166665,39,787.798739
0.9111111,32,787.846963
0.9111111,32,787.919231
0.90833336,33,787.919231
0.9027778,35,787.937211
0.90833336,33,787.947421
0.89444447,38,787.99255
0.86944443,47,787.998096
0.90833336,33,788.009103
0.90833336,33,788.052547
0.89166665,39,788.140059
0.8972222,37,788.152602
0.87777776,44,788.154608
0.90833336,33,788.193507
0.9111111,32,788.193507
0.9138889,31,788.204776
0.0,16,788.226116
0.8888889,40,788.28475
0.8361111,59,788.305826
0.91944444,29,788.373081
0.9027778,35,788.373081
0.90555555,34,788.373081
0.90833336,33,788.376064
0.9027778,35,788.382732
0.0,12,788.447139
0.88611114,41,788.491263
0.0,21,788.500738
0.89444447,38,788.504747
0.90833336,33,788.507251
0.9027778,35,788.571264
0.9,36,788.57777
0.9,36,788.586991
0.91944444,29,788.631215
0.91944444,29,788.646974
0.9,36,788.748952
0.9027778,35,788.748952
0.86944443,47,788.814357
0.90833336,33,788.814357
0.9027778,35,788.822997
0.9138889,31,788.831266
0.91944444,29,788.874957
0.89166665,39,788.883388
0.9166667,30,788.94733
0.90833336,33,788.960137
0.9138889,31,788.983539
0.9027778,35,789.038954
0.9138889,31,789.049499
0.9027778,35,789.055517
0.89444447,38,789.055517
0.86944443,47,789.101362
0.9,36,789.154824
0.90833336,33,789.184011
0.875,45,789.22523
0.9111111,32,789.247046
0.9027778,35,789.247046
0.9138889,31,789.250288
0.88611114,41,789.312952
0.89166665,39,789.319015
0.90833336,33,789.327729
0.90833336,33,789.384422
0.9166667,30,789.43697
0.9111111,32,789.441989
0.8972222,37,789.441989
0.8888889,40,789.537274
0.9,36,789.542675
0.84444445,56,789.589026
0.875,45,789.595585
0.89444447,38,789.607253
0.90555555,34,789.620162
0.88611114,41,789.671064
0.87222224,46,789.691515
0.91944444,29,789.730975
0.9138889,31,789.740756
0.91944444,29,789.752344
0.9111111,32,789.756855
0.0,11,789.759492
0.8833333,42,789.851316
0.90555555,34,789.857327
0.88611114,41,789.860212
0.90833336,33,789.880915
0.9138889,31,789.932229
0.90555555,34,789.937247
0.90833336,33,789.939289
0.8833333,42,789.949764
0.0,16,790.019085
0.89444447,38,790.07102
0.9138889,31,790.134372
0.90555555,34,790.134372
0.91944444,29,790.13688
0.8527778,53,790.145631
0.0,15,790.155243
0.8361111,59,790.229329
0.8138889,67,790.233021
0.87222224,46,790.293497
0.0,13,790.300534
0.90833336,33,790.303891
0.90833336,33,790.347081
0.0,7,790.356895
0.89444447,38,790.360566
0.8833333,42,790.425867
0.9166667,30,790.428905
0.8666667,48,790.435928
0.9166667,30,790.519183
0.9027778,35,790.523191
0.9,36,790.523191
0.86944443,47,790.589289
0.91944444,29,790.589289
0.9111111,32,790.59733
0.87222224,46,790.634361
0.9111111,32,790.638888
0.0,13,790.662671
0.0,11,790.70188
0.9138889,31,790.716946
0.89444447,38,790.77539
0.88611114,41,790.787126
0.90833336,33,790.800106
0.90833336,33,790.80692
0.91944444,29,790.853203
0.9138889,31,790.867308
0.8527778,53,790.915254
0.9138889,31,790.944682
0.875,45,790.986236
0.9138889,31,790.989313
0.91944444,29,790.989313
0.88611114,41,791.000196
0.0,7,791.052226
0.9138889,31,791.058733
0.8972222,37,791.063031
0.91944444,29,791.070621
0.90833336,33,791.139036
0.0,19,791.14104
0.9166667,30,791.144322
0.88055557,43,791.23948
0.88055557,43,791.243517
0.9027778,35,791.285394
0.90555555,34,791.286421
0.9111111,32,791.36299
0.87222224,46,791.367115
0.8972222,37,791.383235
0.89166665,39,791.38727
0.91944444,29,791.430301
0.90833336,33,791.439912
0.9138889,31,791.45106
0.9138889,31,791.539022
0.9138889,31,791.5586
0.90833336,33,791.562114
0.8833333,42,791.571326
0.90833336,33,791.631268
0.8888889,40,791.635332
0.81666666,66,791.637337
0.87222224,46,791.693717
0.0,21,791.703364
0.9027778,35,791.716197
0.9138889,31,791.757247
0.9027778,35,791.774911
0.9027778,35,791.849381
0.89166665,39,791.853389
0.9138889,31,791.90825
0.89444447,38,791.919388
0.90833336,33,791.927332
0.85,54,791.972071
0.9,36,791.972071
0.9138889,31,792.047294
0.87222224,46,792.052396
0.8888889,40,792.113954
0.8972222,37,792.118996
0.9027778,35,792.123757
0.89166665,39,792.142692
0.9027778,35,792.175274
0.89166665,39,792.190928
0.9111111,32,792.2513
0.8888889,40,792.269331
0.9138889,31,792.281375
0.89444447,38,792.330295
0.8972222,37,792.341456
0.90833336,33,792.351326
0.0,7,792.393486
0.8888889,40,792.39975
0.9138889,31,792.416916
0.88055557,43,792.429354
0.9138889,31,792.467142
0.0,9,792.477295
0.0,10,792.551393
0.88611114,41,792.567275
0.9,36,792.571309
0.90833336,33,792.574796
0.8611111,50,792.610752
0.9027778,35,792.617337
0.9138889,31,792.638171
0.89166665,39,792.691298
0.0,19,792.764926
0.90833336,33,792.770984
0.88611114,41,792.779329
0.9138889,31,792.779329
0.8972222,37,792.794183
0.90833336,33,792.794183
0.0,25,792.837289
0.0,9,792.855412
0.85555553,52,792.901248
0.89166665,39,792.987031
0.9138889,31,792.987031
0.8888889,40,792.997073
0.88611114,41,793.03505
0.88611114,41,793.03505
0.9027778,35,793.062515
0.87777776,44,793.077189
0.8888889,40,793.129349
0.0,7,793.184033
0.9027778,35,793.202362
0.9027778,35,793.202362
0.9138889,31,793.210619
0.8972222,37,793.271201
0.0,10,793.279829
0.88055557,43,793.284322
0.9027778,35,793.302914
0.87777776,44,793.350816
0.90833336,33,793.369407
0.9138889,31,793.42089
0.90833336,33,793.443776
0.88611114,41,793.443776
0.90833336,33,793.485445
0.9027778,35,793.486928
0.91944444,29,793.491427
0.0,9,793.506917
0.8972222,37,793.565219
0.9111111,32,793.570307
0.9027778,35,793.625714
0.9166667,30,793.644195
0.0,7,793.646974
0.90555555,34,793.690637
0.91944444,29,793.691307
0.9027778,35,793.698803
0.87222224,46,793.720972
0.0,10,793.72829
0.89444447,38,793.784386
0.89444447,38,793.786895
0.9138889,31,793.873958
0.9138889,31,793.902601
0.9027778,35,793.908275
0.88611114,41,793.948836
0.9138889,31,793.954912
0.9138889,31,793.960138
0.88611114,41,794.035308
0.8833333,42,794.074123
0.9,36,794.077256
0.9138889,31,794.089126
0.8972222,37,794.103772
0.9027778,35,794.139302
0.9027778,35,794.157104
0.85555553,52,794.235506
0.9027778,35,794.285314
0.9027778,35,794.300401
0.87777776,44,794.304907
0.9138889,31,794.316848
0.89444447,38,794.362693
0.8611111,50,794.3647
0.88055557,43,794.375438
0.9027778,35,794.444515
0.0,18,794.455371
0.90833336,33,794.458137
0.9027778,35,794.510147
0.91944444,29,794.51045
0.8888889,40,794.531039
0.90833336,33,794.531039
0.87777776,44,794.622456
0.9166667,30,794.63174
0.9,36,794.637252
0.8972222,37,794.648932
0.9138889,31,794.652942
0.9166667,30,794.70261
0.90833336,33,794.716886
0.875,45,794.764843
0.9138889,31,794.793939
0.89444447,38,794.840252
0.91944444,29,794.844523
0.9,36,794.852716
0.9138889,31,794.910923
0.86944443,47,794.983063
0.84166664,57,794.994605
0.89444447,38,795.047259
0.9138889,31,795.047259
0.89166665,39,795.064422
0.8388889,58,795.079161
0.0,11,795.114296
0.9027778,35,795.122831
0.85555553,52,795.145007
0.88611114,41,795.229608
0.8972222,37,795.235793
0.90833336,33,795.239322
0.85555553,52,795.256977
0.90555555,34,795.263988
0.0,13,795.304849
0.9138889,31,795.310824
0.88055557,43,795.320971
0.88055557,43,795.332047
0.0,16,795.371336
0.90833336,33,795.461499
0.88055557,43,795.473547
0.87777776,44,795.473547
0.9,36,795.524807
0.9027778,35,795.531101
0.90833336,33,795.534852
0.0,7,795.547267
0.875,45,795.547267
0.0,18,795.600477
0.8888889,40,795.600477
0.91944444,29,795.667311
0.0,14,795.676666
0.8972222,37,795.68385
0.9138889,31,795.733146
0.91944444,29,795.739176
0.88611114,41,795.812725
0.8666667,48,795.821162
0.8888889,40,795.830931
0.9138889,31,795.837106
0.90833336,33,827.58206
0.8833333,42,827.589159
0.875,45,827.592059
0.8833333,42,827.604289
0.9166667,30,827.610878
0.90833336,33,827.667293
0.90833336,33,827.683917
0.88611114,41,827.735332
0.9138889,31,827.75979
0.9138889,31,827.771192
0.9138889,31,827.819015
0.9138889,31,827.825436
0.89166665,39,827.829451
0.9111111,32,827.919132
0.89166665,39,827.927117
0.9138889,31,827.941124
0.9027778,35,828.005336
0.90833336,33,828.007787
0.9138889,31,828.017259
0.91944444,29,828.019408
0.9111111,32,828.057034
0.91944444,29,828.084984
0.9138889,31,828.142776
0.91944444,29,828.195802
0.9138889,31,828.200194
0.86388886,49,828.217017
0.9138889,31,828.221044
0.89444447,38,828.235496
0.89444447,38,828.268887
0.91944444,29,828.271896
0.0,9,828.283007
0.9027778,35,828.348111
0.90833336,33,828.372478
0.9027778,35,828.417124
0.91944444,29,828.43634
0.9138889,31,828.444129
0.8972222,37,828.505644
0.8666667,48,828.508117
0.88055557,43,828.508117
0.90833336,33,828.577276
0.9138889,31,828.581313
0.91944444,29,828.589917
0.875,45,828.593491
0.8972222,37,828.658683
0.91944444,29,828.664066
0.8972222,37,828.717335
0.8972222,37,828.719365
0.9138889,31,828.767215
0.9027778,35,828.785669
0.90833336,33,828.788208
0.9027778,35,828.797259
0.91944444,29,828.842143
0.9,36,828.871101
0.91944444,29,828.903751
0.9,36,828.979158
0.9138889,31,828.982908
0.86944443,47,828.993378
0.9,36,828.997163
0.90833336,33,828.999186
0.8972222,37,829.061433
0.91944444,29,829.065475
0.9138889,31,829.176978
0.9138889,31,829.18179
0.86388886,49,829.18179
0.8972222,37,829.185798
0.9,36,829.185798
0.9027778,35,829.198985
0.91944444,29,829.205009
0.9,36,829.264771
0.91944444,29,829.333994
0.91944444,29,829.337003
0.91944444,29,829.339023
0.90833336,33,829.353124
0.9,36,829.391162
0.9111111,32,829.394305
0.89166665,39,829.420958
0.9,36,829.466997
0.9166667,30,829.488921
0.9138889,31,829.530293
0.90833336,33,829.534308
0.90833336,33,829.551102
0.9138889,31,829.551102
0.90833336,33,829.560977
0.91944444,29,829.608111
0.9138889,31,829.631469
0.9027778,35,829.721061
0.91944444,29,829.721061
0.8888889,40,829.731481
0.9111111,32,829.734545
0.90833336,33,829.74694
0.8611111,50,829.81362
0.8888889,40,829.826897
0.89166665,39,829.883288
0.9138889,31,829.901447
0.9138889,31,829.907764
0.9027778,35,829.966461
0.9,36,829.979056
0.88611114,41,830.039159
0.8972222,37,830.059207
0.9027778,35,830.145708
0.88055557,43,830.152421
0.9166667,30,830.163961
0.90833336,33,830.170269
0.0,2,830.176474
0.0,7,830.178941
0.89444447,38,830.178941
0.90555555,34,830.224759
0.9027778,35,830.290226
0.9027778,35,830.361747
0.91944444,29,830.369951
0.875,45,830.374405
0.90555555,34,830.378878
0.9138889,31,830.384623
0.90833336,33,830.404806
0.0,7,830.404806
0.90833336,33,830.470004
0.91944444,29,830.527047
0.9138889,31,830.538977
0.9138889,31,830.542387
0.83055556,61,830.54691
0.90555555,34,830.596303
0.8833333,42,830.674736
0.89444447,38,830.690952
0.91944444,29,830.734453
0.8527778,53,830.741019
0.89166665,39,830.753261
0.9027778,35,830.755265
0.9138889,31,830.759241
0.8527778,53,830.875425
0.89166665,39,830.886874
0.9027778,35,830.893422
0.9027778,35,830.93715
0.90833336,33,830.93715
0.9138889,31,830.947167
0.90555555,34,830.953917
0.87222224,46,831.026064
0.90833336,33,831.077265
0.9166667,30,831.08106
0.91944444,29,831.094349
0.91944444,29,831.110637
0.8972222,37,831.155078
0.9027778,35,831.158913
0.87777776,44,831.168957
0.91944444,29,831.244773
0.9138889,31,831.249365
0.9,36,831.313107
0.86944443,47,831.317115
0.90833336,33,831.319137
0.90555555,34,831.379083
0.8972222,37,831.381088
0.8888889,40,831.387101
0.9027778,35,831.462038
0.91944444,29,831.511908
0.8833333,42,831.519894
0.90555555,34,831.527097
0.91944444,29,831.547128
0.90833336,33,831.588956
0.8972222,37,831.604418
0.91944444,29,831.670165
0.90833336,33,831.735032
0.87777776,44,831.737036
0.89166665,39,831.746974
0.8055556,70,831.751044
0.9138889,31,831.751044
0.9138889,31,831.805519
0.89444447,38,831.814658
0.9027778,35,831.89222
0.91944444,29,831.920314
0.9,36,831.957742
0.91944444,29,831.971077
0.8888889,40,831.974444
0.8972222,37,831.977271
0.91944444,29,831.981299
0.86944443,47,832.03888
0.9,36,832.1134
0.9111111,32,832.12385
0.90833336,33,832.19732
0.89444447,38,832.219219
0.8972222,37,832.222897
0.91944444,29,832.227678
0.85833335,51,832.281163
0.90833336,33,832.328972
0.9138889,31,832.332726
0.9166667,30,832.353009
0.91944444,29,832.398995
0.9138889,31,832.403637
0.7888889,76,832.464188
0.90555555,34,832.471253
0.8611111,50,832.494336
0.90833336,33,832.497251
0.91944444,29,832.544037
0.89166665,39,832.553277
0.90833336,33,832.571098
0.90833336,33,832.604675
0.9166667,30,832.622975
0.90833336,33,832.63898
0.91944444,29,832.695656
0.90555555,34,832.699187
0.91944444,29,832.705862
0.91944444,29,832.755198
0.9,36,832.813267
0.85555553,52,832.81692
0.9138889,31,832.81692
0.91944444,29,832.827513
0.9027778,35,832.900953
0.90833336,33,832.904961
0.89444447,38,832.912975
0.91944444,29,832.972956
0.91944444,29,832.977284
0.89444447,38,832.977284
0.90555555,34,832.994392
0.88611114,41,833.057735
0.90555555,34,833.113358
0.9027778,35,833.120638
0.90833336,33,833.123668
0.9138889,31,833.193054
0.90833336,33,833.197096
0.90833336,33,833.199116
0.9111111,32,833.213348
0.9027778,35,833.27962
0.9166667,30,833.284663
0.9111111,32,833.353613
0.9111111,32,833.357731
0.9138889,31,833.374466
0.9111111,32,833.385209
0.90833336,33,833.385209
0.91944444,29,833.442117
0.9138889,31,833.554486
0.90833336,33,833.57391
0.91944444,29,833.637107
0.91944444,29,833.649292
0.89444447,38,833.6533
0.90555555,34,833.665453
0.88611114,41,833.744404
0.8277778,62,833.762548
0.9138889,31,833.805982
0.91944444,29,833.834887
0.90833336,33,833.838913
0.90833336,33,833.885293
0.0,9,833.897153
0.88055557,43,833.897153
0.89166665,39,833.948301
0.9138889,31,833.948301
0.9166667,30,833.962845
0.91944444,29,833.9692
0.0,4,833.977417
0.9138889,31,834.055187
0.9027778,35,834.055187
0.0,2,834.060099
0.9138889,31,834.098004
0.90833336,33,834.105022
0.9111111,32,834.167554
0.89444447,38,834.171362
0.9138889,31,834.175474
0.87222224,46,834.200191
0.9138889,31,834.263802
0.90555555,34,834.267338
0.8972222,37,834.270251
0.9138889,31,834.270251
0.9111111,32,834.343399
0.90555555,34,834.379349
0.91944444,29,834.391924
0.91944444,29,834.46039
0.90833336,33,834.476672
0.8472222,55,834.479507
0.88611114,41,834.541388
0.87222224,46,834.57722
0.89444447,38,834.62104
0.9027778,35,834.625048
0.87777776,44,834.647218
0.90833336,33,834.655407
0.90833336,33,834.703185
0.9027778,35,834.710881
0.9138889,31,834.714891
0.9138889,31,834.772924
0.9138889,31,834.789244
0.9138889,31,834.793259
0.90833336,33,834.855041
0.9027778,35,834.87127
0.9111111,32,834.905128
0.9138889,31,834.919043
0.90555555,34,834.984565
0.90833336,33,835.001435
0.90555555,34,835.00924
0.8611111,50,835.017261
0.9138889,31,835.057239
0.91944444,29,835.076391
0.9111111,32,835.081101
0.91944444,29,835.089141
0.9138889,31,835.183179
0.9027778,35,835.203743
0.90833336,33,835.214129
0.89444447,38,835.219161
0.86944443,47,835.255271
0.9138889,31,835.259311
0.8888889,40,835.327011
0.9138889,31,835.349359
0.0,22,835.349359
0.84166664,57,835.405822
0.9,36,835.421275
0.9138889,31,835.429145
0.9027778,35,835.434502
0.8833333,42,835.488991
0.9027778,35,835.507704
0.9027778,35,835.599033
0.9,36,835.601037
0.9027778,35,835.651353
0.9166667,30,835.653098
0.91944444,29,835.657744
0.9027778,35,835.663832
0.90555555,34,835.73103
0.89166665,39,835.787247
0.9027778,35,835.798998
0.8972222,37,835.803006
0.91944444,29,835.806959
0.9138889,31,835.851899
0.9,36,835.857688
0.8888889,40,835.86732
0.8833333,42,835.947798
0.90555555,34,835.98514
0.9138889,31,835.998655
0.9027778,35,836.008248
0.88611114,41,836.023853
0.9,36,836.060088
0.9138889,31,836.060088
0.8888889,40,836.081073
0.9138889,31,836.147146
0.9138889,31,836.16467
0.91944444,29,836.169203
0.8972222,37,836.207003
0.9166667,30,836.221204
0.90833336,33,836.234687
0.9027778,35,836.240991
0.90833336,33,836.287797
0.9166667,30,836.310059
0.9138889,31,836.369079
0.9138889,31,836.379573
0.8972222,37,836.389148
0.89166665,39,836.44729
0.9027778,35,836.453348
0.9111111,32,836.457731
0.90833336,33,836.520967
0.86944443,47,836.520967
0.91944444,29,836.583887
0.9111111,32,836.583887
0.88611114,41,836.610219
0.91944444,29,836.64926
0.90555555,34,836.669089
0.9,36,836.67731
0.8972222,37,836.743042
0.9166667,30,836.747259
0.9138889,31,836.749288
0.875,45,836.800289
0.9027778,35,836.819165
0.9027778,35,836.857033
0.0,11,836.88456
0.90833336,33,836.889087
0.89166665,39,836.951149
0.9111111,32,836.962636
0.90555555,34,836.972209
0.88055557,43,837.029032
0.87777776,44,837.108874
0.90833336,33,837.124395
0.87777776,44,837.162355
0.86388886,49,837.167045
0.86944443,47,837.17717
0.90833336,33,837.18321
0.9111111,32,837.237016
0.90833336,33,837.322748
0.84166664,57,837.322748
0.91944444,29,837.329062
0.91944444,29,837.341342
0.89166665,39,837.390366
0.89444447,38,837.395571
0.0,9,837.405141
0.9,36,837.405141
0.90833336,33,837.533131
0.90833336,33,837.533131
0.9138889,31,837.533131
0.91944444,29,837.562967
0.8472222,55,837.562967
0.91944444,29,837.566979
0.91944444,29,837.577196
0.91944444,29,837.577196
0.90555555,34,837.701371
0.9027778,35,837.705385
0.8972222,37,837.746841
0.90833336,33,837.760619
0.9027778,35,837.764794
0.9138889,31,837.764794
0.8972222,37,837.771397
0.8972222,37,837.817729
0.9138889,31,837.909963
0.90833336,33,837.926895
0.9138889,31,837.964948
0.91944444,29,837.966952
0.9138889,31,837.966952
0.90555555,34,837.979617
0.91944444,29,837.982754
0.0,9,838.042055
0.85555553,52,838.047012
0.91944444,29,838.13253
0.90555555,34,838.139345
0.9111111,32,838.139345
0.90833336,33,838.146988
0.86944443,47,838.203185
0.9138889,31,838.214481
0.90833336,33,838.223089
0.9111111,32,838.324372
0.8361111,59,838.332561
0.89444447,38,838.357747
0.0,9,838.360834
0.8833333,42,838.404833
0.8888889,40,838.404833
0.8833333,42,838.433201
0.8833333,42,838.487046
0.85833335,51,838.505093
0.9027778,35,838.552917
0.91944444,29,838.559004
0.9111111,32,838.565023
0.9138889,31,838.574324
0.8972222,37,838.629199
0.9138889,31,838.637023
0.8972222,37,838.705175
0.91944444,29,838.713945
0.9138889,31,838.721019
0.90833336,33,838.765429
0.9138889,31,838.768974
0.88611114,41,838.768974
0.90833336,33,838.843774
0.87777776,44,838.869336
0.9111111,32,838.916979
0.9138889,31,838.922765
0.91944444,29,838.931174
0.91944444,29,838.93318
0.91944444,29,838.93318
0.88055557,43,838.978969
0.9027778,35,839.051293
0.91944444,29,839.074041
0.91944444,29,839.130571
0.9027778,35,839.139158
0.91944444,29,839.144367
0.8666667,48,839.161602
0.89444447,38,839.161602
0.8833333,42,839.203187
0.91944444,29,839.224861
0.9138889,31,839.283834
0.9138889,31,839.349314
0.89166665,39,839.39183
0.9138889,31,839.393836
0.9138889,31,839.402887
0.87777776,44,839.453213
0.9027778,35,839.467104
0.87777776,44,839.469931
0.90833336,33,839.518741
0.9027778,35,839.553226
0.90833336,33,839.59433
0.9027778,35,839.612747
0.90833336,33,839.617255
0.91944444,29,839.633059
0.9027778,35,839.679165
0.91944444,29,839.696874
0.9,36,839.698906
0.91944444,29,839.789139
0.8972222,37,839.827079
0.9138889,31,839.834441
0.9027778,35,839.834441
0.9138889,31,839.854628
0.90833336,33,839.92695
0.90555555,34,839.92695
0.86388886,49,839.981812
0.91944444,29,839.990883
0.9166667,30,839.999203
0.90833336,33,840.007655
0.0,2,840.045125
0.89166665,39,840.049148
0.9027778,35,840.066985
0.89444447,38,872.79068
0.8888889,40,872.796852
0.9111111,32,872.802882
0.9166667,30,872.853705
0.8388889,58,872.987238
0.85833335,51,872.987238
0.8527778,53,872.999326
0.9,36,873.00534
0.88055557,43,873.057726
0.8388889,58,873.069055
0.85833335,51,873.150142
0.82222223,64,873.220253
0.8833333,42,873.243141
0.88055557,43,873.293621
0.8888889,40,873.297131
0.8611111,50,873.30042
0.85555553,52,873.31456
0.9,36,873.41191
0.87222224,46,873.41191
0.8194444,65,873.431371
0.88055557,43,873.490465
0.9,36,873.494703
0.9,36,873.515766
0.8833333,42,873.522334
0.85555553,52,873.580492
0.90833336,33,873.592702
0.89166665,39,873.640422
0.89166665,39,873.65879
0.89444447,38,873.748201
0.8833333,42,873.77449
0.87777776,44,873.833205
0.9,36,873.850859
0.86388886,49,873.884131
0.88611114,41,873.884131
0.9027778,35,873.899722
0.88055557,43,873.977106
0.89166665,39,873.986296
0.8666667,48,874.063352
0.8972222,37,874.107188
0.87222224,46,874.119358
0.89444447,38,874.12698
0.8666667,48,874.178955
0.9027778,35,874.196938
0.85,54,874.196938
0.9027778,35,874.336592
0.89166665,39,874.355054
0.85555553,52,874.409347
0.8833333,42,874.419224
0.8888889,40,874.426908
0.8888889,40,874.426908
0.84166664,57,874.428944
0.7861111,77,874.473682
0.9138889,31,874.550856
0.90555555,34,874.63693
0.8833333,42,874.642023
0.8472222,55,874.646037
0.86944443,47,874.703234
0.87777776,44,874.703234
0.875,45,874.710291
0.86388886,49,874.772448
0.87222224,46,874.919108
0.87222224,46,874.924391
0.8666667,48,874.930945
0.80833334,69,874.974431
0.87777776,44,874.978989
0.87222224,46,874.983003
0.86388886,49,874.994806
0.88611114,41,875.001913
0.9027778,35,875.127072
0.8833333,42,875.197018
0.89166665,39,875.200067
0.85555553,52,875.214226
0.89166665,39,875.21727
0.8833333,42,875.25212
0.8666667,48,875.261888
0.8194444,65,875.343917
0.9027778,35,875.433737
0.89166665,39,875.470974
0.8472222,55,875.470974
0.8611111,50,875.492584
0.8666667,48,875.504709
0.8333333,60,875.604097
0.87222224,46,875.610871
0.90833336,33,875.63404
0.78333336,78,875.63404
0.88611114,41,875.69462
0.87222224,46,875.702207
0.86944443,47,875.764835
0.8972222,37,875.83586
0.89166665,39,875.838895
0.84166664,57,875.847001
0.89444447,38,875.892853
0.87777776,44,875.914327
0.87222224,46,875.983214
0.89166665,39,875.98925
0.85555553,52,875.991889
0.89166665,39,876.059858
0.88611114,41,876.062917
0.875,45,876.129337
0.89166665,39,876.129337
0.84444445,56,876.182974
0.8888889,40,876.2071
0.87777776,44,876.263561
0.86944443,47,876.271111
0.875,45,876.337314
0.875,45,876.339983
0.8888889,40,876.390642
0.8888889,40,876.39185
0.89166665,39,876.463107
0.87222224,46,876.463107
0.88055557,43,876.531333
0.875,45,876.543473
0.88611114,41,876.598557
0.9027778,35,876.60058
0.88055557,43,876.602584
0.87222224,46,876.633051
0.8833333,42,876.733309
0.0,2,876.740671
0.85833335,51,876.792836
0.88611114,41,876.8125
0.84444445,56,876.882512
0.8972222,37,876.926155
0.8666667,48,876.930936
0.9027778,35,876.957097
0.9111111,32,877.007366
0.8277778,62,877.01048
0.82222223,64,877.020781
0.89444447,38,877.076917
0.0,12,877.084955
0.9,36,877.150956
0.8888889,40,877.150956
0.8888889,40,877.163455
0.86944443,47,877.244621
0.88055557,43,877.254341
0.8611111,50,877.300466
0.86944443,47,877.36412
0.87222224,46,877.391973
0.88055557,43,877.391973
0.86944443,47,877.429136
0.825,63,877.439212
0.89444447,38,877.504386
0.875,45,877.518985
0.8666667,48,877.58724
0.8888889,40,877.656956
0.88055557,43,877.667206
0.89166665,39,877.667206
0.85,54,877.671238
0.9,36,877.724425
0.85833335,51,877.731249
0.8888889,40,877.746897
0.875,45,877.843382
0.90833336,33,877.855383
0.89166665,39,877.870984
0.88611114,41,877.876932
0.88611114,41,877.934668
0.8527778,53,877.942319
0.8527778,53,878.010664
0.8666667,48,878.015767
0.88055557,43,878.079317
0.89166665,39,878.136154
0.86388886,49,878.145545
0.85555553,52,878.201639
0.9138889,31,878.210968
0.85,54,878.278891
0.8472222,55,878.290312
0.86388886,49,878.311556
0.875,45,878.412174
0.89166665,39,878.419246
0.85555553,52,878.423979
0.8333333,60,878.42727
0.8833333,42,878.433316
0.8833333,42,878.510344
0.86944443,47,878.516362
0.875,45,878.576986
0.9,36,878.682949
0.88055557,43,878.699063
0.86944443,47,878.757295
0.85555553,52,878.757295
0.86388886,49,878.760617
0.88055557,43,878.816929
0.88055557,43,878.820968
0.8611111,50,878.907316
0.86944443,47,878.976136
0.875,45,878.976136
0.87777776,44,879.028925
0.87777776,44,879.03093
0.85833335,51,879.051188
0.875,45,879.102938
0.85,54,879.125355
0.88611114,41,879.172962
0.9,36,879.193958
0.90555555,34,879.236937
0.86388886,49,879.327069
0.8388889,58,879.333117
0.85833335,51,879.383062
0.86944443,47,879.390636
0.87222224,46,879.408622
0.88055557,43,879.466084
0.88611114,41,879.473152
0.8527778,53,879.479221
0.86944443,47,879.593151
0.85555553,52,879.612614
0.87222224,46,879.651098
0.8527778,53,879.666892
0.89166665,39,879.670925
0.87222224,46,879.729795
0.8388889,58,879.739252
0.8666667,48,879.742633
0.9027778,35,879.79109
0.89166665,39,879.850462
0.89166665,39,879.855975
0.8972222,37,879.865671
0.9,36,879.935667
0.86388886,49,879.995391
0.825,63,880.010503
0.87222224,46,880.050183
0.90833336,33,880.050183
0.86944443,47,880.122586
0.81666666,66,880.122586
0.8666667,48,880.144677
0.86388886,49,880.217015
0.88055557,43,880.226345
0.88611114,41,880.271367
0.88055557,43,880.293301
0.9111111,32,880.297317
0.87222224,46,880.303094
0.875,45,880.37133
0.8888889,40,880.373932
0.89444447,38,880.467013
0.86944443,47,880.537052
0.89166665,39,880.59095
0.82222223,64,880.59095
0.85,54,880.594965
0.85,54,880.598993
0.87222224,46,880.617198
0.8333333,60,880.626976
0.89166665,39,880.67938
0.88055557,43,880.746959
0.9,36,880.798958
0.89166665,39,880.802467
0.86388886,49,880.863435
0.875,45,880.873939
0.87777776,44,880.877083
0.8472222,55,880.881115
0.8666667,48,880.943151
0.0,12,880.952035
0.9027778,35,881.006963
0.9027778,35,881.100223
0.90833336,33,881.111335
0.85833335,51,881.116849
0.8361111,59,881.116849
0.9,36,881.185754
0.8472222,55,881.234059
0.86388886,49,881.250296
0.88611114,41,881.252301
0.87222224,46,881.339142
0.8888889,40,881.339142
0.8611111,50,881.397276
0.9138889,31,881.400494
0.85,54,881.444624
0.89166665,39,881.474128
0.85555553,52,881.481117
0.86944443,47,881.534002
0.0,14,881.548693
0.87222224,46,881.614267
0.85833335,51,881.661881
0.89166665,39,881.664745
0.8361111,59,881.751228
0.0,2,881.757244
0.86388886,49,881.771254
0.87222224,46,881.833339
0.85555553,52,881.837607
0.7916667,75,881.840437
0.8888889,40,881.882198
0.87777776,44,881.907652
0.87777776,44,881.911668
0.875,45,882.022987
0.86388886,49,882.02396
0.9027778,35,882.026873
0.91944444,29,882.078907
0.86944443,47,882.095033
0.8611111,50,882.103191
0.8666667,48,882.142597
0.8833333,42,882.153471
0.89166665,39,882.242984
0.88611114,41,882.280726
0.8833333,42,882.290668
0.8972222,37,882.295204
0.90833336,33,882.305085
0.8888889,40,882.372789
0.87222224,46,882.379078
0.87777776,44,882.438074
0.9138889,31,882.465078
0.8972222,37,882.543758
0.87777776,44,882.587192
0.84444445,56,882.620983
0.825,63,882.682574
0.8611111,50,882.684582
0.8888889,40,882.694229
0.875,45,882.694229
0.9,36,882.763417
0.80277777,71,882.824302
0.9138889,31,882.888054
0.83055556,61,882.950382
0.88055557,43,882.950382
0.86944443,47,882.976837
0.83055556,61,882.980872
0.85833335,51,883.024403
0.8472222,55,883.119202
0.8611111,50,883.151615
0.85833335,51,883.219059
0.8888889,40,883.219059
0.8888889,40,883.219059
0.8888889,40,883.282194
0.89166665,39,883.282194
0.87222224,46,883.315447
0.88055557,43,883.385132
0.87777776,44,883.431043
0.89444447,38,883.445573
0.8833333,42,883.457164
0.89166665,39,883.507289
0.86944443,47,883.566942
0.87777776,44,883.592222
0.8833333,42,883.653414
0.88055557,43,883.672001
0.76944447,83,883.724437
0.9,36,883.724437
0.88611114,41,883.724437
0.85833335,51,883.74341
0.875,45,883.811853
0.8972222,37,883.872175
0.9027778,35,883.883357
0.85555553,52,883.890589
0.88611114,41,883.954272
0.89166665,39,884.001076
0.85555553,52,884.027128
0.8472222,55,884.036954
0.88611114,41,884.078984
0.9027778,35,884.087051
0.89166665,39,884.144739
0.88611114,41,884.159035
0.88055557,43,884.277291
0.9,36,884.290599
0.8611111,50,884.346967
0.87222224,46,884.371384
0.88055557,43,884.379058
0.8666667,48,884.420218
0.88055557,43,884.439066
0.88055557,43,884.451083
0.90833336,33,884.494236
0.9027778,35,884.511544
0.9138889,31,884.579266
0.90555555,34,884.634658
0.86388886,49,884.650477
0.8833333,42,884.654485
0.89166665,39,884.669219
0.87777776,44,884.734655
0.89166665,39,884.745337
0.8666667,48,884.788826
0.9111111,32,884.811365
0.88611114,41,884.881324
0.8611111,50,884.948265
0.86944443,47,884.956367
0.81666666,66,884.961123
0.8833333,42,885.009361
0.0,20,885.013376
0.86388886,49,885.024385
0.875,45,885.086918
0.85555553,52,885.086918
0.8972222,37,920.324045
0.89444447,38,920.38532
0.875,45,920.38532
0.89166665,39,920.390738
0.85,54,920.440611
0.9,36,920.455973
0.86944443,47,920.461948
0.8833333,42,920.477107
0.0,16,920.540849
0.89166665,39,920.592904
0.9138889,31,920.597157
0.9,36,920.606901
0.86388886,49,920.683169
0.87777776,44,920.690342
0.89166665,39,920.746351
0.90833336,33,920.817126
0.89166665,39,920.827223
0.87222224,46,920.863991
0.8833333,42,920.86701
0.82222223,64,920.884985
0.9,36,920.943292
0.90555555,34,920.943292
0.89166665,39,921.009961
0.90833336,33,921.066061
0.90555555,34,921.079217
0.90555555,34,921.084264
0.9138889,31,921.084264
0.87777776,44,921.147564
0.90833336,33,921.150845
0.87777776,44,921.215188
0.8888889,40,921.235794
0.89444447,38,921.289206
0.9027778,35,921.297049
0.88055557,43,921.317166
0.88055557,43,921.354954
0.89166665,39,921.446918
0.8611111,50,921.446918
0.91944444,29,921.446918
0.85,54,921.454458
0.9,36,921.515133
0.875,45,921.517947
0.9,36,921.533845
0.9138889,31,921.627043
0.8611111,50,921.632977
0.8972222,37,921.649296
0.89166665,39,921.699251
0.8833333,42,921.704122
0.9,36,921.717125
0.8888889,40,921.784063
0.87222224,46,921.787076
0.9,36,921.850926
0.89166665,39,921.868048
0.88611114,41,921.901167
0.88611114,41,921.920352
0.88611114,41,921.923543
0.8833333,42,921.93548
0.89444447,38,921.992049
0.88611114,41,921.998698
0.9027778,35,922.082454
0.8666667,48,922.118999
0.90833336,33,922.128932
0.87222224,46,922.132973
0.89166665,39,922.1456
0.90833336,33,922.205751
0.88055557,43,922.208706
0.875,45,922.269206
0.9166667,30,922.287132
0.0,16,922.287132
0.9027778,35,922.291435
0.9138889,31,922.294448
0.87222224,46,922.365989
0.88055557,43,922.40749
0.88611114,41,922.431833
0.9,36,922.47699
0.89444447,38,922.501692
0.9,36,922.501692
0.8972222,37,922.501692
0.86944443,47,922.564726
0.9027778,35,922.571441
0.9138889,31,922.690241
0.88055557,43,922.690241
0.8972222,37,922.727213
0.87777776,44,922.815208
0.86944443,47,922.826258
0.8972222,37,922.83047
0.89166665,39,922.83047
0.85555553,52,922.883184
0.9,36,922.911241
0.9,36,922.947282
0.88611114,41,922.959879
0.9138889,31,923.034383
0.9027778,35,923.050058
0.89444447,38,923.092822
0.8833333,42,923.092822
0.8888889,40,923.115062
0.9111111,32,923.127372
0.89166665,39,923.166956
0.8833333,42,923.183495
0.9,36,923.251769
0.9027778,35,923.334563
0.88611114,41,923.334563
0.8611111,50,923.383566
0.89444447,38,923.389108
0.89444447,38,923.41126
0.84444445,56,923.413265
0.86388886,49,923.465787
0.9,36,923.47457
0.9138889,31,923.531035
0.9,36,923.550942
0.9,36,923.599002
0.89166665,39,923.612088
0.90833336,33,923.614093
0.90555555,34,923.621161
0.9111111,32,923.631189
0.8888889,40,923.698681
0.90555555,34,923.753404
0.8611111,50,923.821014
0.9,36,923.834158
0.89166665,39,923.837166
0.87222224,46,923.842716
0.8972222,37,923.844723
0.87777776,44,923.883016
0.89166665,39,923.956995
0.8833333,42,923.995033
0.9138889,31,924.040026
0.86944443,47,924.112482
0.88055557,43,924.117026
0.8888889,40,924.117026
0.8833333,42,924.120201
0.86944443,47,924.140147
0.88055557,43,924.201156
0.89444447,38,924.248862
0.9,36,924.258933
0.9027778,35,924.326967
0.8972222,37,924.331006
0.88611114,41,924.344602
0.87777776,44,924.416852
0.8361111,59,924.469149
0.86388886,49,924.493192
0.87222224,46,924.537395
0.85833335,51,924.547291
0.8833333,42,924.568038
0.86944443,47,924.611249
0.0,12,924.621389
0.8972222,37,924.636935
0.86944443,47,924.636935
0.9027778,35,924.681325
0.87777776,44,924.765742
0.86944443,47,924.827236
0.88611114,41,924.875333
0.89166665,39,924.879416
0.9027778,35,924.890108
0.90833336,33,924.895457
0.89166665,39,924.900541
0.85555553,52,924.963183
0.87222224,46,925.069229
0.89444447,38,925.079377
0.87777776,44,925.086276
0.8888889,40,925.090202
0.8833333,42,925.136925
0.89166665,39,925.140665
0.0,12,925.156937
0.86388886,49,925.169255
0.8888889,40,925.171261
0.8833333,42,925.28314
0.8888889,40,925.28715
0.90833336,33,925.290815
0.88055557,43,925.349155
0.91944444,29,925.349155
0.8888889,40,925.375706
0.85555553,52,925.426963
0.8527778,53,925.493726
0.90833336,33,925.552142
0.89166665,39,925.55515
0.8972222,37,925.565293
0.875,45,925.569322
0.875,45,925.571326
0.9,36,925.645259
0.87777776,44,925.648093
0.9166667,30,925.750988
0.90555555,34,925.759893
0.8888889,40,925.769024
0.9,36,925.771029
0.85833335,51,925.778928
0.87222224,46,925.791456
0.87777776,44,925.88728
0.875,45,925.892837
0.9138889,31,925.917228
0.9027778,35,925.959239
0.89444447,38,925.962749
0.0,12,925.968966
0.9,36,925.97097
0.86388886,49,926.081357
0.84444445,56,926.092379
0.88611114,41,926.104465
0.9,36,926.155246
0.87777776,44,926.171373
0.88055557,43,926.182901
0.87222224,46,926.184905
0.8666667,48,926.233419
0.9138889,31,926.297267
0.9,36,926.300367
0.87777776,44,926.31698
0.89166665,39,926.39459
0.875,45,926.397128
0.89166665,39,926.439305
0.8888889,40,926.444557
0.89166665,39,926.463374
0.9027778,35,926.52332
0.8972222,37,926.527693
0.89166665,39,926.553312
0.90555555,34,926.622434
0.88611114,41,926.673987
0.8833333,42,926.695011
0.87777776,44,926.69832
0.9,36,926.765245
0.8833333,42,926.765245
0.8888889,40,926.790229
0.88611114,41,926.852394
0.9138889,31,926.874074
0.89444447,38,926.876928
0.9111111,32,926.933108
0.9027778,35,926.985958
0.88611114,41,927.005948
0.85833335,51,927.05354
0.88055557,43,927.062575
0.90555555,34,927.081404
0.875,45,927.129206
0.88611114,41,927.140095
0.88611114,41,927.1632
0.86944443,47,927.264417
0.8833333,42,927.268946
0.9166667,30,927.289168
0.875,45,927.300248
0.86388886,49,927.340723
0.87777776,44,927.348973
0.90833336,33,927.360661
0.8833333,42,927.369085
0.89444447,38,927.470963
0.8888889,40,927.483576
0.8972222,37,927.494529
0.89166665,39,927.544698
0.9,36,927.567294
0.8888889,40,927.567294
0.8833333,42,927.62444
0.8888889,40,927.700094
0.80833334,69,927.7122
0.89444447,38,927.763361
0.86944443,47,927.772165
0.85,54,927.786877
0.88055557,43,927.834377
0.87222224,46,927.847309
0.89444447,38,927.847309
0.8972222,37,927.937201
0.9111111,32,927.972692
0.875,45,927.985216
0.9111111,32,927.998168
0.87777776,44,928.07242
0.89444447,38,928.087255
0.86944443,47,928.151862
0.85833335,51,928.157044
0.90555555,34,928.222179
0.88055557,43,928.225959
0.9138889,31,928.238595
0.86944443,47,928.244307
0.9027778,35,928.311882
0.90833336,33,928.369005
0.83055556,61,928.376962
0.8972222,37,928.385041
0.90833336,33,928.443114
0.90833336,33,928.457532
0.8972222,37,928.470993
0.85833335,51,928.533339
0.9138889,31,928.535343
0.86944443,47,928.612471
0.8972222,37,928.619013
0.9,36,928.673027
0.8666667,48,928.675735
0.8972222,37,928.696167
0.87222224,46,928.765104
0.88611114,41,928.814799
0.8833333,42,928.814799
0.9027778,35,928.831008
0.9,36,928.87896
0.8666667,48,928.889079
0.9027778,35,928.897175
0.875,45,928.945369
0.87222224,46,929.033079
0.9,36,929.033079
0.88055557,43,929.039877
0.86388886,49,929.090788
0.9111111,32,929.094724
0.89166665,39,929.111229
0.87222224,46,929.177281
0.825,63,929.23401
0.9027778,35,929.235048
0.9,36,929.245932
0.87777776,44,929.297003
0.8833333,42,929.319156
0.8972222,37,929.319156
0.87222224,46,929.360723
0.9138889,31,929.379272
0.9111111,32,929.444315
0.9,36,929.457305
0.89444447,38,929.47154
0.8972222,37,929.518896
0.9111111,32,929.527402
0.9,36,929.583195
0.90833336,33,929.59037
0.86944443,47,929.60732
0.8972222,37,929.663064
0.90833336,33,929.663064
0.9,36,929.68722
0.8888889,40,929.752329
0.87777776,44,929.805603
0.89444447,38,929.815316
0.86944443,47,929.871018
0.8611111,50,929.903889
0.875,45,929.940175
0.875,45,929.940175
0.8833333,42,929.958041
0.9027778,35,929.96206
0.8888889,40,930.035292
0.9138889,31,930.037296
0.85833335,51,930.115832
0.9,36,930.160967
0.8833333,42,930.176886
0.8972222,37,930.180919
0.9027778,35,930.180919
0.87777776,44,930.188606
0.0,12,930.25832
0.89166665,39,930.261334
0.8888889,40,930.269381
0.89166665,39,930.342437
0.8888889,40,930.42931
0.89444447,38,930.44458
0.8833333,42,930.454753
0.86388886,49,930.514678
0.9027778,35,930.514678
0.8833333,42,930.572273
0.8833333,42,930.580353
0.9111111,32,930.586876
0.9027778,35,930.640675
0.8888889,40,930.716966
0.90555555,34,930.812586
0.875,45,930.816372
0.87222224,46,930.818898
0.89166665,39,930.823451
0.89444447,38,930.833472
0.8388889,58,930.833472
0.90555555,34,930.879008
0.8611111,50,931.014201
0.8888889,40,931.030937
0.8972222,37,931.039068
0.87777776,44,931.080633
0.87222224,46,931.097225
0.88611114,41,931.101218
0.8611111,50,931.103639
0.84166664,57,931.170145
0.89166665,39,931.245312
0.9027778,35,931.257918
0.89444447,38,931.25917
0.89444447,38,931.307319
0.9027778,35,931.317186
0.89166665,39,931.323825
0.87222224,46,931.388203
0.9,36,931.396105
0.0,12,931.462547
0.9,36,931.473847
0.8972222,37,931.476979
0.8833333,42,931.479026
0.90833336,33,931.525545
0.8888889,40,931.53897
0.8972222,37,931.544458
0.90555555,34,931.601199
0.88611114,41,931.692315
0.9,36,931.739219
0.8833333,42,931.747241
0.8972222,37,931.754586
0.86944443,47,931.759152
0.86388886,49,931.801599
0.88055557,43,931.812737
0.86388886,49,931.893268
0.8833333,42,931.961807
0.89166665,39,931.964599
0.9138889,31,931.982111
0.8972222,37,932.029831
0.8611111,50,932.044067
0.86388886,49,932.051105
0.8666667,48,932.051105
0.87777776,44,932.162597
0.90555555,34,932.167109
0.89444447,38,932.183202
0.9,36,932.267283
0.87222224,46,932.300464
0.9,36,932.300464
0.88055557,43,932.347309
0.88055557,43,932.352349
0.90555555,34,932.397098
0.88055557,43,932.425473
0.9,36,932.473912
0.90833336,33,932.487322
0.8666667,48,932.49417
0.88055557,43,932.550217
0.875,45,932.571236
0.87777776,44,932.575469
0.87222224,46,932.639792
0.8888889,40,932.675583
0.90833336,33,932.68286
0.9111111,32,932.686068
0.89166665,39,932.688941
0.9,36,964.22113
0.9138889,31,964.233729
0.8972222,37,964.252186
0.91944444,29,964.296888
0.9111111,32,964.323142
0.9,36,964.35897
0.8972222,37,964.379318
0.8888889,40,964.384367
0.90833336,33,964.436063
0.9166667,30,964.4654
0.87777776,44,964.514308
0.8888889,40,964.517316
0.91944444,29,964.517316
0.90833336,33,964.539823
0.91944444,29,964.542186
0.9,36,964.602988
0.90555555,34,964.613052
0.91944444,29,964.659519
0.90833336,33,964.689818
0.8972222,37,964.739231
0.89166665,39,964.748958
0.8972222,37,964.764579
0.89166665,39,964.800326
0.9138889,31,964.817363
0.89166665,39,964.830978
0.8972222,37,964.883216
0.91944444,29,964.903045
0.89444447,38,964.945108
0.9,36,965.017244
0.8833333,42,965.036292
0.8972222,37,965.03981
0.9111111,32,965.03981
0.9,36,965.106359
0.90833336,33,965.114012
0.9,36,965.167112
0.80277777,71,965.182759
0.91944444,29,965.203115
0.89444447,38,965.247339
0.88611114,41,965.271109
0.9138889,31,965.313347
0.87777776,44,965.317358
0.8972222,37,965.396887
0.90555555,34,965.400927
0.8527778,53,965.43228
0.90555555,34,965.439934
0.9111111,32,965.507362
0.0,17,965.511437
0.9111111,32,965.516984
0.87222224,46,965.561528
0.89444447,38,965.575217
0.9111111,32,965.626567
0.87777776,44,965.683393
0.90833336,33,965.731373
0.90555555,34,965.731373
0.87222224,46,965.741194
0.89166665,39,965.799937
0.9,36,965.803949
0.86388886,49,965.821278
0.90833336,33,965.885112
0.9111111,32,965.932203
0.9027778,35,965.94125
0.90833336,33,965.945263
0.85833335,51,965.954916
0.9138889,31,965.964312
0.9027778,35,966.013232
0.8888889,40,966.081547
0.9,36,966.101563
0.9027778,35,966.161032
0.8888889,40,966.166195
0.8888889,40,966.175533
0.8972222,37,966.179073
0.9138889,31,966.183082
0.8888889,40,966.229297
0.9111111,32,966.309559
0.9111111,32,966.331311
0.86944443,47,966.369981
0.90833336,33,966.369981
0.89444447,38,966.392169
0.8833333,42,966.442281
0.87777776,44,966.468958
0.86388886,49,966.470963
0.9027778,35,966.515683
0.90833336,33,966.538606
0.91944444,29,966.582947
0.89444447,38,966.586961
0.8833333,42,966.592966
0.9111111,32,966.670939
0.87777776,44,966.683066
0.8888889,40,966.754461
0.9138889,31,966.766227
0.9,36,966.766227
0.9027778,35,966.811504
0.85555553,52,966.817083
0.89444447,38,966.828996
0.9111111,32,966.887139
0.8888889,40,966.959102
0.90833336,33,966.9671
0.90833336,33,966.976923
0.9,36,966.986972
0.9138889,31,967.03377
0.89166665,39,967.038891
0.8888889,40,967.051288
0.9138889,31,967.057895
0.9138889,31,967.136886
0.9138889,31,967.188687
0.90833336,33,967.209527
0.8888889,40,967.209527
0.90833336,33,967.262781
0.85555553,52,967.2691
0.89166665,39,967.2731
0.9027778,35,967.27524
0.90555555,34,967.350235
0.9166667,30,967.356949
0.90833336,33,967.415718
0.90833336,33,967.463241
0.9138889,31,967.463241
0.89166665,39,967.468574
0.90555555,34,967.481184
0.8972222,37,967.48723
0.90833336,33,967.579393
0.89444447,38,967.644945
0.9,36,967.669369
0.90833336,33,967.679093
0.9027778,35,967.714106
0.9111111,32,967.721219
0.87777776,44,967.746898
0.9166667,30,967.785889
0.87222224,46,967.80441
0.9,36,967.864459
0.9111111,32,967.885294
0.89166665,39,967.894932
0.90833336,33,967.894932
0.89444447,38,967.934031
0.9111111,32,967.9463
0.9138889,31,967.955354
0.9111111,32,968.01143
0.9111111,32,968.032244
0.91944444,29,968.100349
0.9,36,968.149268
0.8833333,42,968.151273
0.89166665,39,968.151273
0.9,36,968.170498
0.8888889,40,968.176966
0.9027778,35,968.220132
0.91944444,29,968.255026
0.86944443,47,968.32183
0.90833336,33,968.331676
0.9138889,31,968.38035
0.8972222,37,968.38035
0.8972222,37,968.382358
0.90833336,33,968.392134
0.9,36,968.439814
0.0,11,968.45529
0.0,4,968.45529
0.9027778,35,968.464896
0.9138889,31,968.518936
0.90833336,33,968.581242
0.9027778,35,968.58525
0.89166665,39,968.589275
0.87222224,46,968.65722
0.90555555,34,968.666977
0.8972222,37,968.685107
0.9138889,31,968.689132
0.87777776,44,968.73723
0.90555555,34,968.76717
0.8972222,37,968.805288
0.8972222,37,968.811344
0.9111111,32,968.829631
0.9,36,968.912573
0.875,45,968.949997
0.89444447,38,968.962076
0.87777776,44,968.969307
0.9138889,31,968.979618
0.9,36,968.989749
0.9027778,35,969.030059
0.90833336,33,969.040065
0.90833336,33,969.131065
0.9027778,35,969.184262
0.89444447,38,969.187301
0.88055557,43,969.189327
0.90555555,34,969.240984
0.8972222,37,969.264816
0.87222224,46,969.26732
0.86388886,49,969.319323
0.89444447,38,969.350988
0.90833336,33,969.399071
0.90555555,34,969.399071
0.9027778,35,969.426353
0.9138889,31,969.467328
0.90833336,33,969.474741
0.8527778,53,969.499015
0.89166665,39,969.54914
0.90833336,33,969.565315
0.9027778,35,969.612469
0.8972222,37,969.62063
0.90555555,34,969.646191
0.9111111,32,969.646191
0.89444447,38,969.686967
0.90555555,34,969.710868
0.9138889,31,969.769036
0.87777776,44,969.793422
0.89444447,38,969.839522
0.8972222,37,969.84479
0.9027778,35,969.862615
0.9,36,969.907094
0.8833333,42,969.922215
0.90833336,33,969.922215
0.8972222,37,969.988682
0.90833336,33,970.001231
0.90555555,34,970.053417
0.9138889,31,970.073077
0.9,36,970.080382
0.9,36,970.132562
0.89166665,39,970.147218
0.90833336,33,970.194916
0.8277778,62,970.207433
0.88611114,41,970.268916
0.9027778,35,970.290462
0.8972222,37,970.304188
0.86944443,47,970.375566
0.9,36,970.38471
0.8833333,42,970.446946
0.89166665,39,970.454157
0.8888889,40,970.473154
0.91944444,29,970.51481
0.88611114,41,970.534427
0.90555555,34,970.544685
0.8888889,40,970.60252
0.90833336,33,970.659171
0.9,36,970.66318
0.86944443,47,970.669364
0.89166665,39,970.739735
0.9111111,32,970.747259
0.86944443,47,970.755963
0.88055557,43,970.809031
0.9138889,31,970.834745
0.875,45,970.88188
0.89444447,38,970.885753
0.90555555,34,970.952923
0.9111111,32,970.952923
0.8666667,48,970.96299
0.9,36,970.976141
0.9111111,32,970.979176
0.91944444,29,971.028736
0.90555555,34,971.087308
0.9,36,971.099087
0.9111111,32,971.116903
0.9,36,971.158255
0.9111111,32,971.171395
0.89444447,38,971.175938
0.8888889,40,971.231658
0.9,36,971.240323
0.90833336,33,971.263321
0.9027778,35,971.309973
0.90555555,34,971.325055
0.89166665,39,971.39205
0.0,14,971.405358
0.90555555,34,971.409307
0.90555555,34,971.450366
0.8666667,48,971.466981
0.90555555,34,971.474442
0.8611111,50,971.477523
0.9,36,971.530545
0.9138889,31,971.607699
0.9111111,32,971.614457
0.88055557,43,971.630511
0.9027778,35,971.630511
0.91944444,29,971.66898
0.90833336,33,971.685055
0.88611114,41,971.701607
0.89166665,39,971.754159
0.90833336,33,971.817261
0.90555555,34,971.827188
0.9138889,31,971.830728
0.9,36,971.846144
0.9138889,31,971.884856
0.8888889,40,971.901224
0.9027778,35,971.917046
0.9027778,35,971.971747
0.9138889,31,972.037087
0.89444447,38,972.054219
0.8833333,42,972.057233
0.91944444,29,972.062744
0.8972222,37,972.104193
0.8972222,37,972.108529
0.9027778,35,972.129361
0.90833336,33,972.18122
0.9138889,31,972.302671
0.89166665,39,972.309461
0.9027778,35,972.313534
0.9111111,32,972.323065
0.9,36,972.374295
0.9,36,972.397037
0.86944443,47,972.397037
0.9027778,35,972.440161
0.91944444,29,972.46463
0.90555555,34,972.521424
0.89166665,39,972.548541
0.88055557,43,972.587008
0.9138889,31,972.610743
0.89166665,39,972.623056
0.88611114,41,972.664204
0.85555553,52,972.679355
0.9027778,35,972.683365
0.88611114,41,972.75429
0.90833336,33,972.81706
0.88611114,41,972.819085
0.88055557,43,972.824426
0.9166667,30,972.839736
0.9,36,972.879167
0.89166665,39,972.882917
0.9027778,35,972.895328
0.9138889,31,973.003069
0.90555555,34,973.019183
0.87222224,46,973.022702
0.89166665,39,973.029163
0.9,36,973.041585
0.9027778,35,973.077076
0.9027778,35,973.081103
0.9027778,35,973.092212
0.9027778,35,973.212719
0.91944444,29,973.212719
0.90555555,34,973.217276
0.88611114,41,973.232039
0.9166667,30,973.236191
0.87222224,46,973.236191
0.9,36,973.274148
0.9027778,35,973.274148
0.90833336,33,973.403118
0.9138889,31,973.419003
0.89166665,39,973.426553
0.89166665,39,973.429104
0.90833336,33,973.432618
0.89444447,38,973.438907
0.89444447,38,973.474134
0.88055557,43,973.498871
0.9166667,30,973.571508
0.89444447,38,973.643324
0.89444447,38,973.650867
0.89444447,38,973.653615
0.89444447,38,973.657049
0.90833336,33,973.704498
0.87222224,46,973.721817
0.85833335,51,973.773035
0.90833336,33,973.777009
0.9166667,30,973.850316
0.9111111,32,973.852363
0.9027778,35,973.869494
0.9138889,31,973.871499
0.90555555,34,973.933389
0.84166664,57,973.997329
0.89444447,38,973.999356
0.8833333,42,974.015165
0.91944444,29,974.015165
0.9138889,31,974.072405
0.9027778,35,974.080903
0.88055557,43,974.086948
0.9138889,31,974.126884
0.9111111,32,974.19575
0.9166667,30,974.206736
0.9,36,974.264454
0.90833336,33,974.325588
0.9111111,32,974.329471
0.8527778,53,974.337041
0.88611114,41,974.341686
0.89444447,38,974.401143
0.8888889,40,974.476515
0.90833336,33,974.482036
0.88055557,43,974.493732
0.9,36,974.551903
0.8972222,37,974.565067
0.89444447,38,974.605136
0.88055557,43,974.607907
0.8972222,37,974.619134
0.91944444,29,974.675224
0.90833336,33,974.681256
0.90833336,33,974.700466
0.9027778,35,974.763033
0.90833336,33,974.782543
0.89166665,39,974.821945
0.88611114,41,974.842024
0.8833333,42,974.853084
0.0,2,974.910575
0.9111111,32,974.920128
0.8833333,42,974.926869
0.9111111,32,974.981317
0.86388886,49,974.987077
0.90555555,34,975.004345
0.89166665,39,975.063318
0.90555555,34,975.065353
0.9138889,31,975.085066
0.9111111,32,975.129062
0.86944443,47,975.191929
0.8972222,37,975.205551
0.88611114,41,975.214914
0.8972222,37,975.223361
0.9027778,35,975.279218
0.8972222,37,975.281845
0.9111111,32,975.288514
0.90555555,34,975.349305
0.9,36,975.423031
0.9138889,31,975.437143
0.89166665,39,975.453842
0.87777776,44,975.494934
0.90555555,34,975.506359
0.89166665,39,975.519166
0.89166665,39,975.527066
0.89166665,39,975.577376
0.9,36,975.639384
0.90555555,34,975.6491
0.88055557,43,975.727131
0.8888889,40,975.727131
0.8972222,37,975.727131
0.91944444,29,975.740961
0.88055557,43,975.79393
0.88611114,41,975.799383
0.9138889,31,975.819079
0.875,45,975.890283
0.9,36,975.946918
0.90555555,34,975.953072
0.89166665,39,975.956713
0.9027778,35,976.013335
0.8972222,37,976.017045
0.86944443,47,976.017045
0.9027778,35,976.052048
0.90833336,33,976.109741
0.90833336,33,976.165288
0.9027778,35,976.18302
0.9138889,31,976.19699
0.8888889,40,976.19699
0.9027778,35,976.237122
0.91944444,29,976.269121
0.875,45,976.309329
0.87777776,44,976.325376
0.8888889,40,976.400485
0.89166665,39,976.416559
0.9027778,35,976.416559
0.89166665,39,976.455631
0.9138889,31,976.471047
0.88055557,43,976.477425
0.9138889,31,976.485242
0.87222224,46,976.555062
0.9166667,30,976.558761
0.9111111,32,976.615379
0.91944444,29,976.619407
0.9138889,31,976.681823
0.87777776,44,976.689086
0.9,36,976.692097
0.90555555,34,976.703157
0.9138889,31,1009.865783
0.9138889,31,1009.917165
0.89166665,39,1009.921195
0.9138889,31,1009.921195
0.9138889,31,1009.991164
0.9027778,35,1009.999242
0.9027778,35,1010.01219
0.9111111,32,1010.01219
0.91944444,29,1010.08694
0.89444447,38,1010.09237
0.90833336,33,1010.100304
0.9027778,35,1010.102308
0.9138889,31,1010.19321
0.9138889,31,1010.195217
0.89444447,38,1010.201247
0.9111111,32,1010.273646
0.8666667,48,1010.273646
0.91944444,29,1010.27717
0.9166667,30,1010.285989
0.8888889,40,1010.34192
0.91944444,29,1010.358011
0.90833336,33,1010.375581
0.9,36,1010.424707
0.91944444,29,1010.437766
0.9138889,31,1010.447234
0.91944444,29,1010.451275
0.90555555,34,1010.493718
0.9111111,32,1010.515182
0.9138889,31,1010.559291
0.91944444,29,1010.565357
0.91944444,29,1010.583395
0.90833336,33,1010.655127
0.90833336,33,1010.665286
0.9,36,1010.669314
0.8972222,37,1010.71918
0.9138889,31,1010.721213
0.9,36,1010.781477
0.9166667,30,1010.785485
0.89444447,38,1010.797136
0.90555555,34,1010.85954
0.91944444,29,1010.85954
0.90555555,34,1010.869222
0.9111111,32,1010.88511
0.9138889,31,1010.947081
0.90555555,34,1010.960093
0.8666667,48,1011.006176
0.9027778,35,1011.006176
0.9166667,30,1011.025089
0.91944444,29,1011.031127
0.9111111,32,1011.031127
0.91944444,29,1011.082114
0.91944444,29,1011.158209
0.90555555,34,1011.164385
0.90833336,33,1011.214777
0.9,36,1011.224867
0.9138889,31,1011.227376
0.9111111,32,1011.239929
0.90833336,33,1011.244128
0.9138889,31,1011.265269
0.91944444,29,1011.357018
0.9111111,32,1011.415866
0.9138889,31,1011.437181
0.9166667,30,1011.511003
0.89444447,38,1011.525709
0.9,36,1011.527215
0.8833333,42,1011.536132
0.9138889,31,1011.617293
0.87222224,46,1011.620134
0.86944443,47,1011.69902
0.9111111,32,1011.69902
0.8666667,48,1011.762281
0.9027778,35,1011.764287
0.8888889,40,1011.76932
0.88611114,41,1011.774523
0.91944444,29,1011.814706
0.90833336,33,1011.825522
0.91944444,29,1011.892203
0.9111111,32,1011.905439
0.90833336,33,1011.990948
0.9111111,32,1011.994451
0.90555555,34,1011.999479
0.9138889,31,1012.017216
0.9,36,1012.017216
0.90555555,34,1012.017216
0.9138889,31,1012.095284
0.9138889,31,1012.150157
0.91944444,29,1012.181067
0.9027778,35,1012.272658
0.89444447,38,1012.314362
0.875,45,1012.320899
0.86388886,49,1012.328566
0.90833336,33,1012.33258
0.87777776,44,1012.33722
0.8972222,37,1012.390652
0.9138889,31,1012.403722
0.91944444,29,1012.467068
0.9166667,30,1012.480745
0.91944444,29,1012.482749
0.91944444,29,1012.492593
0.9138889,31,1012.525929
0.90833336,33,1012.541602
0.91944444,29,1012.56408
0.89444447,38,1012.631066
0.9166667,30,1012.649363
0.9138889,31,1012.725263
0.91944444,29,1012.727268
0.91944444,29,1012.729957
0.90555555,34,1012.729957
0.9138889,31,1012.750495
0.90833336,33,1012.8303
0.90833336,33,1012.899132
0.91944444,29,1012.906415
0.91944444,29,1012.927085
0.9027778,35,1012.997005
0.8972222,37,1013.008185
0.9138889,31,1013.008185
0.88611114,41,1013.017135
0.9166667,30,1013.097138
0.8972222,37,1013.163672
0.90833336,33,1013.184829
0.9111111,32,1013.194666
0.875,45,1013.199211
0.91944444,29,1013.199211
0.9111111,32,1013.241194
0.88611114,41,1013.29708
0.8833333,42,1013.33026
0.8972222,37,1013.394494
0.91944444,29,1013.401075
0.9138889,31,1013.409396
0.9111111,32,1013.409396
0.8972222,37,1013.415313
0.88055557,43,1013.491042
0.9111111,32,1013.547197
0.8833333,42,1013.562712
0.9138889,31,1013.564855
0.91944444,29,1013.613645
0.9,36,1013.622165
0.90555555,34,1013.622165
0.9,36,1013.629172
0.9027778,35,1013.708322
0.9,36,1013.767206
0.90833336,33,1013.774745
0.8972222,37,1013.784611
0.90833336,33,1013.833
0.9138889,31,1013.833
0.8833333,42,1013.853942
0.8888889,40,1013.858986
0.9111111,32,1013.919095
0.9,36,1013.987288
0.9111111,32,1013.994995
0.9027778,35,1013.994995
0.9166667,30,1014.001357
0.9138889,31,1014.003362
0.9138889,31,1014.058529
0.90833336,33,1014.067139
0.91944444,29,1014.170094
0.8666667,48,1014.188334
0.9027778,35,1014.188334
0.9027778,35,1014.199164
0.90833336,33,1014.212925
0.90555555,34,1014.259888
0.8527778,53,1014.28127
0.81666666,66,1014.353521
0.9138889,31,1014.359025
0.91944444,29,1014.394402
0.89444447,38,1014.411988
0.91944444,29,1014.417004
0.8972222,37,1014.421952
0.90833336,33,1014.475244
0.9111111,32,1014.495454
0.91944444,29,1014.562003
0.9111111,32,1014.562003
0.9138889,31,1014.565548
0.91944444,29,1014.574664
0.9111111,32,1014.578587
0.91944444,29,1014.578587
0.9027778,35,1014.655169
0.9,36,1014.707371
0.90833336,33,1014.767339
0.90833336,33,1014.767339
0.9138889,31,1014.775633
0.9138889,31,1014.779181
0.90833336,33,1014.786122
0.8833333,42,1014.830108
0.91944444,29,1014.843164
0.9138889,31,1014.90695
0.9138889,31,1014.932138
0.90833336,33,1014.938674
0.9138889,31,1014.98444
0.9027778,35,1014.988969
0.91944444,29,1014.995285
0.9138889,31,1015.015821
0.88055557,43,1015.057056
0.9138889,31,1015.085028
0.91944444,29,1015.140408
0.9111111,32,1015.156201
0.8972222,37,1015.239283
0.9138889,31,1015.260086
0.8888889,40,1015.264679
0.89444447,38,1015.264679
0.9027778,35,1015.27535
0.91944444,29,1015.319682
0.91944444,29,1015.37461
0.88611114,41,1015.398976
0.91944444,29,1015.449103
0.90833336,33,1015.46049
0.9166667,30,1015.467013
0.8888889,40,1015.475698
0.90555555,34,1015.489352
0.88611114,41,1015.523661
0.9138889,31,1015.547261
0.9166667,30,1015.599043
0.91944444,29,1015.612289
0.90833336,33,1015.674659
0.9138889,31,1015.674659
0.89444447,38,1015.683389
0.91944444,29,1015.685393
0.90833336,33,1015.693282
0.9027778,35,1015.756972
0.90555555,34,1015.772269
0.90555555,34,1015.819252
0.91944444,29,1015.831301
0.91944444,29,1015.843304
0.9111111,32,1015.843304
0.90555555,34,1015.892585
0.90555555,34,1015.901924
0.91944444,29,1015.916957
0.9027778,35,1016.048974
0.90833336,33,1016.059703
0.88611114,41,1016.059703
0.90833336,33,1016.069538
0.91944444,29,1016.07909
0.90833336,33,1016.117327
0.88611114,41,1016.127051
0.89166665,39,1016.195206
0.90833336,33,1016.277268
0.9138889,31,1016.287261
0.89444447,38,1016.287261
0.89166665,39,1016.289282
0.9111111,32,1016.303331
0.86944443,47,1016.34216
0.9166667,30,1016.364511
0.84444445,56,1016.435255
0.90833336,33,1016.493407
0.9027778,35,1016.501547
0.9138889,31,1016.505922
0.91944444,29,1016.505922
0.8972222,37,1016.514382
0.88055557,43,1016.521276
0.91944444,29,1016.561172
0.9,36,1016.650975
0.9138889,31,1016.695862
0.91944444,29,1016.699636
0.9138889,31,1016.699636
0.90833336,33,1016.706983
0.90833336,33,1016.724975
0.90555555,34,1016.733173
0.87777776,44,1016.733173
0.91944444,29,1016.845358
0.88055557,43,1016.898015
0.89444447,38,1016.898015
0.8888889,40,1016.906023
0.87777776,44,1016.917283
0.9027778,35,1016.924684
0.8972222,37,1016.963206
0.87777776,44,1016.977261
0.9111111,32,1017.092555
0.8833333,42,1017.096565
0.9138889,31,1017.100113
0.9,36,1017.100113
0.91944444,29,1017.105991
0.8888889,40,1017.112356
0.90555555,34,1017.117113
0.9138889,31,1017.143195
0.91944444,29,1017.247371
0.90833336,33,1017.300564
0.90555555,34,1017.300564
0.90555555,34,1017.304572
0.91944444,29,1017.304572
0.9111111,32,1017.312947
0.90555555,34,1017.312947
0.90833336,33,1017.333128
0.91944444,29,1017.450516
0.9166667,30,1017.455962
0.9138889,31,1017.456969
0.9138889,31,1017.460307
0.89166665,39,1017.462313
0.9138889,31,1017.466324
0.90555555,34,1017.513463
0.9138889,31,1017.521012
0.9138889,31,1017.636997
0.9027778,35,1017.665633
0.8972222,37,1017.674955
0.9027778,35,1017.711159
0.88055557,43,1017.719375
0.9027778,35,1017.719375
0.875,45,1017.72733
0.875,45,1017.730245
0.90833336,33,1017.866305
0.89444447,38,1017.872598
0.87222224,46,1017.872598
0.90833336,33,1017.875801
0.89166665,39,1017.922931
0.8972222,37,1017.933397
0.8888889,40,1017.939318
0.8833333,42,1017.939318
0.91944444,29,1018.042859
0.90833336,33,1018.064515
0.9027778,35,1018.071922
0.9138889,31,1018.07469
0.9027778,35,1018.07469
0.9138889,31,1018.149379
0.9027778,35,1018.15907
0.90833336,33,1018.15907
0.9111111,32,1018.301542
0.91944444,29,1018.308324
0.9,36,1018.313462
0.9166667,30,1018.318999
0.87222224,46,1018.318999
0.9138889,31,1018.355903
0.87777776,44,1018.381247
0.86388886,49,1018.387015
0.91944444,29,1018.506978
0.90833336,33,1018.51015
0.9138889,31,1018.51015
0.9027778,35,1018.534973
0.91944444,29,1018.534973
0.9,36,1018.534973
0.89166665,39,1018.579224
0.9138889,31,1018.584164
0.9027778,35,1018.708972
0.91944444,29,1018.71658
0.91944444,29,1018.717089
0.89166665,39,1018.719122
0.90833336,33,1018.729143
0.9166667,30,1018.729143
0.9138889,31,1018.734222
0.87222224,46,1018.777131
0.0,7,1018.802614
0.9166667,30,1018.883391
0.90555555,34,1018.922077
0.90833336,33,1018.92502
0.91944444,29,1018.92502
0.91944444,29,1018.92502
0.91944444,29,1018.931879
0.91944444,29,1018.997235
0.85555553,52,1019.025594
0.91944444,29,1019.077336
0.0,9,1019.086971
0.91944444,29,1019.093811
0.9111111,32,1019.093811
0.9111111,32,1019.097325
0.8972222,37,1019.149257
0.87222224,46,1019.17735
0.9027778,35,1019.213165
0.9027778,35,1019.294665
0.9138889,31,1019.299249
0.9138889,31,1019.302778
0.89444447,38,1019.316256
0.9166667,30,1019.316256
0.8833333,42,1019.368969
0.90833336,33,1019.392473
0.90555555,34,1019.392473
0.9138889,31,1019.465745
0.9111111,32,1019.470781
0.90833336,33,1019.529641
0.9027778,35,1019.534674
0.88055557,43,1019.547062
0.9027778,35,1019.585622
0.9027778,35,1019.607099
0.9138889,31,1019.666913
0.875,45,1019.673687
0.9138889,31,1019.673687
0.9166667,30,1019.726614
0.9111111,32,1019.726614
0.9166667,30,1019.73909
0.91944444,29,1019.743974
0.0,15,1019.751014
0.91944444,29,1019.799012
0.9138889,31,1019.827113
0.9138889,31,1019.872627
0.91944444,29,1019.941539
0.9,36,1019.983053
0.8972222,37,1019.999273
0.88055557,43,1020.005839
0.9027778,35,1020.005839
0.90555555,34,1020.017297
0.90833336,33,1020.081272
0.89166665,39,1020.146616
0.90833336,33,1020.165302
0.9,36,1020.167306
0.9138889,31,1020.222176
0.90833336,33,1020.229923
0.9,36,1020.247239
0.89166665,39,1020.321318
0.9138889,31,1020.321318
0.8472222,55,1020.358955
0.91944444,29,1020.36931
0.9138889,31,1020.373722
0.9027778,35,1020.4308
0.9027778,35,1020.437313
0.9138889,31,1020.444233
0.9138889,31,1020.514579
0.90555555,34,1020.527118
0.90833336,33,1020.571931
0.87222224,46,1020.607426
0.9111111,32,1020.644421
0.90555555,34,1020.658962
0.86388886,49,1020.666188
0.8888889,40,1020.666188
0.9138889,31,1020.721017
0.9138889,31,1020.74676
0.8972222,37,1020.75164
0.90833336,33,1020.825201
0.9138889,31,1020.831242
0.9166667,30,1020.86711
0.8972222,37,1020.86711
0.9027778,35,1020.886996
0.9166667,30,1020.893204
0.91944444,29,1020.943466
0.9111111,32,1020.96306
0.9138889,31,1021.034533
0.9111111,32,1021.034533
0.9,36,1021.042522
0.90555555,34,1021.044528
0.89444447,38,1021.107251
0.9111111,32,1021.113218
0.89166665,39,1021.117291
0.9138889,31,1021.159393
0.91944444,29,1021.236102
0.91944444,29,1021.244582
0.9138889,31,1021.244582
0.91944444,29,1021.247326
0.91944444,29,1021.339275
0.90555555,34,1021.370611
0.90833336,33,1021.371616
0.91944444,29,1021.430537
0.88055557,43,1021.434393
0.89166665,39,1021.494233
0.89166665,39,1021.50337
0.8833333,42,1021.508886
0.8972222,37,1021.559149
0.9,36,1021.579054
0.9138889,31,1021.64108
0.87222224,46,1021.645512
0.9,36,1021.650224
0.91944444,29,1021.662557
0.0,15,1021.719933
0.89166665,39,1021.719933
0.8972222,37,1021.728206
0.9,36,1021.771152
0.9111111,32,1021.777113
0.91944444,29,1021.83779
0.90833336,33,1021.845336
0.91944444,29,1021.87105
0.89444447,38,1021.910409
0.90833336,33,1021.920195
0.9138889,31,1021.925241
0.91944444,29,1021.93926
0.90833336,33,1021.947357
0.9027778,35,1022.023946
0.8972222,37,1022.068743
0.91944444,29,1022.089241
0.9166667,30,1022.152064
0.9027778,35,1022.162045
0.87777776,44,1022.162045
0.8833333,42,1022.162045
0.8888889,40,1022.166084
0.9138889,31,1022.232392
0.91944444,29,1022.291341
0.8833333,42,1022.317135
0.91944444,29,1022.360536
0.91944444,29,1022.360536
0.90555555,34,1022.367087
0.90555555,34,1022.377201
0.90555555,34,1022.379226
0.91944444,29,1022.396277
0.9138889,31,1022.460204
0.91944444,29,1022.522452
0.91944444,29,1022.529261
0.9,36,1055.489414
0.9,36,1055.508794
0.875,45,1055.508794
0.89444447,38,1055.512804
0.8888889,40,1055.569
0.90555555,34,1055.578414
0.9138889,31,1055.631455
0.91944444,29,1055.655338
0.9027778,35,1055.659717
0.91944444,29,1055.677267
0.90833336,33,1055.729013
0.9027778,35,1055.737107
0.91944444,29,1055.744237
0.9138889,31,1055.79459
0.91944444,29,1055.813729
0.91944444,29,1055.831349
0.9138889,31,1055.870964
0.91944444,29,1055.911032
0.91944444,29,1055.924514
0.91944444,29,1055.943328
0.9166667,30,1055.988815
0.9138889,31,1056.009244
0.9138889,31,1056.053004
0.90833336,33,1056.083956
0.9111111,32,1056.083956
0.91944444,29,1056.086963
0.9138889,31,1056.135027
0.91944444,29,1056.149191
0.90833336,33,1056.151195
0.91944444,29,1056.212002
0.9,36,1056.222249
0.9166667,30,1056.273577
0.9166667,30,1056.273577
0.90833336,33,1056.337325
0.91944444,29,1056.337325
0.8888889,40,1056.342032
0.9,36,1056.363959
0.91944444,29,1056.372236
0.90555555,34,1056.431224
0.91944444,29,1056.435233
0.9111111,32,1056.444605
0.91944444,29,1056.509222
0.9111111,32,1056.519215
0.90833336,33,1056.524264
0.91944444,29,1056.567107
0.9,36,1056.594558
0.9138889,31,1056.64177
0.9111111,32,1056.64177
0.9138889,31,1056.653466
0.91944444,29,1056.671328
0.9138889,31,1056.726328
0.91944444,29,1056.729819
0.87777776,44,1056.791001
0.9138889,31,1056.795017
0.91944444,29,1056.802638
0.9138889,31,1056.810239
0.9111111,32,1056.873453
0.8888889,40,1056.882998
0.90833336,33,1056.934448
0.9027778,35,1056.943978
0.91944444,29,1056.960142
0.9138889,31,1056.962147
0.9138889,31,1057.007277
0.8972222,37,1057.031716
0.91944444,29,1057.038939
0.9138889,31,1057.088149
0.9138889,31,1057.103027
0.90555555,34,1057.155864
0.91944444,29,1057.159723
0.9138889,31,1057.163738
0.90833336,33,1057.183202
0.9138889,31,1057.249261
0.90833336,33,1057.260114
0.91944444,29,1057.262119
0.9166667,30,1057.345847
0.9166667,30,1057.367257
0.9,36,1057.441008
0.89444447,38,1057.449399
0.90833336,33,1057.454062
0.91944444,29,1057.505568
0.9111111,32,1057.505568
0.9111111,32,1057.519067
0.9138889,31,1057.532599
0.90833336,33,1057.590416
0.91944444,29,1057.600837
0.9138889,31,1057.649051
0.91944444,29,1057.664339
0.9,36,1057.669415
0.9138889,31,1057.734357
0.8972222,37,1057.743586
0.91944444,29,1057.745592
0.91944444,29,1057.834374
0.90555555,34,1057.841873
0.9138889,31,1057.859177
0.91944444,29,1057.867152
0.91944444,29,1057.940956
0.91944444,29,1057.946974
0.9166667,30,1057.953019
0.88611114,41,1058.009815
0.91944444,29,1058.044569
0.90833336,33,1058.051134
0.9138889,31,1058.100221
0.9,36,1058.12119
0.9166667,30,1058.12119
0.91944444,29,1058.183091
0.9,36,1058.197129
0.9138889,31,1058.200162
0.90833336,33,1058.287184
0.91944444,29,1058.288885
0.9,36,1058.288885
0.9138889,31,1058.351239
0.9111111,32,1058.35695
0.9138889,31,1058.362988
0.9138889,31,1058.41325
0.89444447,38,1058.438886
0.9166667,30,1058.487011
0.9111111,32,1058.494892
0.90833336,33,1058.498507
0.9138889,31,1058.555677
0.9138889,31,1058.557242
0.90555555,34,1058.57383
0.90833336,33,1058.59089
0.91944444,29,1058.64694
0.91944444,29,1058.655535
0.89166665,39,1058.701127
0.9138889,31,1058.701127
0.9166667,30,1058.724286
0.91944444,29,1058.768871
0.9,36,1058.77407
0.90833336,33,1058.800091
0.91944444,29,1058.844377
0.90833336,33,1058.876994
0.89444447,38,1058.916097
0.91944444,29,1058.920463
0.89444447,38,1058.928078
0.91944444,29,1058.937143
0.9027778,35,1058.951883
0.91944444,29,1059.038856
0.90555555,34,1059.044734
0.91944444,29,1059.107727
0.91944444,29,1059.115754
0.9111111,32,1059.132641
0.91944444,29,1059.138873
0.91944444,29,1059.188859
0.8888889,40,1059.198984
0.9138889,31,1059.247215
0.90833336,33,1059.258605
0.91944444,29,1059.278335
0.9111111,32,1059.282372
0.9027778,35,1059.353019
0.89444447,38,1059.356924
0.9,36,1059.411463
0.90555555,34,1059.413501
0.9138889,31,1059.420114
0.9027778,35,1059.475825
0.91944444,29,1059.482552
0.91944444,29,1059.550458
0.9111111,32,1059.561404
0.91944444,29,1059.572204
0.86388886,49,1059.577207
0.91944444,29,1059.613298
0.90555555,34,1059.619327
0.91944444,29,1059.634625
0.8972222,37,1059.701245
0.9111111,32,1059.722229
0.91944444,29,1059.755649
0.91944444,29,1059.770304
0.9138889,31,1059.774392
0.91944444,29,1059.774392
0.9138889,31,1059.787249
0.9138889,31,1059.838053
0.91944444,29,1059.863804
0.9111111,32,1059.934072
0.90555555,34,1059.937111
0.91944444,29,1059.940889
0.9138889,31,1059.979001
0.90833336,33,1059.983016
0.91944444,29,1059.987024
0.91944444,29,1060.003818
0.8888889,40,1060.12016
0.9166667,30,1060.124763
0.91944444,29,1060.124763
0.91944444,29,1060.132908
0.9166667,30,1060.140825
0.90833336,33,1060.144263
0.88611114,41,1060.188887
0.8888889,40,1060.223689
0.91944444,29,1060.28664
0.91944444,29,1060.288868
0.91944444,29,1060.299376
0.91944444,29,1060.339335
0.9027778,35,1060.339335
0.90833336,33,1060.35118
0.91944444,29,1060.35519
0.90555555,34,1060.443263
0.91944444,29,1060.501156
0.90833336,33,1060.505165
0.89444447,38,1060.517441
0.9111111,32,1060.521471
0.91944444,29,1060.521471
0.90833336,33,1060.524202
0.9138889,31,1060.56504
0.91944444,29,1060.641249
0.91944444,29,1060.666988
0.9111111,32,1060.708101
0.91944444,29,1060.722185
0.9138889,31,1060.722185
0.9138889,31,1060.726964
0.90555555,34,1060.735025
0.89166665,39,1060.800501
0.9111111,32,1060.819918
0.91944444,29,1060.864857
0.91944444,29,1060.884615
0.9138889,31,1060.895588
0.8972222,37,1060.932928
0.90833336,33,1060.937953
0.9027778,35,1060.983084
0.9138889,31,1061.00723
0.9138889,31,1061.064002
0.91944444,29,1061.074814
0.91944444,29,1061.133082
0.9138889,31,1061.163248
0.9027778,35,1061.173321
0.9,36,1061.217309
0.9111111,32,1061.239028
0.89444447,38,1061.247055
0.9138889,31,1061.295172
0.91944444,29,1061.320942
0.9027778,35,1061.320942
0.91944444,29,1061.382949
0.90833336,33,1061.389857
0.91944444,29,1061.445958
0.9,36,1061.455078
0.9166667,30,1061.459
0.9138889,31,1061.470267
0.90833336,33,1061.527151
0.9,36,1061.535081
0.9027778,35,1061.591889
0.90833336,33,1061.591889
0.91944444,29,1061.601023
0.9166667,30,1061.615303
0.9138889,31,1061.615303
0.9111111,32,1061.67194
0.91944444,29,1061.690149
0.91944444,29,1061.731876
0.91944444,29,1061.75299
0.9138889,31,1061.763224
0.9027778,35,1061.81722
0.9027778,35,1061.830078
0.9027778,35,1061.830078
0.9111111,32,1061.842216
0.9166667,30,1061.887036
0.8888889,40,1061.959107
0.90555555,34,1061.969076
0.9,36,1061.969076
0.91944444,29,1062.021713
0.8972222,37,1062.047136
0.9027778,35,1062.051333
0.90555555,34,1062.12987
0.85555553,52,1062.163414
0.91944444,29,1062.167553
0.9138889,31,1062.213175
0.9138889,31,1062.213175
0.90555555,34,1062.247234
0.91944444,29,1062.291737
0.91944444,29,1062.301114
0.9166667,30,1062.345692
0.87222224,46,1062.361535
0.9111111,32,1062.37276
0.89166665,39,1062.412623
0.9027778,35,1062.416971
0.91944444,29,1062.427217
0.9166667,30,1062.443756
0.9027778,35,1062.500765
0.91944444,29,1062.507377
0.9166667,30,1062.561786
0.91944444,29,1062.577163
0.9111111,32,1062.590263
0.8972222,37,1062.596282
0.90833336,33,1062.637198
0.91944444,29,1062.674393
0.91944444,29,1062.713765
0.9111111,32,1062.742054
0.86388886,49,1062.747074
0.91944444,29,1062.805314
0.9,36,1062.810674
0.90833336,33,1062.813684
0.90833336,33,1062.827418
0.9166667,30,1062.881035
0.91944444,29,1062.885042
0.91944444,29,1062.953569
0.9111111,32,1062.959958
0.91944444,29,1062.980314
0.9138889,31,1063.015047
0.90555555,34,1063.021084
0.91944444,29,1063.025551
0.9138889,31,1063.046958
0.9,36,1063.101386
0.9138889,31,1063.115621
0.90833336,33,1063.160052
0.9166667,30,1063.17036
0.91944444,29,1063.17036
0.9111111,32,1063.184479
0.90833336,33,1063.22442
0.91944444,29,1063.238886
0.9138889,31,1063.317212
0.89166665,39,1063.328471
0.9138889,31,1063.33053
0.91944444,29,1063.334561
0.90833336,33,1063.378927
0.9138889,31,1063.397285
0.90555555,34,1063.401313
0.89166665,39,1063.475213
0.91944444,29,1063.534595
0.9166667,30,1063.534595
0.9027778,35,1063.537103
0.90555555,34,1063.543218
0.91944444,29,1063.547215
0.91944444,29,1063.60016
0.9111111,32,1063.607036
0.9138889,31,1063.675864
0.91944444,29,1063.695399
0.91944444,29,1063.697405
0.90555555,34,1063.744769
0.9138889,31,1063.74909
0.90555555,34,1063.755104
0.9027778,35,1063.809062
0.9027778,35,1063.815836
0.9138889,31,1063.839181
0.91944444,29,1063.88835
0.9166667,30,1063.897028
0.91944444,29,1063.909837
0.9111111,32,1063.917354
0.91944444,29,1063.979378
0.9111111,32,1063.983595
0.88055557,43,1063.993688
0.91944444,29,1064.039798
0.91944444,29,1064.056113
0.91944444,29,1064.061735
0.91944444,29,1064.113091
0.90555555,34,1064.122405
0.91944444,29,1064.209529
0.90833336,33,1064.222171
0.90555555,34,1064.238833
0.9138889,31,1064.238833
0.91944444,29,1064.287383
0.8972222,37,1064.308273
0.9166667,30,1064.312288
0.91944444,29,1064.319053
0.90833336,33,1064.397275
0.90833336,33,1064.440246
0.91944444,29,1064.444261
0.9138889,31,1064.451372
0.9138889,31,1064.463388
0.9166667,30,1064.510789
0.9111111,32,1064.523376
0.89444447,38,1064.57927
0.90833336,33,1064.601932
0.91944444,29,1064.601932
0.90833336,33,1064.613219
0.90833336,33,1064.65721
0.91944444,29,1064.65721
0.9138889,31,1064.678937
0.9138889,31,1064.688864
0.9111111,32,1064.763481
0.91944444,29,1064.811638
0.9111111,32,1064.833232
0.91944444,29,1064.833232
0.8888889,40,1064.849103
0.9027778,35,1064.885975
0.9111111,32,1064.901187
0.90833336,33,1064.912638
0.9138889,31,1064.969224
0.9111111,32,1064.985166
0.91944444,29,1064.996031
0.9,36,1065.057178
0.9111111,32,1065.060593
0.9138889,31,1065.073801
0.9,36,1065.106974
0.9111111,32,1065.1208
0.9166667,30,1065.137121
0.9138889,31,1065.197272
0.8972222,37,1065.206767
0.90833336,33,1065.269111
0.9027778,35,1065.273945
0.9138889,31,1065.281132
0.89166665,39,1065.33721
0.9138889,31,1065.344926
0.9,36,1065.344926
0.8972222,37,1065.429152
0.9166667,30,1065.434798
0.91944444,29,1065.472661
0.8888889,40,1065.479301
0.91944444,29,1065.49988
0.89444447,38,1065.49988
0.9166667,30,1065.508085
0.90833336,33,1065.55301
0.9111111,32,1065.634734
0.91944444,29,1065.634734
0.91944444,29,1065.641497
0.9138889,31,1065.705782
0.8972222,37,1065.705782
0.9138889,31,1065.705782
0.90555555,34,1065.725136
0.90833336,33,1065.732692
0.91944444,29,1065.811985
0.90555555,34,1065.855469
0.89444447,38,1065.869113
0.91944444,29,1065.874071
0.9,36,1065.929091
0.9,36,1065.929091
0.9027778,35,1065.943412
0.90555555,34,1065.946922
0.91944444,29,1065.999974
0.90833336,33,1066.024596
0.9138889,31,1066.064312
0.9027778,35,1066.087359
0.9166667,30,1066.093889
0.9166667,30,1066.093889
0.9138889,31,1066.1439
0.9027778,35,1066.158403
0.91944444,29,1066.16047
0.90555555,34,1066.244605
0.90555555,34,1066.251144
0.91944444,29,1066.296998
0.9111111,32,1066.301033
0.9166667,30,1066.329986
0.89444447,38,1066.341393
0.91944444,29,1066.383654
0.90833336,33,1066.39322
0.91944444,29,1066.467135
0.90555555,34,1066.476951
0.91944444,29,1066.476951
0.91944444,29,1066.478978
0.9138889,31,1066.539812
0.9166667,30,1066.543824
0.91944444,29,1066.552571
0.9111111,32,1066.602967
0.9138889,31,1066.634799
0.91944444,29,1066.640629
0.91944444,29,1066.640629
0.91944444,29,1066.703088
0.91944444,29,1066.711193
0.90555555,34,1066.753958
0.86944443,47,1066.771295
0.90555555,34,1066.782284
0.91944444,29,1066.837113
0.9138889,31,1066.838791
0.8972222,37,1066.893661
0.9138889,31,1066.903223
0.90555555,34,1066.929023
0.9138889,31,1066.929023
0.9027778,35,1067.003407
0.89166665,39,1067.003407
0.91944444,29,1067.005683
0.9,36,1067.059042
0.91944444,29,1067.0633
0.9,36,1067.129031
0.9111111,32,1067.134606
0.9,36,1067.147918
0.9166667,30,1067.199455
0.90833336,33,1067.209662
0.9027778,35,1067.219149
0.91944444,29,1067.222533
0.90555555,34,1067.269481
0.9138889,31,1067.293067
0.91944444,29,1067.33769
0.90833336,33,1067.33769
0.91944444,29,1067.366358
0.91944444,29,1067.409071
0.9027778,35,1067.409071
0.90833336,33,1067.440825
0.89444447,38,1067.478982
0.91944444,29,1067.500956
0.9027778,35,1067.509223
0.89444447,38,1067.564732
0.91944444,29,1067.574517
0.9111111,32,1067.585065
0.8972222,37,1067.622056
0.91944444,29,1067.638761
0.90833336,33,1067.653926
0.90555555,34,1067.715073
0.9,36,1067.724928
0.91944444,29,1067.764879
0.8888889,40,1067.791657
0.9111111,32,1067.791657
0.9027778,35,1067.795765
0.9166667,30,1067.799449
0.9166667,30,1067.877145
0.88611114,41,1067.932885
0.9166667,30,1067.957295
0.9,36,1068.012939
0.91944444,29,1068.014946
0.9166667,30,1068.021701
0.9138889,31,1068.021701
0.9027778,35,1068.041234
0.9138889,31,1068.105795
0.91944444,29,1068.108313
0.91944444,29,1068.113411
0.91944444,29,1068.180512
0.91944444,29,1068.187065
0.91944444,29,1068.187065
0.91944444,29,1068.244596
0.88055557,43,1068.258373
0.91944444,29,1068.302633
0.9111111,32,1068.310966
0.9111111,32,1068.317065
0.91944444,29,1068.338778
0.90833336,33,1068.393861
0.9027778,35,1103.524781
0.87222224,46,1103.544238
0.89166665,39,1103.557376
0.89444447,38,1103.615946
0.89444447,38,1103.621003
0.87222224,46,1103.636948
0.875,45,1103.707411
0.86944443,47,1103.777256
0.9027778,35,1103.796768
0.87222224,46,1103.804028
0.8888889,40,1103.868915
0.85833335,51,1103.871978
0.88611114,41,1103.932581
0.8666667,48,1103.947299
0.85555553,52,1104.073884
0.89166665,39,1104.089119
0.88611114,41,1104.089119
0.88611114,41,1104.191209
0.90833336,33,1104.19523
0.825,63,1104.21726
0.8888889,40,1104.21726
0.84166664,57,1104.289412
0.9027778,35,1104.31037
0.88055557,43,1104.379934
0.8972222,37,1104.438941
0.89166665,39,1104.448844
0.8388889,58,1104.503196
0.875,45,1104.522049
0.8972222,37,1104.529065
0.85555553,52,1104.545003
0.89166665,39,1104.591646
0.88611114,41,1104.677137
0.90833336,33,1104.681165
0.86388886,49,1104.683399
0.8888889,40,1104.759454
0.87222224,46,1104.807101
0.89166665,39,1104.817412
0.81666666,66,1104.8607
0.85833335,51,1104.870914
0.9027778,35,1104.892715
0.875,45,1104.968991
0.8472222,55,1105.027237
0.88611114,41,1105.035634
0.87222224,46,1105.098047
0.8527778,53,1105.098047
0.9027778,35,1105.111121
0.87222224,46,1105.126926
0.90555555,34,1105.192314
0.85555553,52,1105.197706
0.9027778,35,1105.31477
0.875,45,1105.323332
0.89166665,39,1105.341508
0.8972222,37,1105.348219
0.87777776,44,1105.348219
0.82222223,64,1105.414587
0.8833333,42,1105.46295
0.88055557,43,1105.46295
0.8972222,37,1105.545119
0.88611114,41,1105.564249
0.8972222,37,1105.607337
0.875,45,1105.633371
0.86944443,47,1105.635377
0.88055557,43,1105.688234
0.88611114,41,1105.699249
0.88611114,41,1105.699249
0.875,45,1105.82393
0.87777776,44,1105.849122
0.8972222,37,1105.853278
0.86388886,49,1105.855284
0.90833336,33,1105.902611
0.87777776,44,1105.910886
0.89166665,39,1105.917399
0.89166665,39,1105.924973
0.88055557,43,1106.055014
0.9027778,35,1106.061095
0.8888889,40,1106.125292
0.86388886,49,1106.135395
0.88611114,41,1106.135395
0.88055557,43,1106.184577
0.8527778,53,1106.18845
0.88055557,43,1106.193234
0.89444447,38,1106.305402
0.87777776,44,1106.353261
0.8972222,37,1106.419092
0.88055557,43,1106.427324
0.86388886,49,1106.437057
0.86944443,47,1106.441709
0.88611114,41,1106.441709
0.8666667,48,1106.496129
0.88611114,41,1106.580087
0.8611111,50,1106.650876
0.89166665,39,1106.674462
0.8833333,42,1106.719749
0.87777776,44,1106.723555
0.8611111,50,1106.727064
0.8611111,50,1106.734255
0.8666667,48,1106.797742
0.88055557,43,1106.823929
0.8972222,37,1106.879981
0.89166665,39,1106.951607
0.88055557,43,1106.967883
0.88611114,41,1106.971897
0.875,45,1107.019284
0.85555553,52,1107.025038
0.8972222,37,1107.026278
0.8888889,40,1107.109375
0.86944443,47,1107.177119
0.9027778,35,1107.191628
0.86944443,47,1107.25179
0.89166665,39,1107.262761
0.88055557,43,1107.272249
0.8611111,50,1107.320855
0.86944443,47,1107.403285
0.8333333,60,1107.405291
0.87777776,44,1107.472739
0.88611114,41,1107.477288
0.8972222,37,1107.494159
0.88055557,43,1107.510616
0.88611114,41,1107.547316
0.89166665,39,1107.557164
0.89444447,38,1107.631259
0.9138889,31,1107.695373
0.86388886,49,1107.774126
0.89166665,39,1107.774126
0.86388886,49,1107.779021
0.83055556,61,1107.779021
0.88055557,43,1107.831102
0.89444447,38,1107.919698
0.0,6,1107.974979
0.8388889,58,1107.979002
0.8666667,48,1108.059333
0.87222224,46,1108.119336
0.85833335,51,1108.14316
0.8472222,55,1108.154396
0.86388886,49,1108.154396
0.9027778,35,1108.19692
0.9027778,35,1108.202146
0.8388889,58,1108.202146
0.90833336,33,1108.241567
0.89444447,38,1108.354486
0.88055557,43,1108.427181
0.88055557,43,1108.45325
0.87222224,46,1108.469285
0.8527778,53,1108.512347
0.84444445,56,1108.520695
0.8388889,58,1108.542544
0.84166664,57,1108.606975
0.875,45,1108.615048
0.89166665,39,1108.665582
0.875,45,1108.737387
0.9027778,35,1108.738397
0.84444445,56,1108.824946
0.8472222,55,1108.833004
0.86388886,49,1108.877135
0.88611114,41,1108.881178
0.89444447,38,1108.899748
0.84444445,56,1108.979884
0.88611114,41,1108.987315
0.8527778,53,1109.059417
0.8833333,42,1109.107656
0.88055557,43,1109.133247
0.875,45,1109.141541
0.8888889,40,1109.143548
0.89444447,38,1109.222443
0.82222223,64,1109.263171
0.875,45,1109.274649
0.8888889,40,1109.339322
0.90833336,33,1109.361327
0.89166665,39,1109.374445
0.85,54,1109.445828
0.86944443,47,1109.450622
0.8972222,37,1109.505194
0.88611114,41,1109.512989
0.875,45,1109.58136
0.875,45,1109.673639
0.85833335,51,1109.722231
0.8972222,37,1109.729418
0.825,63,1109.733457
0.87222224,46,1109.736966
0.8972222,37,1109.736966
0.90833336,33,1109.752289
0.8527778,53,1109.80558
0.9027778,35,1109.888499
0.8972222,37,1109.977339
0.88611114,41,1109.979356
0.89166665,39,1109.98697
0.86944443,47,1110.035677
0.86388886,49,1110.051264
0.86944443,47,1110.060133
0.875,45,1110.067365
0.8972222,37,1110.119083
0.89166665,39,1110.214981
0.8833333,42,1110.251106
0.90833336,33,1110.261399
0.85,54,1110.290813
0.89166665,39,1110.3382
0.8611111,50,1110.344908
0.8972222,37,1110.350232
0.85,54,1110.427155
0.875,45,1110.507893
0.875,45,1110.511469
0.9027778,35,1110.567062
0.88055557,43,1110.573763
0.88611114,41,1110.583882
0.8666667,48,1110.632944
0.9027778,35,1110.632944
0.83055556,61,1110.640373
0.8972222,37,1110.729097
0.90555555,34,1110.793268
0.88055557,43,1110.80706
0.89444447,38,1110.863108
0.87222224,46,1110.863108
0.8333333,60,1110.880581
0.8611111,50,1110.947379
0.85,54,1110.957036
0.86944443,47,1111.047358
0.89166665,39,1111.055535
0.9027778,35,1111.055535
0.8972222,37,1111.121381
0.89166665,39,1111.139469
0.86388886,49,1111.20447
0.89444447,38,1111.216937
0.88611114,41,1111.269331
0.88611114,41,1111.363359
0.87777776,44,1111.372841
0.875,45,1111.372841
0.8972222,37,1111.372841
0.89166665,39,1111.455955
0.90833336,33,1111.463839
0.86944443,47,1111.463839
0.8666667,48,1111.549786
0.9027778,35,1111.61921
0.88611114,41,1111.643478
0.88611114,41,1111.644053
0.8666667,48,1111.694469
0.9111111,32,1111.700122
0.86944443,47,1111.813275
0.8972222,37,1111.813275
0.90833336,33,1111.867097
0.8472222,55,1111.877155
0.90555555,34,1111.936968
0.86388886,49,1112.015443
0.8611111,50,1112.021245
0.85,54,1112.061812
0.87777776,44,1112.129991
0.88611114,41,1112.138312
0.86944443,47,1112.141746
0.87777776,44,1112.194672
0.8972222,37,1112.202468
0.8972222,37,1112.281114
0.87777776,44,1112.30124
0.90833336,33,1112.353753
0.875,45,1112.373399
0.9,36,1112.381048
0.88055557,43,1112.440487
0.86944443,47,1112.505022
0.86388886,49,1112.507073
0.88611114,41,1112.522706
0.8888889,40,1112.61111
0.88611114,41,1112.652494
0.85555553,52,1112.691168
0.88611114,41,1112.695267
0.8888889,40,1112.714748
0.88611114,41,1112.794817
0.88611114,41,1112.84551
0.86388886,49,1112.857059
0.8972222,37,1112.870983
0.89166665,39,1112.922986
0.87777776,44,1112.936969
0.86944443,47,1112.944329
0.86388886,49,1113.015735
0.8972222,37,1113.060989
0.89166665,39,1113.084794
0.86944443,47,1113.084794
0.9027778,35,1113.18012
0.86388886,49,1113.184731
0.86944443,47,1113.257333
0.86388886,49,1113.295735
0.8972222,37,1113.343328
0.87222224,46,1113.358217
0.86388886,49,1113.449229
0.88055557,43,1113.517291
0.8388889,58,1113.523331
0.8527778,53,1113.572758
0.86388886,49,1113.591732
0.88055557,43,1113.599472
0.86944443,47,1113.654484
0.86944443,47,1113.663774
0.89166665,39,1113.691797
0.89444447,38,1113.761103
0.9,36,1113.822181
0.86388886,49,1113.839139
0.8972222,37,1113.850203
0.90833336,33,1113.860435
0.87777776,44,1113.903455
0.90555555,34,1113.934457
0.86388886,49,1114.005527
0.8972222,37,1114.012832
0.875,45,1114.127026
0.87777776,44,1114.137305
0.89166665,39,1114.137305
0.8472222,55,1114.153145
0.8972222,37,1114.16555
0.86944443,47,1114.167058
0.89166665,39,1114.24162
0.88055557,43,1114.294763
0.9138889,31,1114.31906
0.8972222,37,1114.382674
0.9027778,35,1114.390831
0.875,45,1114.451054
0.87777776,44,1114.47242
0.8666667,48,1114.486968
0.875,45,1114.549083
0.9027778,35,1114.555439
0.8666667,48,1114.61384
0.89166665,39,1114.637811
0.87222224,46,1114.705026
0.8972222,37,1114.733007
0.9027778,35,1114.835035
0.88055557,43,1114.893401
0.85833335,51,1114.893401
0.8111111,68,1114.924186
0.86388886,49,1114.987799
0.88611114,41,1115.001916
0.86944443,47,1115.00524
0.87777776,44,1115.057006
0.9,36,1115.069381
0.88611114,41,1115.129941
0.89166665,39,1115.156965
0.8666667,48,1115.192015
0.9027778,35,1115.201021
0.8972222,37,1115.236258
0.8972222,37,1115.24325
0.85833335,51,1115.38888
0.8972222,37,1115.392897
0.85,54,1115.451585
0.9027778,35,1115.457001
0.88611114,41,1115.469269
0.86388886,49,1115.572627
0.8388889,58,1115.577482
0.85833335,51,1115.620434
0.8972222,37,1115.712159
0.88055557,43,1115.719306
0.85833335,51,1115.721651
0.84444445,56,1115.81416
0.80277777,71,1115.89213
0.87222224,46,1115.909397
0.90833336,33,1115.963465
0.85555553,52,1115.970024
0.8361111,59,1115.986946
0.87777776,44,1116.051176
0.9138889,31,1116.057208
0.9027778,35,1116.164735
0.825,63,1116.18222
0.90555555,34,1116.225188
0.875,45,1116.225188
0.89166665,39,1116.245155
0.88611114,41,1116.313142
0.89166665,39,1116.334675
0.875,45,1116.394357
0.9138889,31,1116.470439
0.89166665,39,1116.490287
0.86388886,49,1116.501597
0.87777776,44,1116.511047
0.85833335,51,1116.560757
0.88611114,41,1116.577061
0.86944443,47,1116.684188
0.8888889,40,1116.699169
0.83055556,61,1116.712549
0.8972222,37,1116.720218
0.8972222,37,1116.727075
0.90555555,34,1116.787002
0.8666667,48,1116.790354
0.88611114,41,1116.79951
0.88611114,41,1152.072778
0.87222224,46,1152.139111
0.88055557,43,1152.153255
0.89166665,39,1152.155263
0.8888889,40,1152.161837
0.8833333,42,1152.215082
0.8527778,53,1152.219121
0.84166664,57,1152.230001
0.9027778,35,1152.301366
0.88611114,41,1152.389575
0.8972222,37,1152.398977
0.88611114,41,1152.438872
0.875,45,1152.450261
0.89166665,39,1152.45227
0.88055557,43,1152.478951
0.875,45,1152.478951
0.9027778,35,1152.569104
0.9138889,31,1152.655044
0.90833336,33,1152.673321
0.90833336,33,1152.726928
0.9111111,32,1152.751187
0.9138889,31,1152.761554
0.9027778,35,1152.761554
0.85555553,52,1152.817188
0.86388886,49,1152.822249
0.9138889,31,1152.834624
0.89444447,38,1152.904653
0.8972222,37,1152.951813
0.90555555,34,1152.970493
0.8972222,37,1152.972501
0.8972222,37,1152.981447
0.90833336,33,1153.023147
0.9027778,35,1153.033737
0.90833336,33,1153.042822
0.9027778,35,1153.150382
0.89166665,39,1153.150382
0.90555555,34,1153.1713
0.90833336,33,1153.185364
0.89166665,39,1153.187367
0.88055557,43,1153.263018
0.86388886,49,1153.299007
0.86944443,47,1153.325279
0.89166665,39,1153.401445
0.8972222,37,1153.415022
0.875,45,1153.425962
0.9,36,1153.441587
0.90833336,33,1153.509164
0.90833336,33,1153.513823
0.8611111,50,1153.561846
0.88611114,41,1153.595775
0.9027778,35,1153.654729
0.88055557,43,1153.672239
0.8972222,37,1153.677423
0.90833336,33,1153.734627
0.89166665,39,1153.748655
0.9138889,31,1153.804725
0.8833333,42,1153.812915
0.8333333,60,1153.816972
0.89166665,39,1153.925333
0.86944443,47,1153.935421
0.9027778,35,1153.953122
0.8527778,53,1154.004168
0.89166665,39,1154.022876
0.88611114,41,1154.069227
0.88055557,43,1154.104632
0.83055556,61,1154.163122
0.90833336,33,1154.307974
0.88611114,41,1154.32741
0.87222224,46,1154.390013
0.89166665,39,1154.433975
0.9138889,31,1154.442571
0.9111111,32,1154.522974
0.88055557,43,1154.543333
0.9027778,35,1154.571404
0.89166665,39,1154.729268
0.8972222,37,1154.73531
0.89444447,38,1154.811537
0.9138889,31,1154.84442
0.8972222,37,1154.851001
0.90833336,33,1154.940188
0.875,45,1154.961108
0.89166665,39,1154.999303
0.90833336,33,1155.119227
0.90833336,33,1155.129099
0.9138889,31,1155.134758
0.8972222,37,1155.258003
0.89166665,39,1155.275204
0.9027778,35,1155.347124
0.88055557,43,1155.38519
0.8972222,37,1155.404896
0.88611114,41,1155.591341
0.87777776,44,1155.597203
0.9,36,1155.633982
0.85555553,52,1155.724383
0.8888889,40,1155.765632
0.9,36,1155.792728
0.8888889,40,1155.805591
0.8666667,48,1155.805591
0.9138889,31,1156.004866
0.86388886,49,1156.137834
0.90833336,33,1156.137834
0.90833336,33,1156.171346
0.86944443,47,1156.188195
0.8388889,58,1156.26748
0.87777776,44,1156.308234
0.86388886,49,1156.331688
0.89166665,39,1156.425384
0.90833336,33,1156.494931
0.8972222,37,1156.521378
0.9027778,35,1156.538083
0.9027778,35,1156.55709
0.9138889,31,1156.639183
0.8972222,37,1156.639183
0.9027778,35,1156.694325
0.8888889,40,1156.955683
0.87222224,46,1156.955683
0.89166665,39,1156.97319
0.90833336,33,1156.97319
0.89166665,39,1157.100516
0.9027778,35,1157.125473
0.85555553,52,1157.143487
0.86944443,47,1157.217193
0.9,36,1157.375805
0.8972222,37,1157.383683
0.9027778,35,1157.389409
0.90833336,33,1157.570146
0.90833336,33,1157.641835
0.8972222,37,1157.741716
0.85,54,1157.750985
0.8972222,37,1157.757362
0.9138889,31,1157.825314
0.90555555,34,1157.913051
0.88055557,43,1158.047317
0.89166665,39,1158.074934
0.88611114,41,1158.111632
0.89166665,39,1158.199519
0.89166665,39,1158.207074
0.90833336,33,1158.230269
0.8611111,50,1158.337053
0.8888889,40,1158.356353
0.9138889,31,1158.363119
0.90833336,33,1158.494888
0.9138889,31,1158.517477
0.875,45,1158.583859
0.9138889,31,1158.592062
0.8972222,37,1158.602723
0.89166665,39,1158.765932
0.87222224,46,1158.853189
0.8833333,42,1158.853189
0.91944444,29,1158.89211
0.88611114,41,1158.977397
0.8972222,37,1159.001515
0.86388886,49,1159.112935
0.86944443,47,1159.197389
0.9027778,35,1159.379691
0.88611114,41,1159.397446
0.9138889,31,1159.403231
0.88611114,41,1159.426995
0.90833336,33,1159.448802
0.875,45,1159.637254
0.88611114,41,1159.697198
0.9027778,35,1159.799246
0.89166665,39,1159.813124
0.8527778,53,1159.819306
0.8888889,40,1159.849303
0.9,36,1159.864095
0.88611114,41,1159.935734
0.8833333,42,1160.133351
0.8833333,42,1160.219312
0.8888889,40,1160.261144
0.89166665,39,1160.27155
0.88611114,41,1160.279208
0.8833333,42,1160.364854
0.88611114,41,1160.371588
0.86944443,47,1160.427419
0.90833336,33,1160.561735
0.8833333,42,1160.653115
0.89444447,38,1160.702825
0.89444447,38,1160.724187
0.8888889,40,1160.792284
0.9027778,35,1160.798124
0.8972222,37,1160.921829
0.86944443,47,1160.934714
0.8888889,40,1161.063133
0.89166665,39,1161.083151
0.90833336,33,1161.1129
0.8972222,37,1161.119559
0.875,45,1161.277229
0.9027778,35,1161.369076
0.8666667,48,1161.369076
0.86944443,47,1161.439608
0.9,36,1161.517321
0.88611114,41,1161.659796
0.8666667,48,1161.687069
0.9027778,35,1161.799001
0.85833335,51,1161.799001
0.88611114,41,1161.84042
0.87222224,46,1161.845554
0.9027778,35,1161.862426
0.87222224,46,1162.115876
0.89166665,39,1162.223479
0.90833336,33,1162.352656
0.85555553,52,1162.367267
0.87777776,44,1162.388409
0.90555555,34,1162.388409
0.875,45,1162.396346
0.89166665,39,1162.402069
0.87777776,44,1162.642294
0.8972222,37,1162.649407
0.9027778,35,1162.751444
0.90833336,33,1162.751444
0.9027778,35,1162.78504
0.9027778,35,1162.790749
0.9027778,35,1162.79729
0.875,45,1162.935493
0.88611114,41,1163.147319
0.90555555,34,1163.147319
0.9138889,31,1163.160742
0.8888889,40,1163.187053
0.89166665,39,1163.217424
0.88055557,43,1163.299441
0.8361111,59,1163.331634
0.8972222,37,1163.342378
0.9027778,35,1163.521726
0.9027778,35,1163.627181
0.8888889,40,1163.631998
0.9027778,35,1163.657364
0.9138889,31,1163.744024
0.8972222,37,1163.795602
0.87222224,46,1163.871753
0.8194444,65,1163.909402
0.90833336,33,1163.929546
0.9138889,31,1164.017402
0.90833336,33,1164.03849
0.8972222,37,1164.081249
0.9027778,35,1164.279279
0.8972222,37,1164.357207
0.89166665,39,1164.444752
0.89166665,39,1164.501506
0.8972222,37,1164.579332
0.87222224,46,1164.599285
0.8972222,37,1164.719224
0.86388886,49,1164.750097
0.90833336,33,1164.767217
0.88055557,43,1164.773996
0.9027778,35,1164.865295
0.8972222,37,1164.994801
0.89166665,39,1165.037326
0.9138889,31,1165.044237
0.875,45,1165.069456
0.9027778,35,1165.167266
0.89166665,39,1165.21173
0.89444447,38,1165.21173
0.9027778,35,1165.287263
0.8972222,37,1165.46569
0.89444447,38,1165.47709
0.86944443,47,1165.497184
0.9027778,35,1165.58322
0.875,45,1165.625166
0.9027778,35,1165.72237
0.89444447,38,1165.72237
0.89166665,39,1165.729264
0.91944444,29,1165.868151
0.90555555,34,1165.887143
0.9027778,35,1165.917211
0.90833336,33,1165.922488
0.90833336,33,1166.010592
0.9138889,31,1166.032209
0.9027778,35,1166.129829
0.87777776,44,1166.18409
0.90833336,33,1166.395051
0.89166665,39,1166.44434
0.9138889,31,1166.44434
0.9138889,31,1166.451075
0.90833336,33,1166.557858
0.90833336,33,1166.579306
0.89166665,39,1166.719399
0.91944444,29,1166.76529
0.8888889,40,1166.842706
0.90833336,33,1166.857496
0.89444447,38,1166.869232
0.88055557,43,1166.992247
0.875,45,1167.057368
0.875,45,1167.154985
0.9138889,31,1167.213224
0.87777776,44,1167.227209
0.90833336,33,1167.317004
0.88055557,43,1167.344434
0.87777776,44,1167.368613
0.89444447,38,1167.477499
0.89444447,38,1167.613344
0.9111111,32,1167.629251
0.88055557,43,1167.629251
0.9138889,31,1167.749547
0.8888889,40,1167.75156
0.88611114,41,1167.77089
0.8666667,48,1167.911801
0.89444447,38,1167.911801
0.9138889,31,1168.010568
0.9,36,1168.033643
0.88611114,41,1168.079355
0.90833336,33,1168.154658
0.90833336,33,1168.154658
0.8666667,48,1168.329423
0.8888889,40,1168.34935
0.8833333,42,1168.365271
0.9027778,35,1168.561089
0.9138889,31,1168.599483
0.91944444,29,1168.599483
0.88055557,43,1168.617181
0.86944443,47,1168.79029
0.91944444,29,1168.891238
0.9,36,1168.922783
0.90833336,33,1169.011323
0.8888889,40,1169.042435
0.88611114,41,1169.071965
0.8472222,55,1169.141985
0.86388886,49,1169.201393
0.90833336,33,1169.329146
0.8972222,37,1169.442463
0.90555555,34,1169.449468
0.85,54,1169.456028
0.9138889,31,1169.473703
0.8472222,55,1169.492935
0.89444447,38,1169.554976
0.8972222,37,1169.89746
0.86388886,49,1169.909588
0.8972222,37,1170.029211
0.89166665,39,1170.065752
0.88055557,43,1170.137071
0.8833333,42,1170.173698
0.88055557,43,1170.185581
0.8333333,60,1170.29195
0.89444447,38,1170.350567
0.9138889,31,1170.437196
0.87777776,44,1170.457791
0.9027778,35,1170.502822
0.89166665,39,1170.593215
0.9,36,1170.627398
0.875,45,1170.737419
0.88611114,41,1170.779343
0.90833336,33,1170.785378
0.88611114,41,1170.897214
0.8833333,42,1170.929272
0.9027778,35,1171.021636
0.89166665,39,1171.031604
0.8972222,37,1171.071722
0.90555555,34,1171.159465
0.9138889,31,1171.188357
0.88055557,43,1171.329563
0.8972222,37,1171.34505
0.90833336,33,1171.351219
0.9,36,1171.467033
0.89166665,39,1171.481743
0.8833333,42,1171.607013
0.88611114,41,1171.627136
0.9138889,31,1171.73164
0.9027778,35,1171.745939
0.8666667,48,1171.758344
0.8972222,37,1171.785556
0.8833333,42,1171.935324
0.875,45,1172.011412
0.89166665,39,1172.041483
0.90833336,33,1172.145019
0.875,45,1172.151201
0.90833336,33,1172.16461
0.88611114,41,1172.183308
0.87777776,44,1172.189307
0.90833336,33,1172.293641
0.90833336,33,1172.333212
0.8833333,42,1172.485169
0.8972222,37,1172.607837
0.89444447,38,1172.631217
0.8833333,42,1172.719159
0.9027778,35,1172.732334
0.90833336,33,1172.754674
0.85,54,1172.755854
0.8277778,62,1172.872089
0.9138889,31,1172.883309
0.88611114,41,1173.201142
0.90833336,33,1173.310592
0.875,45,1173.32583
0.88055557,43,1173.354967
0.8666667,48,1173.437101
0.90555555,34,1173.449784
0.86388886,49,1173.475926
0.87222224,46,1173.582271
0.9027778,35,1173.737239
0.8972222,37,1173.737239
0.90833336,33,1173.854029
0.85555553,52,1173.860402
0.89166665,39,1173.860402
0.89166665,39,1173.877405
0.89166665,39,1173.924076
0.88055557,43,1174.061384
0.9138889,31,1174.131947
0.8833333,42,1174.217414
0.9027778,35,1174.395037
0.8972222,37,1174.40324
0.8972222,37,1174.410617
0.9027778,35,1174.432695
0.8888889,40,1174.574938
0.9138889,31,1174.604238
0.88055557,43,1174.721787
0.9138889,31,1174.76748
0.90833336,33,1174.776927
0.9027778,35,1174.776927
0.89166665,39,1174.907182
0.88611114,41,1174.912791
0.90833336,33,1175.11964
0.9138889,31,1175.139595
0.86388886,49,1175.139595
0.90833336,33,1175.161354
0.85833335,51,1175.181393
0.9111111,32,1175.291024
0.8833333,42,1175.297223
0.90833336,33,1175.304797
0.9027778,35,1175.565325
0.91944444,29,1175.565325
0.87777776,44,1252.237172
0.9138889,31,1252.237172
0.90833336,33,1252.237172
0.90555555,34,1252.249253
0.87777776,44,1252.255289
0.85833335,51,1252.26713
0.89166665,39,1252.539105
0.875,45,1252.633333
0.8972222,37,1252.641639
0.89166665,39,1252.655846
0.89444447,38,1252.668369
0.8972222,37,1252.668369
0.8611111,50,1252.814642
0.8194444,65,1252.964701
0.89166665,39,1252.989307
0.9027778,35,1253.001548
0.89166665,39,1253.099256
0.8972222,37,1253.099256
0.89166665,39,1253.127458
0.86944443,47,1253.235147
0.89166665,39,1253.261483
0.90833336,33,1253.353271
0.88611114,41,1253.62721
0.88055557,43,1253.687501
0.91944444,29,1253.709259
0.88611114,41,1253.809475
0.875,45,1253.809475
0.86388886,49,1253.847073
0.89444447,38,1253.873031
0.90555555,34,1253.957087
0.89166665,39,1254.135403
0.88611114,41,1254.174663
0.88055557,43,1254.303276
0.87777776,44,1254.320801
0.8972222,37,1254.327414
0.88611114,41,1254.327414
0.8611111,50,1254.333568
0.88611114,41,1254.441541
0.8972222,37,1254.663545
0.87777776,44,1254.670874
0.90833336,33,1254.709494
0.89166665,39,1254.822876
0.9027778,35,1254.845001
0.86944443,47,1254.88122
0.8611111,50,1254.893524
0.9138889,31,1255.008995
0.83055556,61,1255.101422
0.9027778,35,1255.101422
0.88611114,41,1255.177042
0.875,45,1255.322965
0.85555553,52,1255.451211
0.875,45,1255.451211
0.8611111,50,1255.473546
0.88055557,43,1255.551693
0.89166665,39,1255.55864
0.88611114,41,1255.577329
0.875,45,1255.747144
0.88611114,41,1255.86291
0.91944444,29,1255.868297
0.9138889,31,1255.907062
0.8833333,42,1255.995267
0.875,45,1256.020797
0.87777776,44,1256.051557
0.9027778,35,1256.167083
0.85555553,52,1256.181247
0.90833336,33,1256.261536
0.9027778,35,1256.279853
0.90555555,34,1256.400989
0.87777776,44,1256.447196
0.8972222,37,1256.447196
0.9111111,32,1256.565858
0.9111111,32,1256.587158
0.875,45,1256.601632
0.9027778,35,1256.627339
0.8972222,37,1256.721218
0.0,13,1256.733312
0.9138889,31,1256.740687
0.8972222,37,1256.879195
0.87777776,44,1257.013887
0.90833336,33,1257.028047
0.88055557,43,1257.067135
0.9027778,35,1257.17122
0.88611114,41,1257.177261
0.8972222,37,1257.203817
0.88055557,43,1257.299208
0.875,45,1257.459517
0.89166665,39,1257.487502
0.9027778,35,1257.495453
0.88055557,43,1257.501467
0.90833336,33,1257.587401
0.8972222,37,1257.645175
0.88055557,43,1257.657482
0.8888889,40,1257.762027
0.8972222,37,1257.933556
0.88611114,41,1257.933556
0.9027778,35,1257.947195
0.88055557,43,1258.041567
0.89444447,38,1258.085595
0.9,36,1258.085595
0.86944443,47,1258.289139
0.7972222,73,1258.315145
0.9027778,35,1258.327291
0.89166665,39,1258.397476
0.9027778,35,1258.419679
0.8833333,42,1258.575562
0.84166664,57,1258.581343
0.91944444,29,1258.717212
0.875,45,1258.809256
0.8833333,42,1258.814662
0.875,45,1258.849667
0.87222224,46,1258.867394
0.90833336,33,1258.952961
0.8972222,37,1258.974089
0.89166665,39,1259.14784
0.8972222,37,1259.221398
0.8833333,42,1259.354426
0.9027778,35,1259.363628
0.8666667,48,1259.363628
0.88055557,43,1259.380427
0.89166665,39,1259.398557
0.9027778,35,1259.661391
0.90833336,33,1259.66732
0.90833336,33,1259.801497
0.91944444,29,1259.887536
0.9,36,1259.887536
0.8972222,37,1259.891973
0.575,153,1259.927347
0.89166665,39,1259.927347
0.9138889,31,1260.057108
0.9027778,35,1260.089428
0.90833336,33,1260.194082
0.9027778,35,1260.343031
0.86944443,47,1260.427176
0.90833336,33,1260.437749
0.88055557,43,1260.444666
0.86388886,49,1260.452238
0.9027778,35,1260.488842
0.8361111,59,1260.565868
0.86388886,49,1260.754537
0.8888889,40,1260.770212
0.9027778,35,1260.837252
0.9,36,1260.839307
0.90833336,33,1260.89871
0.89166665,39,1260.90628
0.90833336,33,1260.923335
0.86388886,49,1260.991485
0.90833336,33,1261.095929
0.88611114,41,1261.15455
0.8972222,37,1261.166391
0.9138889,31,1261.17545
0.88611114,41,1261.184254
0.8888889,40,1261.195279
0.87777776,44,1261.2532
0.8833333,42,1261.2703
0.91944444,29,1261.394143
0.9027778,35,1261.394143
0.88055557,43,1261.407358
0.8972222,37,1261.411408
0.87777776,44,1261.487037
0.89166665,39,1261.487037
0.9027778,35,1261.508827
0.88611114,41,1261.511956
0.8972222,37,1261.633208
0.8972222,37,1261.633208
0.8972222,37,1261.648461
0.8972222,37,1261.71924
0.9138889,31,1261.71924
0.90833336,33,1261.728634
0.8833333,42,1261.736997
0.8361111,59,1261.799074
0.9,36,1261.8731
0.8833333,42,1261.89923
0.9027778,35,1261.969157
0.89444447,38,1261.969157
0.85833335,51,1261.988029
0.875,45,1261.999243
0.875,45,1262.051296
0.88611114,41,1262.061436
0.90833336,33,1262.125959
0.88611114,41,1262.132636
0.9138889,31,1262.207161
0.8888889,40,1262.233619
0.88611114,41,1262.237255
0.8833333,42,1262.307329
0.88611114,41,1262.320248
0.90833336,33,1262.370932
0.875,45,1262.383172
0.88611114,41,1262.413412
0.88611114,41,1262.524278
0.89166665,39,1262.537342
0.9138889,31,1262.579121
0.8833333,42,1262.765292
0.8972222,37,1262.791004
0.83055556,61,1262.809293
0.9027778,35,1262.809293
0.8611111,50,1262.861292
0.91944444,29,1262.870116
0.90833336,33,1262.884752
0.8833333,42,1262.965107
0.9111111,32,1263.069108
0.89166665,39,1263.069108
0.90833336,33,1263.072953
0.91944444,29,1263.075597
0.88055557,43,1263.12935
0.91944444,29,1263.133365
0.8972222,37,1263.156153
0.8972222,37,1263.2422
0.8972222,37,1263.332766
0.88611114,41,1263.386552
0.8972222,37,1263.417222
0.86388886,49,1263.427143
0.9138889,31,1263.430683
0.87222224,46,1263.430683
0.8527778,53,1263.43643
0.86944443,47,1263.473897
0.88611114,41,1263.617442
0.85833335,51,1263.637015
0.8972222,37,1263.642051
0.8888889,40,1263.642051
0.9027778,35,1263.642051
0.89166665,39,1263.682657
0.8972222,37,1263.682657
0.85555553,52,1263.768539
0.9027778,35,1263.840685
0.9027778,35,1263.867676
0.90833336,33,1263.867676
0.9027778,35,1263.869684
0.8972222,37,1263.910697
0.89444447,38,1263.916633
0.8888889,40,1263.92847
0.9027778,35,1263.999432
0.9138889,31,1264.03533
0.9138889,31,1264.090402
0.8972222,37,1264.157227
0.9,36,1264.171131
0.86944443,47,1264.189225
0.86388886,49,1264.193567
0.875,45,1264.193567
0.89444447,38,1264.247002
0.9027778,35,1264.271742
0.9027778,35,1264.321782
0.8972222,37,1264.396921
0.91944444,29,1264.416287
0.8972222,37,1264.421324
0.875,45,1264.469617
0.8888889,40,1264.47363
0.9027778,35,1264.498505
0.8611111,50,1264.547414
0.8972222,37,1264.564612
0.9166667,30,1264.649086
0.9111111,32,1264.677087
0.88055557,43,1264.677087
0.88055557,43,1264.743271
0.90555555,34,1264.749196
0.90833336,33,1264.805364
0.8972222,37,1264.805364
0.8527778,53,1264.826171
0.89166665,39,1264.951194
0.8972222,37,1264.970026
0.875,45,1264.970026
0.9027778,35,1264.970026
0.8527778,53,1264.97404
0.8972222,37,1265.061592
0.875,45,1265.069173
0.86944443,47,1265.109551
0.88055557,43,1265.206472
0.89166665,39,1265.214969
0.88055557,43,1265.264511
0.90833336,33,1265.27905
0.86944443,47,1265.27905
0.8527778,53,1265.333252
0.89444447,38,1265.359197
0.88055557,43,1265.376425
0.9138889,31,1265.451899
0.9,36,1265.484835
0.91944444,29,1265.5566
0.88611114,41,1265.559128
0.89444447,38,1265.564625
0.9027778,35,1265.611047
0.9027778,35,1265.621135
0.825,63,1265.718458
0.8666667,48,1265.7709
0.8833333,42,1265.775547
0.8972222,37,1265.789427
0.9027778,35,1265.789427
0.9138889,31,1265.797202
0.8833333,42,1265.845757
0.89166665,39,1265.871343
0.9138889,31,1265.96277
0.88611114,41,1266.00933
0.8888889,40,1266.029072
0.9027778,35,1266.031079
0.9138889,31,1266.033084
0.8888889,40,1266.042127
0.875,45,1266.095193
0.91944444,29,1266.159037
0.875,45,1266.161871
0.90833336,33,1266.24055
0.8833333,42,1266.25532
0.8972222,37,1266.257707
0.9138889,31,1266.2673
0.89166665,39,1266.312094
0.875,45,1266.327179
0.9027778,35,1266.43132
0.86388886,49,1266.523362
0.88611114,41,1266.541424
0.8833333,42,1266.602392
0.89166665,39,1266.624501
0.86944443,47,1266.624501
0.88055557,43,1266.627756
0.86944443,47,1266.634654
0.89166665,39,1266.7071
0.90833336,33,1266.777306
0.9,36,1266.797168
0.9111111,32,1266.861105
0.90833336,33,1266.864437
0.90833336,33,1266.870288
0.8972222,37,1266.894133
0.875,45,1266.894133
0.89166665,39,1266.97108
0.90833336,33,1266.981864
0.89444447,38,1267.054718
0.90555555,34,1267.133341
0.87777776,44,1267.187397
0.86944443,47,1267.192067
0.85833335,51,1267.209092
0.86944443,47,1267.215104
0.9027778,35,1267.220242
0.9027778,35,1267.288604
0.85833335,51,1267.294913
0.9027778,35,1267.390947
0.8972222,37,1267.395033
0.90833336,33,1267.400366
0.87777776,44,1267.400366
0.8972222,37,1267.425314
0.8833333,42,1267.478249
0.90555555,34,1267.494185
0.8833333,42,1267.557104
0.8972222,37,1267.667377
0.9,36,1267.669405
0.89166665,39,1267.671411
0.8888889,40,1267.742247
0.90833336,33,1267.755156
0.85,54,1267.770128
0.87222224,46,1267.814628
0.9027778,35,1267.818714
0.91944444,29,1267.841383
0.88611114,41,1267.918972
0.87222224,46,1267.97506
0.9027778,35,1267.977068
0.90555555,34,1267.984269
0.9,36,1268.0785
0.89166665,39,1268.09315
0.89444447,38,1268.11391
0.85833335,51,1268.155785
0.90555555,34,1268.17221
0.9027778,35,1268.239778
0.89444447,38,1268.244008
0.89444447,38,1268.244008
0.8972222,37,1268.333066
0.875,45,1268.351648
0.875,45,1268.426193
0.875,45,1268.430964
0.90833336,33,1268.477401
0.9027778,35,1268.481432
0.875,45,1268.487354
0.89166665,39,1268.50298
0.8972222,37,1268.580484
0.9027778,35,1268.585431
0.9138889,31,1268.665757
0.90833336,33,1268.67063
0.88055557,43,1268.727227
0.89166665,39,1268.737336
0.88611114,41,1268.789387
0.8611111,50,1268.789387
0.90833336,33,1268.811234
0.89444447,38,1268.821613
0.91944444,29,1268.899092
0.8972222,37,1268.909079
0.9,36,1268.96734
0.86944443,47,1268.973717
0.8972222,37,1269.048791
0.875,45,1269.05702
0.86944443,47,1269.065472
0.89166665,39,1269.099112
0.89444447,38,1269.136855
0.88611114,41,1269.195335
0.90833336,33,1269.200143
0.89166665,39,1269.211136
0.9,36,1269.297336
0.8888889,40,1269.297336
0.89166665,39,1269.359047
0.8666667,48,1269.380892
0.9,36,1269.384905
0.88055557,43,1269.504343
0.8611111,50,1269.512433
0.90833336,33,1269.524261
0.8472222,55,1269.567421
0.89166665,39,1269.574185
0.0,2,1269.574185
0.90833336,33,1269.591847
0.88611114,41,1269.659423
0.86388886,49,1269.66593
0.9027778,35,1269.731833
0.90833336,33,1269.738582
0.9138889,31,1269.750175
0.88611114,41,1269.757262
0.9138889,31,1269.805873
0.8833333,42,1269.842178
0.90833336,33,1269.890278
0.9138889,31,1269.967161
0.8972222,37,1269.982199
0.8666667,48,1269.982199
0.88611114,41,1270.061908
0.86944443,47,1370.46151
0.87222224,46,1370.469303
0.9027778,35,1370.483875
0.0,2,1370.483875
0.875,45,1370.594988
0.0,2,1370.607391
0.9027778,35,1370.631245
0.0,6,1370.707311
0.9027778,35,1370.719659
0.8972222,37,1370.735817
0.9138889,31,1370.841642
0.9166667,30,1370.86924
0.90555555,34,1370.877293
0.0,4,1370.901582
0.0,2,1370.915437
0.8833333,42,1371.025574
0.9138889,31,1371.031877
0.90833336,33,1371.057477
0.0,6,1371.227545
0.0,4,1371.313238
0.89166665,39,1371.327224
0.0,4,1371.337407
0.91944444,29,1371.361342
0.9027778,35,1371.493048
0.9138889,31,1371.567269
0.91944444,29,1371.595267
0.8277778,62,1371.623738
0.8388889,58,1371.647084
0.0,4,1371.647084
0.0,10,1371.727381
0.90833336,33,1371.753615
0.0,12,1371.890415
0.88055557,43,1371.897596
0.90833336,33,1371.903094
0.0,2,1371.903094
0.9111111,32,1371.909367
0.0,2,1371.909367
0.0,9,1372.025604
0.0,2,1372.043962
0.8333333,60,1372.043962
0.90833336,33,1372.057434
0.90555555,34,1372.063802
0.88055557,43,1372.201551
0.8972222,37,1372.344305
0.89166665,39,1372.357538
0.91944444,29,1372.442905
0.9111111,32,1372.442905
0.90833336,33,1372.465809
0.8666667,48,1372.483645
0.87777776,44,1372.599335
0.9,36,1372.639604
0.91944444,29,1372.770401
0.9138889,31,1372.84938
0.9027778,35,1372.857153
0.9138889,31,1372.865104
0.89166665,39,1372.865104
0.91944444,29,1372.89437
0.0,2,1372.907399
0.86388886,49,1372.91298
0.91944444,29,1373.020276
0.0,12,1373.020799
0.0,4,1373.025832
0.0,4,1373.053692
0.0,4,1373.053692
0.91944444,29,1373.163431
0.0,8,1373.171121
0.0,2,1373.177118
0.91944444,29,1373.212348
0.9138889,31,1373.337294
0.88611114,41,1373.344302
0.88611114,41,1373.359312
0.90833336,33,1373.389834
0.89166665,39,1373.534848
0.9166667,30,1373.534848
0.9027778,35,1373.62732
0.0,4,1373.62732
0.0,2,1373.642975
0.90555555,34,1373.66475
0.91944444,29,1373.694971
0.9138889,31,1373.701799
0.9166667,30,1373.782198
0.0,6,1373.837238
0.90833336,33,1373.845758
0.9027778,35,1374.069267
0.89444447,38,1374.080047
0.0,2,1374.087508
0.9138889,31,1374.104523
0.9166667,30,1374.106537
0.8972222,37,1374.111166
0.91944444,29,1374.224872
0.8527778,53,1374.224872
0.0,2,1374.241524
0.0,4,1374.257427
0.9,36,1374.271689
0.0,4,1374.287488
0.0,2,1374.287488
0.9138889,31,1374.459378
0.9138889,31,1374.465442
0.91944444,29,1374.471818
0.9166667,30,1374.471818
0.0,2,1374.552861
0.0,2,1374.552861
0.90555555,34,1374.704802
0.91944444,29,1374.708805
0.0,2,1374.724819
0.86944443,47,1374.724819
0.9138889,31,1374.724819
0.0,6,1374.769154
0.91944444,29,1374.864881
0.9111111,32,1374.881777
0.0,2,1374.89721
0.8972222,37,1375.011939
0.9111111,32,1375.063257
0.9138889,31,1375.077424
0.8666667,48,1375.14932
0.9138889,31,1375.179153
0.8972222,37,1375.179153
0.0,4,1375.21442
0.0,4,1375.21442
0.90833336,33,1375.299599
0.90833336,33,1375.393733
0.0,4,1375.489261
0.86944443,47,1375.51299
0.90833336,33,1375.515006
0.0,39,1375.649206
0.0,33,1375.686439
0.0,12,1375.686439
0.0,6,1375.781416
0.89444447,38,1375.812768
0.0,2,1375.835549
0.87777776,44,1375.841581
0.0,2,1375.867244
0.0,6,1375.894793
0.8388889,58,1375.902938
0.9111111,32,1375.902938
0.9138889,31,1375.964083
0.91944444,29,1376.063602
0.9,36,1376.153857
0.9166667,30,1376.197548
0.9138889,31,1376.323239
0.91944444,29,1376.343391
0.9138889,31,1376.351511
0.9138889,31,1376.362253
0.0,2,1376.362253
0.91944444,29,1376.362253
0.0,2,1376.370871
0.0,9,1376.411489
0.9138889,31,1376.520265
0.9138889,31,1376.549262
0.9166667,30,1376.896843
0.8666667,48,1376.93966
0.9027778,35,1376.93966
0.8972222,37,1376.945895
0.8666667,48,1377.082031
0.90555555,34,1377.089223
0.0,2,1377.097312
0.0,2,1377.108637
0.86944443,47,1377.115751
0.8888889,40,1377.115751
0.90833336,33,1377.273412
0.91944444,29,1377.351642
0.9138889,31,1377.357188
0.0,2,1377.365367
0.0,5,1377.391683
0.9138889,31,1377.527288
0.90555555,34,1377.57744
0.9027778,35,1377.587889
0.89166665,39,1377.661575
0.0,4,1377.669626
0.0,2,1377.677168
0.84166664,57,1377.687362
0.9111111,32,1377.701247
0.90555555,34,1377.830075
0.0,4,1377.857319
0.88055557,43,1377.873947
0.91944444,29,1377.950165
0.91944444,29,1377.990134
0.9138889,31,1378.008983
0.0,2,1378.021783
0.9027778,35,1378.097076
0.90833336,33,1378.097076
0.0,4,1378.105969
0.86388886,49,1378.114873
0.0,2,1378.114873
0.0,4,1378.13098
0.0,4,1378.139328
0.0,2,1378.149118
0.91944444,29,1378.257221
0.90833336,33,1378.279262
0.9,36,1378.394667
0.0,9,1378.400636
0.0,2,1378.409492
0.9138889,31,1378.477132
0.9166667,30,1378.552648
0.0,4,1378.56733
0.90833336,33,1378.581592
0.8972222,37,1378.581592
0.0,2,1378.581592
0.0,4,1378.607346
0.8472222,55,1378.683359
0.0,2,1378.701293
0.0,2,1378.717067
0.90833336,33,1378.831103
0.9027778,35,1378.844774
0.8666667,48,1378.875704
0.0,4,1378.900202
0.0,2,1378.91724
0.9138889,31,1378.91724
0.0,2,1378.930575
0.90555555,34,1379.028726
0.90555555,34,1379.028726
0.9138889,31,1379.035773
0.0,4,1379.061421
0.0,2,1379.073485
0.0,2,1379.141443
0.90555555,34,1379.162078
0.0,4,1379.186635
0.9111111,32,1379.1933
0.9111111,32,1379.202182
0.91944444,29,1379.274054
0.91944444,29,1379.289473
0.0,2,1379.289473
0.9138889,31,1379.343517
0.90833336,33,1379.413948
0.0,2,1379.4321
0.0,4,1379.463311
0.9111111,32,1379.476105
0.0,2,1379.487168
0.91944444,29,1379.673507
0.9138889,31,1379.704116
0.0,6,1379.71357
0.0,2,1379.71357
0.91944444,29,1379.74261
0.0,6,1379.747271
0.0,6,1379.7554
0.90833336,33,1379.82848
0.87777776,44,1379.849483
0.8972222,37,1379.913884
0.90833336,33,1379.999469
0.0,4,1380.031372
0.0,4,1380.059146
0.9111111,32,1380.124305
0.0,4,1380.151232
0.90833336,33,1380.157472
0.0,2,1380.162044
0.90833336,33,1380.180052
0.8972222,37,1380.209242
0.90833336,33,1380.285319
0.0,2,1380.309438
0.875,45,1380.337516
0.8972222,37,1380.429364
0.0,4,1380.45651
0.9,36,1380.494504
0.0,2,1380.54558
0.9111111,32,1380.54558
0.90555555,34,1380.56152
0.9138889,31,1380.573234
0.9,36,1380.591469
0.9138889,31,1380.662927
0.9027778,35,1380.662927
0.8972222,37,1380.947416
0.9138889,31,1381.01705
0.9111111,32,1381.097147
0.0,4,1381.111236
0.0,2,1381.123797
0.0,2,1381.139378
0.88055557,43,1381.145504
0.90833336,33,1381.157668
0.8972222,37,1381.157668
0.0,2,1381.235607
0.0,4,1381.248519
0.0,4,1381.263852
0.85833335,51,1381.263852
0.0,2,1381.277136
0.0,4,1381.277136
0.91944444,29,1381.300839
0.0,4,1381.300839
0.0,6,1381.376684
0.0,6,1381.40348
0.8527778,53,1381.417183
0.90833336,33,1381.459742
0.9138889,31,1381.565811
0.90833336,33,1381.575645
0.9138889,31,1381.620013
0.9138889,31,1381.759624
0.90833336,33,1381.76164
0.0,2,1381.779352
0.90833336,33,1381.924303
0.9138889,31,1381.936022
0.9138889,31,1381.941688
0.8833333,42,1382.017219
0.0,2,1382.024898
0.0,4,1382.044889
0.9138889,31,1382.057089
0.85,54,1382.081937
0.0,2,1382.15415
0.91944444,29,1382.169387
0.0,2,1382.169387
0.0,2,1382.182262
0.9027778,35,1382.195142
0.0,8,1382.216116
0.0,2,1382.294683
0.90833336,33,1382.349566
0.9,36,1382.357119
0.9138889,31,1382.357119
0.0,2,1382.363625
0.0,2,1382.371341
0.9138889,31,1382.447849
0.90833336,33,1382.447849
0.0,2,1382.461157
0.0,8,1382.467271
0.90833336,33,1382.601691
0.9138889,31,1382.628895
0.8666667,48,1382.750409
0.0,2,1382.762584
0.9138889,31,1382.780233
0.0,2,1382.780233
0.9027778,35,1382.787293
0.9138889,31,1382.795022
0.9111111,32,1382.864343
0.89166665,39,1382.864343
0.0,4,1382.864343
0.0,2,1382.882161
0.0,2,1382.895683
0.0,2,1382.912976
0.9138889,31,1383.027514
0.0,2,1383.039245
0.8888889,40,1383.057344
0.91944444,29,1383.159392
0.91944444,29,1383.167637
0.9111111,32,1383.175704
0.9138889,31,1383.197253
0.0,4,1383.202908
0.90833336,33,1383.216267
0.0,4,1383.303761
0.0,6,1383.310707
0.0,2,1383.325406
0.0,10,1383.343676
0.9027778,35,1383.343676
0.0,2,1383.361421
0.0,2,1383.383286
0.9,36,1383.498434
0.91944444,29,1383.522811
0.87777776,44,1383.617296
0.91944444,29,1383.642642
0.8833333,42,1383.652573
0.8972222,37,1383.764622
0.0,2,1383.777652
0.90833336,33,1383.777652
0.88055557,43,1383.86384
0.0,2,1383.885352
0.9,36,1383.927057
0.88611114,41,1383.931577
0.9138889,31,1384.032386
0.9027778,35,1384.032386
0.9138889,31,1384.041402
0.0,4,1384.061905
0.9027778,35,1384.207587
0.91944444,29,1384.220356
0.91944444,29,1384.355669
0.90833336,33,1384.373238
0.91944444,29,1384.393507
0.8388889,58,1384.494261
0.9027778,35,1384.499693
0.0,4,1384.524873
0.9138889,31,1384.607186
0.0,4,1384.614155
0.9166667,30,1384.614155
0.9138889,31,1384.675696
0.91944444,29,1384.762187
0.8361111,59,1384.762187
0.0,4,1384.789517
0.91944444,29,1384.817405
0.88611114,41,1384.825592
0.0,8,1384.91669
0.91944444,29,1384.951689
0.90833336,33,1384.977142
0.0,4,1384.98533
0.9,36,1385.064038
0.9138889,31,1385.085871
0.0,4,1385.092422
0.0,2,1385.105049
0.9138889,31,1385.217106
0.86944443,47,1385.327069
0.89444447,38,1385.327069
0.91944444,29,1385.341179
0.0,2,1385.341179
0.0,2,1385.341179
0.89444447,38,1385.347092
0.9111111,32,1385.36748
0.0,4,1385.36748
0.0,4,1385.36748
0.0,2,1385.37938
0.91944444,29,1385.387434
0.90833336,33,1385.502494
0.0,2,1385.523977
0.91944444,29,1385.549583
0.0,4,1385.56144
0.0,2,1385.64322
0.0,4,1385.649434
0.9166667,30,1385.697097
0.9166667,30,1385.785988
0.9166667,30,1385.785988
0.9138889,31,1385.805495
0.89166665,39,1385.825515
0.90555555,34,1385.833682
0.0,4,1385.833682
0.0,10,1386.1225
0.9111111,32,1386.141828
0.0,37,1386.253269
0.0,2,1386.269827
0.9138889,31,1386.291477
0.9138889,31,1386.291477
0.89444447,38,1386.309681
0.8972222,37,1386.443989
0.875,45,1386.549546
0.9027778,35,1386.557326
0.9027778,35,1386.58146
0.9138889,31,1386.607667
0.0,6,1386.70412
0.9138889,31,1386.731533
0.9027778,35,1386.737235
0.0,6,1386.835015
0.8833333,42,1386.840616
0.90555555,34,1386.877812
0.0,2,1386.889576
0.9111111,32,1386.911571
0.0,2,1386.982729
0.90833336,33,1386.982729
0.0,4,1387.017084
0.9138889,31,1387.037507
0.0,4,1387.044188
0.91944444,29,1387.049562
0.0,16,1387.154074
0.875,45,1387.173492
0.9111111,32,1387.173492
0.0,2,1387.184174
0.0,2,1387.282839
0.0,4,1387.309407
0.90833336,33,1387.315197
0.0,2,1387.327914
0.88055557,43,1387.334156
0.0,4,1387.351198
0.9111111,32,1387.454686
0.89166665,39,1387.490415
0.9138889,31,1387.594585
0.91944444,29,1387.735951
0.85833335,51,1387.735951
0.91944444,29,1387.75563
0.86388886,49,1387.769783
0.91944444,29,1387.793268
0.0,4,1387.793268
0.0,2,1387.919508
0.8611111,50,1388.069447
0.90833336,33,1388.17172
0.9138889,31,1388.230351
0.8972222,37,1388.344873
0.9027778,35,1388.351905
0.8527778,53,1388.359186
0.0,4,1388.387484
0.90833336,33,1388.394956
0.90833336,33,1388.40714
0.91944444,29,1388.419503
0.0,4,1388.419503
0.91944444,29,1388.523582
0.9138889,31,1388.657113
0.0,11,1388.6696
0.0,2,1388.675637
0.0,4,1388.701839
0.0,2,1388.717479
0.9138889,31,1388.725711
0.9138889,31,1388.807122
0.9027778,35,1388.815429
0.9138889,31,1388.841268
0.90833336,33,1388.841268
0.0,2,1388.853963
0.9027778,35,1388.865985
0.0,2,1388.865985
0.0,4,1388.957164
0.0,4,1388.957164
0.0,2,1388.971464
0.9138889,31,1389.119481
0.9138889,31,1389.129856
0.0,2,1389.137444
0.9166667,30,1389.137444
0.89166665,39,1389.144387
0.8833333,42,1389.28719
0.89444447,38,1389.28719
0.9111111,32,1389.29914
0.9111111,32,1389.377869
0.0,6,1389.417189
0.9138889,31,1389.651326
0.89166665,39,1389.727521
0.0,2,1389.74098
0.88611114,41,1389.805515
0.0,20,1389.825581
0.9138889,31,1389.833802
0.91944444,29,1389.833802
0.90555555,34,1389.853836
0.0,6,1389.853836
0.0,4,1389.861223
0.0,4,1389.887292
0.8472222,55,1389.981582
0.0,2,1389.997326
0.91944444,29,1390.122344
0.89166665,39,1390.130691
0.9138889,31,1390.199094
0.9138889,31,1390.283628
0.0,4,1390.307494
0.9166667,30,1390.347338
0.88611114,41,1390.347338
0.8972222,37,1390.419438
0.0,2,1390.427489
0.0,2,1390.435619
0.85555553,52,1390.463093
0.9,36,1390.591775
0.0,2,1390.609405
0.90833336,33,1390.617619
0.0,4,1390.637259
0.88055557,43,1390.711479
0.0,4,1390.741468
0.91944444,29,1390.757369
0.0,2,1390.769274
0.90833336,33,1390.769274
0.90833336,33,1390.8778
0.86944443,47,1390.886496
0.0,8,1390.886496
0.88611114,41,1390.907306
0.0,4,1390.914722
0.0,4,1390.914722
0.9138889,31,1391.00471
0.0,2,1391.017499
0.8972222,37,1391.060658
0.90833336,33,1391.13922
0.91944444,29,1391.193424
0.8888889,40,1391.27807
0.91944444,29,1391.291218
0.9138889,31,1391.297326
0.0,2,1391.311311
0.0,8,1391.311311
0.90833336,33,1391.432039
0.90833336,33,1391.475914
0.87777776,44,1391.625379
0.90833336,33,1391.625379
0.0,2,1391.637175
0.9027778,35,1391.702985
0.9,36,1391.736006
0.0,2,1391.749208
0.91944444,29,1391.749208
0.0,2,1391.763246
0.0,73,1391.76926
0.0,4,1391.7753
0.86944443,47,1391.874366
0.0,4,1391.9014
0.9027778,35,1391.9014
0.0,4,1391.927417
0.91944444,29,1392.003012
0.0,4,1392.00945
0.91944444,29,1392.02249
0.90555555,34,1392.044123
0.9166667,30,1392.124075
0.0,4,1392.149907
0.90833336,33,1392.149907
0.90833336,33,1392.156397
0.9166667,30,1392.29412
0.90833336,33,1392.305418
0.91944444,29,1392.391508
0.0,6,1392.474198
0.8972222,37,1392.540839
0.0,4,1392.540839
0.9166667,30,1392.672189
0.9138889,31,1392.679353
0.0,4,1392.711181
0.0,61,1392.739318
0.8972222,37,1392.739318
0.91944444,29,1392.84738
0.91944444,29,1392.931289
0.91944444,29,1392.939473
0.9166667,30,1393.005067
0.0,4,1393.019766
0.0,4,1393.037343
0.9138889,31,1393.160804
0.0,2,1393.183534
0.89166665,39,1393.191581
0.90833336,33,1393.205846
0.90833336,33,1393.207361
0.9138889,31,1393.237481
0.0,4,1393.239624
0.0,4,1393.327149
0.0,6,1393.341722
0.0,13,1393.363455
0.91944444,29,1393.379317
0.0,8,1393.393713
0.88611114,41,1393.505473
0.8833333,42,1393.538724
0.9138889,31,1393.552681
0.9027778,35,1393.622954
0.9138889,31,1393.674311
0.0,10,1393.692901
0.91944444,29,1393.692901
0.0,2,1393.759174
0.9111111,32,1393.786242
0.9166667,30,1393.786242
0.0,6,1393.824056
0.90833336,33,1393.899026
0.9138889,31,1393.911229
0.0,4,1393.937361
0.89444447,38,1394.035682
0.90833336,33,1394.076154
0.90833336,33,1394.207302
0.0,2,1394.221901
0.91944444,29,1394.221901
0.89166665,39,1394.221901
0.0,2,1394.236217
0.9111111,32,1394.255503
0.8611111,50,1394.341327
0.9138889,31,1394.35087
0.0,2,1394.357406
0.0,14,1394.375197
0.9027778,35,1394.411529
0.9166667,30,1394.411529
0.9138889,31,1394.567502
0.91944444,29,1394.567502
0.9166667,30,1394.657421
0.0,2,1394.671674
0.9138889,31,1394.69734
0.9138889,31,1394.703496
0.0,2,1394.711049
0.9166667,30,1394.77773
0.90833336,33,1394.826778
0.8972222,37,1394.904291
0.91944444,29,1394.933382
0.0,2,1394.951269
0.9138889,31,1395.061932
0.88055557,43,1395.102993
0.90833336,33,1395.123198
0.9027778,35,1395.128027
0.89166665,39,1395.217612
0.0,4,1395.217612
0.0,2,1395.235248
0.0,2,1395.235248
0.9111111,32,1395.241357
0.91944444,29,1395.247396
0.0,2,1395.249538
0.0,4,1395.261222
0.0,4,1395.271466
0.0,2,1395.289239
0.0,4,1395.289239
0.9138889,31,1395.362997
0.0,2,1395.362997
0.0,2,1395.377817
0.0,2,1395.399605
0.9138889,31,1395.413216
0.0,2,1395.425333
0.90833336,33,1395.531116
0.0,4,1395.557085
0.90833336,33,1395.55884
0.91944444,29,1395.569802
0.0,6,1395.671182
0.0,4,1395.671182
0.0,2,1395.694441
0.0,4,1395.723758
0.0,4,1395.755538
0.9027778,35,1395.82551
0.89166665,39,1395.84649
0.9166667,30,1395.851816
0.0,2,1395.867078
0.86388886,49,1395.873189
0.0,2,1395.886063
0.8666667,48,1396.015148
0.9111111,32,1396.044037
0.0,2,1396.057489
0.88055557,43,1396.137335
0.9138889,31,1396.187446
0.8972222,37,1396.267293
0.90833336,33,1396.297891
0.88055557,43,1396.381403
0.9111111,32,1396.390695
0.0,2,1396.403835
0.9138889,31,1396.427749
0.0,8,1396.443417
0.84166664,57,1396.443417
0.9138889,31,1396.449365
0.0,2,1396.457465
0.0,8,1396.463553
0.0,4,1396.532329
0.0,4,1396.541537
0.91944444,29,1396.544806
0.0,2,1396.561191
0.9138889,31,1396.587427
0.90833336,33,1396.807479
0.0,6,1396.807479
0.0,4,1396.85709
0.0,2,1396.874956
0.91944444,29,1396.894126
0.0,6,1396.969481
0.9138889,31,1396.978891
0.91944444,29,1501.579007
0.9111111,32,1501.612458
0.90833336,33,1501.623424
0.9027778,35,1501.725261
0.91944444,29,1502.02587
0.89166665,39,1502.031454
0.9166667,30,1502.055602
0.91944444,29,1502.055602
0.91944444,29,1502.061255
0.0,2,1502.069452
0.0,7,1502.073472
0.91944444,29,1502.157508
0.0,2,1502.177335
0.91944444,29,1502.177335
0.90555555,34,1502.301325
0.9111111,32,1502.425048
0.9166667,30,1502.432415
0.0,2,1502.447452
0.9138889,31,1502.447452
0.0,4,1502.454291
0.9138889,31,1502.460159
0.0,2,1502.47318
0.90555555,34,1502.47318
0.9138889,31,1502.499613
0.89444447,38,1502.616196
0.9138889,31,1502.627799
0.0,4,1502.713158
0.91944444,29,1502.779414
0.91944444,29,1502.785053
0.91944444,29,1502.872669
0.0,4,1502.885962
0.0,2,1502.89161
0.90833336,33,1502.905098
0.9138889,31,1502.912585
0.89166665,39,1502.91926
0.0,6,1502.929821
0.90833336,33,1503.026755
0.91944444,29,1503.03967
0.91944444,29,1503.160802
0.9111111,32,1503.38575
0.91944444,29,1503.38575
0.9166667,30,1503.457114
0.9166667,30,1503.478538
0.8972222,37,1503.510118
0.9138889,31,1503.523099
0.9,36,1503.635085
0.91944444,29,1503.647454
0.91944444,29,1503.759367
0.9138889,31,1503.76997
0.9138889,31,1503.783278
0.0,13,1503.789677
0.90833336,33,1503.923316
0.9138889,31,1503.923316
0.8833333,42,1503.950459
0.91944444,29,1503.957505
0.91944444,29,1504.109797
0.9138889,31,1504.109797
0.0,2,1504.186851
0.91944444,29,1504.193396
0.0,2,1504.205858
0.89444447,38,1504.247283
0.0,2,1504.265987
0.9166667,30,1504.265987
0.91944444,29,1504.350421
0.90555555,34,1504.357426
0.9138889,31,1504.377297
0.91944444,29,1504.51236
0.9138889,31,1504.555457
0.91944444,29,1504.688534
0.8833333,42,1504.70105
0.91944444,29,1504.707598
0.90833336,33,1504.717125
0.91944444,29,1504.717125
0.0,2,1504.731687
0.90833336,33,1504.824639
0.9027778,35,1504.973151
0.91944444,29,1504.980826
0.91944444,29,1505.017275
0.91944444,29,1505.105554
0.90555555,34,1505.1315
0.9027778,35,1505.1315
0.90833336,33,1505.143721
0.0,2,1505.161973
0.9,36,1505.255455
0.0,2,1505.273122
0.91944444,29,1505.299737
0.9138889,31,1505.30477
0.0,2,1505.317562
0.9111111,32,1505.47883
0.91944444,29,1505.497288
0.8888889,40,1505.606209
0.91944444,29,1505.619971
0.0,2,1505.640922
0.9,36,1505.651407
0.9138889,31,1505.701466
0.91944444,29,1505.791194
0.91944444,29,1505.812102
0.91944444,29,1505.952978
0.9138889,31,1505.967121
0.9138889,31,1506.005379
0.9138889,31,1506.099507
0.9166667,30,1506.137506
0.91944444,29,1506.143379
0.9166667,30,1506.169694
0.8666667,48,1506.282854
0.91944444,29,1506.317321
0.0,6,1506.424631
0.9027778,35,1506.437259
0.9111111,32,1506.444479
0.91944444,29,1506.495485
0.9,36,1506.575432
0.90833336,33,1506.599579
0.9166667,30,1506.645922
0.8833333,42,1506.76949
0.91944444,29,1506.807162
0.0,6,1506.816491
0.9111111,32,1506.822663
0.0,4,1506.911583
0.9027778,35,1506.911583
0.91944444,29,1506.931714
0.9138889,31,1506.96146
0.0,5,1506.978736
0.9138889,31,1507.001053
0.91944444,29,1507.123302
0.0,16,1507.273513
0.91944444,29,1507.281601
0.0,2,1507.297424
0.91944444,29,1507.303682
0.91944444,29,1507.303682
0.90833336,33,1507.319294
0.9166667,30,1507.419248
0.9138889,31,1507.419248
0.9138889,31,1507.523403
0.91944444,29,1507.659502
0.9138889,31,1507.759738
0.9166667,30,1507.759738
0.0,2,1507.779263
0.90833336,33,1507.787358
0.0,2,1507.802654
0.9027778,35,1507.817268
0.0,7,1507.832666
0.9138889,31,1507.832666
0.0,4,1507.832666
0.0,2,1507.844981
0.90833336,33,1507.844981
0.0,2,1508.064765
0.0,4,1508.106032
0.91944444,29,1508.106032
0.9027778,35,1508.329482
0.9111111,32,1508.36148
0.91944444,29,1508.467581
0.91944444,29,1508.481907
0.0,2,1508.499503
0.9138889,31,1508.499503
0.91944444,29,1508.515877
0.91944444,29,1508.537235
0.0,4,1508.537235
0.0,2,1508.555714
0.90555555,34,1508.637167
0.0,8,1508.703506
0.0,13,1508.719268
0.9111111,32,1508.809156
0.90833336,33,1508.832698
0.9138889,31,1508.847572
0.9111111,32,1508.951766
0.9138889,31,1508.96193
0.9166667,30,1508.969654
0.0,5,1508.997705
0.0,6,1509.043199
0.91944444,29,1509.147297
0.91944444,29,1509.162895
0.91944444,29,1509.212602
0.90555555,34,1509.305705
0.9138889,31,1509.327353
0.91944444,29,1509.355544
0.91944444,29,1509.365751
0.9138889,31,1509.497593
0.90833336,33,1509.593389
0.8972222,37,1509.612051
0.91944444,29,1509.612051
0.9138889,31,1509.641654
0.9138889,31,1509.671273
0.9027778,35,1509.807233
0.8972222,37,1509.81418
0.0,2,1509.829459
0.9138889,31,1509.932691
0.9138889,31,1509.987343
0.9166667,30,1509.993899
0.0,5,1510.089259
0.91944444,29,1510.097231
0.9027778,35,1510.097231
0.90833336,33,1510.114061
0.0,2,1510.116177
0.0,5,1510.16257
0.91944444,29,1510.181261
0.91944444,29,1510.267249
0.91944444,29,1510.29537
0.0,11,1510.307287
0.0,4,1510.403343
0.9138889,31,1510.436848
0.0,6,1510.448843
0.91944444,29,1510.454882
0.9027778,35,1510.553659
0.9111111,32,1510.553659
0.0,2,1510.567426
0.91944444,29,1510.580957
0.0,5,1510.593331
0.0,4,1510.599019
0.91944444,29,1510.605058
0.91944444,29,1510.660404
0.91944444,29,1510.839457
0.90833336,33,1510.847697
0.90833336,33,1510.86005
0.9138889,31,1510.971458
0.9111111,32,1510.971458
0.9138889,31,1510.979513
0.9138889,31,1510.985335
0.91944444,29,1511.001912
0.0,2,1511.013006
0.91944444,29,1511.17935
0.90555555,34,1511.199556
0.8972222,37,1511.278711
0.91944444,29,1511.305515
0.91944444,29,1511.312023
0.91944444,29,1511.317366
0.9138889,31,1511.317366
0.9138889,31,1511.433492
0.91944444,29,1511.595337
0.9138889,31,1511.627212
0.0,4,1511.627212
0.89444447,38,1511.640058
0.91944444,29,1511.640058
0.91944444,29,1511.648734
0.0,4,1511.755355
0.9138889,31,1511.755355
0.9111111,32,1511.762168
0.8972222,37,1511.889339
0.91944444,29,1512.00732
0.9138889,31,1512.034081
0.9166667,30,1512.034081
0.91944444,29,1512.047306
0.91944444,29,1512.053473
0.90833336,33,1512.071471
0.88055557,43,1512.16728
0.90833336,33,1512.225115
0.0,8,1512.485408
0.9166667,30,1512.485408
0.9138889,31,1512.601362
0.9111111,32,1512.601362
0.0,2,1512.614658
0.9,36,1512.614658
0.8972222,37,1512.621333
0.9138889,31,1512.621333
0.9027778,35,1512.734278
0.0,2,1512.747341
0.91944444,29,1512.862176
0.0,4,1512.887427
0.9027778,35,1512.907407
0.0,6,1512.934502
0.91944444,29,1512.936517
0.91944444,29,1512.943341
0.9111111,32,1512.943341
0.91944444,29,1512.943341
0.0,2,1513.016135
0.0,4,1513.037494
0.0,4,1513.043252
0.0,7,1513.049327
0.8833333,42,1513.087472
0.9111111,32,1513.157575
0.9111111,32,1513.317206
0.9138889,31,1513.349082
0.9166667,30,1513.367299
0.0,8,1513.375484
0.8972222,37,1513.451567
0.9111111,32,1513.459965
0.90833336,33,1513.459965
0.91944444,29,1513.487517
0.90833336,33,1513.507362
0.91944444,29,1513.690536
0.91944444,29,1513.76732
0.91944444,29,1513.801495
0.9027778,35,1513.821381
0.90833336,33,1513.821381
0.0,4,1513.828828
0.9138889,31,1513.906307
0.0,11,1513.914271
0.91944444,29,1513.914271
0.0,6,1513.933969
0.88611114,41,1513.948553
0.9138889,31,1514.093299
0.0,2,1514.105678
0.91944444,29,1514.209866
0.91944444,29,1514.209866
0.9166667,30,1514.250084
0.9138889,31,1514.255327
0.9138889,31,1514.273069
0.0,2,1514.345968
0.9138889,31,1514.346748
0.89166665,39,1514.357344
0.9138889,31,1514.501146
0.91944444,29,1514.526306
0.9166667,30,1514.531473
0.90555555,34,1514.669652
0.91944444,29,1514.677276
0.9027778,35,1514.683598
0.9138889,31,1514.689246
0.91944444,29,1514.691258
0.0,8,1514.799912
0.0,8,1514.799912
0.9138889,31,1514.83828
0.91944444,29,1514.915695
0.90833336,33,1514.949815
0.91944444,29,1514.979655
0.91944444,29,1514.993112
0.91944444,29,1515.057513
0.0,8,1515.06275
0.90833336,33,1515.213428
0.91944444,29,1515.233282
0.0,4,1515.262707
0.9027778,35,1515.285782
0.87222224,46,1515.371471
0.0,4,1515.380563
0.91944444,29,1515.380563
0.91944444,29,1515.394029
0.91944444,29,1515.400683
0.9138889,31,1515.401076
0.0,2,1515.408854
0.0,6,1515.418594
0.88055557,43,1515.647092
0.9166667,30,1515.651685
0.89444447,38,1515.651685
0.9138889,31,1515.654211
0.91944444,29,1515.699575
0.90833336,33,1515.707494
0.9027778,35,1515.71461
0.0,2,1515.71461
0.0,7,1515.729061
0.89444447,38,1515.731137
0.0,4,1515.787481
0.91944444,29,1515.865021
0.91944444,29,1515.865021
0.9138889,31,1515.870622
0.91944444,29,1515.904346
0.9,36,1515.904346
0.0,2,1515.944991
0.9027778,35,1515.961513
0.9138889,31,1515.977088
0.8833333,42,1516.041139
0.9166667,30,1516.067917
0.9,36,1516.135481
0.91944444,29,1516.135481
0.91944444,29,1516.145469
0.8888889,40,1516.149525
0.91944444,29,1516.165026
0.9138889,31,1516.233088
0.0,6,1516.257248
0.91944444,29,1516.311911
0.0,6,1516.337452
0.91944444,29,1516.341488
0.91944444,29,1516.341488
0.8833333,42,1516.341488
0.9138889,31,1516.395586
0.9166667,30,1516.395586
0.0,2,1516.402575
0.0,6,1516.402575
0.0,4,1516.420376
0.0,7,1516.424247
0.90555555,34,1516.424247
0.0,2,1516.435556
0.0,2,1516.436205
0.8972222,37,1516.553466
0.91944444,29,1516.605437
0.91944444,29,1516.610139
0.9166667,30,1516.622518
0.9138889,31,1516.673109
0.90833336,33,1516.747391
0.88611114,41,1516.831394
0.91944444,29,1516.837172
0.91944444,29,1516.84444
0.91944444,29,1516.85112
0.8666667,48,1516.857334
0.9111111,32,1516.931151
0.8833333,42,1516.940551
0.91944444,29,1516.946113
0.9138889,31,1517.037024
0.9138889,31,1517.041058
0.9138889,31,1517.095976
0.90833336,33,1517.095976
0.9138889,31,1517.104411
0.91944444,29,1517.175619
0.9138889,31,1517.175619
0.9138889,31,1517.190457
0.9166667,30,1517.277505
0.91944444,29,1517.277505
0.0,2,1517.283554
0.91944444,29,1517.295837
0.91944444,29,1517.302016
0.9138889,31,1517.387406
0.9111111,32,1517.390672
0.8833333,42,1517.390672
0.9166667,30,1517.394331
0.0,4,1517.39943
0.9138889,31,1517.476085
0.91944444,29,1517.47709
0.91944444,29,1517.521164
0.9138889,31,1517.536826
0.9111111,32,1517.623363
0.0,2,1517.631707
0.9111111,32,1517.639287
0.90555555,34,1517.639287
0.89444447,38,1517.65506
0.0,4,1517.65931
0.91944444,29,1517.716373
0.0,4,1517.716373
0.9111111,32,1517.729091
0.9111111,32,1517.73511
0.90833336,33,1517.790155
0.91944444,29,1517.826354
0.91944444,29,1517.869554
0.9027778,35,1517.907098
0.91944444,29,1517.915535
0.9111111,32,1517.917045
0.90833336,33,1517.959007
0.0,4,1517.973874
0.9027778,35,1517.989482
0.0,2,1517.996109
0.9027778,35,1518.045717
0.91944444,29,1518.065014
0.9166667,30,1518.065014
0.0,2,1518.071551
0.0,16,1518.07613
0.0,4,1518.127601
0.91944444,29,1518.134449
0.91944444,29,1518.141643
0.9138889,31,1518.147236
0.0,9,1518.157317
0.9138889,31,1518.217382
0.0,2,1518.226616
0.9027778,35,1518.241425
0.9138889,31,1518.279488
0.90833336,33,1518.295876
0.9138889,31,1518.313316
0.9,36,1518.375559
0.88611114,41,1518.397215
0.9138889,31,1518.439527
0.86944443,47,1518.464629
0.90833336,33,1518.464629
0.90833336,33,1518.469213
0.0,4,1518.515591
0.90833336,33,1518.515591
0.9166667,30,1518.524093
0.0,9,1518.533454
0.0,2,1518.533454
0.0,6,1518.539502
0.9138889,31,1518.554199
0.91944444,29,1518.607049
0.9166667,30,1518.617062
0.9111111,32,1518.682369
0.9138889,31,1518.694566
0.91944444,29,1518.700884
0.9138889,31,1518.747148
0.91944444,29,1518.761295
0.91944444,29,1518.778472
0.8888889,40,1518.784232
0.9138889,31,1518.831193
0.0,5,1518.837088
0.0,4,1518.853323
0.0,4,1518.902305
0.9027778,35,1518.914428
0.91944444,29,1518.920341
0.90555555,34,1518.929272
0.91944444,29,1518.93235
0.89166665,39,1518.938419
0.9111111,32,1518.997453
0.91944444,29,1519.003499
0.9138889,31,1519.079499
0.91944444,29,1519.089913
0.90555555,34,1519.133786
0.0,2,1519.141086
0.9138889,31,1519.141086
0.9166667,30,1519.141086
0.0,2,1519.147463
0.9166667,30,1519.147463
0.0,2,1519.154257
0.0,7,1519.16906
0.9166667,30,1519.171064
0.91944444,29,1519.211267
0.0,6,1519.215351
0.9138889,31,1519.300128
0.90555555,34,1519.324458
0.9138889,31,1519.374336
0.0,2,1519.381386
0.91944444,29,1519.387433
0.91944444,29,1519.390589
0.91944444,29,1519.395119
0.9138889,31,1519.404177
0.88055557,43,1519.411378
0.0,7,1519.47112
0.91944444,29,1519.480425
0.9138889,31,1519.544217
0.91944444,29,1519.56116
0.91944444,29,1519.563164
0.0,2,1519.567178
0.9138889,31,1519.613954
0.91944444,29,1519.618856
0.9,36,1519.622999
0.0,6,1519.629697
0.9138889,31,1519.72251
0.9027778,35,1519.744781
0.0,2,1519.753473
0.9111111,32,1519.763477
0.0,6,1519.810057
0.91944444,29,1519.821387
0.90833336,33,1519.826183
0.9138889,31,1519.833105
0.90833336,33,1519.887337
0.0,2,1519.894838
0.91944444,29,1519.903038
0.88055557,43,1519.921143
0.0,2,1519.927166
0.9027778,35,1519.997214
0.91944444,29,1520.001246
0.9027778,35,1520.04906
0.9111111,32,1520.04906
0.91944444,29,1520.073692
0.8972222,37,1520.079181
0.90555555,34,1520.137142
0.91944444,29,1520.142553
0.0,2,1520.147459
0.9138889,31,1520.225322
0.91944444,29,1520.229222
0.90833336,33,1520.236138
0.9,36,1520.278987
0.90555555,34,1520.297061
0.9027778,35,1520.303747
0.0,2,1520.303747
0.91944444,29,1520.309304
0.91944444,29,1520.392866
0.91944444,29,1520.434014
0.87222224,46,1520.437023
0.90555555,34,1520.440885
0.0,6,1520.457205
0.0,25,1520.461253
0.9027778,35,1520.507217
0.0,4,1520.507217
0.0,2,1520.515254
0.9138889,31,1520.519457
0.9138889,31,1520.527491
0.0,6,1520.529519
0.0,2,1520.532527
0.9138889,31,1520.609264
0.9027778,35,1520.664983
0.90555555,34,1520.669607
0.9166667,30,1520.696253
0.9027778,35,1520.696253
0.9138889,31,1520.704304
0.9166667,30,1520.751049
0.88611114,41,1520.78971
0.90555555,34,1520.842515
0.91944444,29,1520.846656
0.0,2,1520.849186
0.9138889,31,1520.859143
0.91944444,29,1520.913273
0.91944444,29,1520.92544
0.90555555,34,1520.939757
0.0,2,1520.951178
0.91944444,29,1521.019407
0.0,4,1521.036031
0.9138889,31,1521.080393
0.91944444,29,1521.08953
0.8611111,50,1521.097088
0.0,2,1521.10374
0.9,36,1521.107806
0.9138889,31,1521.115383
0.0,8,1521.119642
0.9027778,35,1521.173174
0.9138889,31,1521.175181
0.91944444,29,1521.227407
0.9138889,31,1521.249064
0.0,2,1521.258748
0.91944444,29,1521.262792
0.91944444,29,1521.310565
0.9111111,32,1521.312573
0.89166665,39,1521.345489
0.90833336,33,1521.381526
0.91944444,29,1521.405115
0.0,11,1521.418231
0.91944444,29,1521.472302
0.9138889,31,1521.484682
0.0,2,1521.491894
0.91944444,29,1521.492829
0.85,54,1521.495367
0.9138889,31,1521.499405
0.0,4,1521.508412
0.0,4,1521.550669
0.91944444,29,1521.564556
0.0,6,1521.584397
0.9166667,30,1521.629502
0.0,2,1521.634418
0.91944444,29,1521.654328
0.91944444,29,1521.701399
0.9138889,31,1521.705607
0.88611114,41,1521.710473
0.91944444,29,1521.714483
0.91944444,29,1521.720478
0.91944444,29,1521.793128
0.91944444,29,1521.855289
0.89444447,38,1521.866127
0.0,2,1521.872531
0.9166667,30,1521.881091
0.9138889,31,1521.889338
0.9138889,31,1521.897347
0.9166667,30,1521.935538
0.89166665,39,1521.959642
0.9166667,30,1521.979074
0.91944444,29,1522.060807
0.9138889,31,1522.110415
0.91944444,29,1522.110415
0.9111111,32,1522.13327
0.9138889,31,1522.13327
0.88055557,43,1522.13327
0.0,7,1522.177461
0.91944444,29,1522.184509
0.9,36,1522.197348
0.91944444,29,1522.277472
0.9138889,31,1522.28588
0.9,36,1522.291433
0.90833336,33,1522.353824
0.9027778,35,1522.36138
0.9138889,31,1522.369205
0.9166667,30,1522.419446
0.90833336,33,1522.421454
0.91944444,29,1576.467324
0.91944444,29,1576.4822
0.9027778,35,1576.527671
0.88611114,41,1576.695515
0.89166665,39,1576.759532
0.8,72,1577.050638
0.78333336,78,1577.197142
0.80833334,69,1577.209084
0.825,63,1577.283109
0.82222223,64,1577.462889
0.88055557,43,1577.509352
0.7861111,77,1577.607881
0.675,117,1577.639964
0.7,108,1577.787571
0.85833335,51,1577.965462
0.9027778,35,1577.988997
0.8138889,67,1578.160281
0.7861111,77,1578.247881
0.85555553,52,1578.392441
0.89444447,38,1578.422057
0.8138889,67,1578.429528
0.8388889,58,1578.523402
0.7972222,73,1578.557213
0.8666667,48,1578.761318
0.7777778,80,1578.820122
0.86388886,49,1578.926002
0.85833335,51,1579.125582
0.87777776,44,1579.353463
0.6888889,112,1579.39477
0.75555557,88,1579.473988
0.80833334,69,1579.507158
0.84166664,57,1579.519795
0.6944444,110,1579.64408
0.68333334,114,1579.664697
0.88611114,41,1579.791216
0.80833334,69,1580.177465
0.8138889,67,1580.201481
0.7972222,73,1580.321821
0.8194444,65,1580.329428
0.68333334,114,1580.337118
0.8111111,68,1580.367439
0.8333333,60,1580.377323
0.7138889,103,1580.492321
0.82222223,64,1580.85958
0.8361111,59,1580.931277
0.85,54,1580.931277
0.84166664,57,1580.951479
0.8111111,68,1580.959319
0.80277777,71,1581.017709
0.80277777,71,1581.115265
0.88611114,41,1581.202277
0.87777776,44,1581.219138
0.8361111,59,1581.285896
0.5861111,149,1581.472672
0.7638889,85,1581.567069
0.85833335,51,1581.615529
0.7583333,87,1581.627464
0.78055555,79,1581.699547
0.7,108,1581.751063
0.7916667,75,1581.768427
0.80833334,69,1581.822774
0.85,54,1582.007554
0.84444445,56,1582.163085
0.74444443,92,1582.175072
0.7583333,87,1582.266954
0.8611111,50,1582.369611
0.7,108,1582.377504
0.76666665,84,1582.377504
0.70555556,106,1582.470564
0.7277778,98,1582.527627
0.85555553,52,1582.63221
0.8055556,70,1582.689713
0.7861111,77,1582.704905
0.84444445,56,1582.78378
0.8472222,55,1582.78378
0.7861111,77,1582.934286
0.90833336,33,1583.031156
0.85833335,51,1583.031156
0.86944443,47,1583.042554
0.78055555,79,1583.093495
0.6666667,120,1583.351456
0.775,81,1583.401572
0.86388886,49,1583.405928
0.8333333,60,1583.502457
0.75555557,88,1583.608458
0.9027778,35,1583.670593
0.6472222,127,1583.682164
0.74444443,92,1583.787951
0.71666664,102,1583.795075
0.7972222,73,1583.895202
0.8138889,67,1584.069341
0.8333333,60,1584.073431
0.7583333,87,1584.082933
0.85,54,1584.150478
0.7972222,73,1584.264265
0.8388889,58,1584.264265
0.8194444,65,1584.462432
0.82222223,64,1584.466443
0.5277778,170,1584.531217
0.7861111,77,1584.537334
0.61388886,139,1584.539954
0.79444444,74,1584.604949
0.8333333,60,1584.629094
0.9027778,35,1584.711387
0.76666665,84,1584.804409
0.9027778,35,1584.8639
0.8472222,55,1584.953758
0.7972222,73,1584.979548
0.8611111,50,1584.99006
0.76666665,84,1585.10924
0.76666665,84,1585.114512
0.8194444,65,1585.130828
0.7888889,76,1585.304976
0.7722222,82,1585.345972
0.8333333,60,1585.466226
0.7583333,87,1585.540273
0.7222222,100,1585.551741
0.71944445,101,1585.627294
0.775,81,1585.631331
0.8361111,59,1585.702168
0.7583333,87,1585.710621
0.82222223,64,1585.794486
0.0,2,1585.801271
0.88611114,41,1585.892773
0.8527778,53,1585.918456
0.78333336,78,1585.997516
0.80833334,69,1586.00071
0.86944443,47,1586.042651
0.89166665,39,1586.201439
0.8,72,1586.23946
0.75,90,1586.266188
0.8527778,53,1586.392954
0.7916667,75,1586.474931
0.825,63,1586.487084
0.7972222,73,1586.557613
0.6944444,110,1586.591504
0.8138889,67,1586.665554
0.84444445,56,1586.774832
0.7638889,85,1586.824542
0.7861111,77,1586.824542
0.85,54,1586.852503
0.82222223,64,1586.929355
0.8833333,42,1587.06187
0.75,90,1587.13567
0.84444445,56,1587.145946
0.8277778,62,1587.199997
0.8,72,1587.300423
0.6805556,115,1587.357343
0.76666665,84,1587.457555
0.8666667,48,1587.519296
0.6388889,130,1587.529109
0.80277777,71,1587.597244
0.76944447,83,1587.602375
0.875,45,1587.617084
0.8194444,65,1587.721889
0.88055557,43,1587.727465
0.73888886,94,1587.739555
0.86944443,47,1587.870562
0.8611111,50,1587.87712
0.8666667,48,1587.890253
0.7888889,76,1587.963284
0.86388886,49,1588.04125
0.74444443,92,1588.045668
0.8333333,60,1588.103405
0.87222224,46,1588.199463
0.7583333,87,1588.261694
0.8277778,62,1588.271181
0.8472222,55,1588.401049
0.80833334,69,1588.409095
0.8333333,60,1588.481383
0.80277777,71,1588.499132
0.88611114,41,1588.503329
0.7111111,104,1588.559078
0.83055556,61,1588.772241
0.76944447,83,1588.77729
0.8472222,55,1588.79327
0.85833335,51,1588.839147
0.80833334,69,1588.847164
0.8138889,67,1588.932296
0.7777778,80,1589.037517
0.88611114,41,1589.087532
0.85555553,52,1589.112792
0.86944443,47,1589.117071
0.8277778,62,1589.182847
0.84166664,57,1589.200337
0.5416667,165,1589.258595
0.7972222,73,1589.397199
0.84444445,56,1589.407261
0.88055557,43,1589.469541
0.8055556,70,1589.551607
0.8138889,67,1589.569183
0.84166664,57,1589.628824
0.80833334,69,1589.645413
0.8194444,65,1589.847404
0.85,54,1589.853998
0.6638889,121,1589.906274
0.7722222,82,1589.913368
0.7972222,73,1590.012786
0.73055553,97,1590.019781
0.78333336,78,1590.147295
0.87777776,44,1590.147295
0.725,99,1590.24645
0.8277778,62,1590.308679
0.85833335,51,1590.331566
0.7777778,80,1590.415223
0.8972222,37,1590.488421
0.73055553,97,1590.492435
0.78333336,78,1590.554095
0.8972222,37,1590.657822
0.78333336,78,1590.822054
0.8527778,53,1590.877109
0.6944444,110,1590.890465
0.8361111,59,1590.89749
0.66944444,119,1590.957309
0.73888886,94,1590.977497
0.8138889,67,1590.986029
0.7916667,75,1591.150381
0.8472222,55,1591.154361
0.8388889,58,1591.227251
0.8333333,60,1591.241132
0.8611111,50,1591.254757
0.7972222,73,1591.380135
0.7777778,80,1591.385005
0.85,54,1591.460538
0.7,108,1591.5233
0.85833335,51,1591.553044
0.8111111,68,1591.560424
0.80277777,71,1591.665698
0.79444444,74,1591.757329
0.8833333,42,1591.779401
0.8111111,68,1591.841424
0.7972222,73,1591.862598
0.83055556,61,1658.469623
0.8361111,59,1658.469623
0.8472222,55,1658.55941
0.7638889,85,1658.563426
0.83055556,61,1658.694775
0.8361111,59,1658.711686
0.85833335,51,1658.77576
0.8888889,40,1658.781331
0.82222223,64,1658.803428
0.8666667,48,1658.887445
0.8611111,50,1658.897478
0.86944443,47,1659.02214
0.85555553,52,1659.074814
0.86944443,47,1659.118113
0.87777776,44,1659.133602
0.74444443,92,1659.139215
0.8527778,53,1659.279442
0.8972222,37,1659.36135
0.80833334,69,1659.36135
0.74722224,91,1659.377288
0.875,45,1659.377288
0.84444445,56,1659.447389
0.8111111,68,1659.459139
0.8138889,67,1659.576388
0.89444447,38,1659.612752
0.875,45,1659.665318
0.8333333,60,1659.671468
0.84444445,56,1659.740108
0.85833335,51,1659.771116
0.85833335,51,1659.823738
0.825,63,1659.823738
0.85833335,51,1659.924994
0.8361111,59,1659.997483
0.85833335,51,1660.101542
0.8666667,48,1660.101542
0.8111111,68,1660.101542
0.85833335,51,1660.114595
0.80833334,69,1660.149288
0.7722222,82,1660.193137
0.8527778,53,1660.222769
0.8888889,40,1660.353091
0.88055557,43,1660.401783
0.8277778,62,1660.445538
0.89166665,39,1660.451568
0.8194444,65,1660.543748
0.9,36,1660.639563
0.76666665,84,1660.680379
0.87222224,46,1660.68909
0.78333336,78,1660.700698
0.85833335,51,1660.76932
0.78333336,78,1660.76932
0.8333333,60,1660.84711
0.90833336,33,1660.929124
0.8472222,55,1661.02668
0.7972222,73,1661.029207
0.8277778,62,1661.098905
0.83055556,61,1661.102998
0.87222224,46,1661.137224
0.82222223,64,1661.202744
0.81666666,66,1661.209376
0.85,54,1661.31416
0.89166665,39,1661.452357
0.8388889,58,1661.457374
0.8611111,50,1661.463254
0.8333333,60,1661.467268
0.87777776,44,1661.538208
0.8277778,62,1661.541782
0.85833335,51,1661.603842
0.89444447,38,1661.703678
0.8388889,58,1661.711596
0.86388886,49,1661.799033
0.85,54,1661.801722
0.84166664,57,1661.863258
0.84444445,56,1661.895341
0.84444445,56,1661.937176
0.85833335,51,1661.951806
0.88055557,43,1662.039407
0.8666667,48,1662.049426
0.86388886,49,1662.14381
0.87222224,46,1662.205455
0.8833333,42,1662.240026
0.90833336,33,1662.259207
0.8111111,68,1662.324069
0.80833334,69,1662.459232
0.84444445,56,1662.463239
0.8972222,37,1662.552845
0.86944443,47,1662.552845
0.8472222,55,1662.559488
0.82222223,64,1662.60936
0.85833335,51,1662.620207
0.71666664,102,1662.629596
0.88055557,43,1662.713754
0.85555553,52,1662.777451
0.86388886,49,1662.861282
0.87777776,44,1662.875351
0.8361111,59,1662.939107
0.85555553,52,1662.940639
0.8361111,59,1662.947442
0.8527778,53,1662.962399
0.88055557,43,1663.017347
0.8527778,53,1663.175629
0.8138889,67,1663.175629
0.8527778,53,1663.229448
0.8527778,53,1663.250195
0.86388886,49,1663.257447
0.84444445,56,1663.295516
0.7777778,80,1663.43945
0.8,72,1663.442458
0.88611114,41,1663.446086
0.875,45,1663.516436
0.8611111,50,1663.52081
0.88611114,41,1663.530866
0.87777776,44,1663.543153
0.89444447,38,1663.734841
0.7777778,80,1663.745164
0.85555553,52,1663.754849
0.8472222,55,1663.761402
0.87777776,44,1663.807218
0.86944443,47,1663.807218
0.83055556,61,1663.819546
0.8472222,55,1663.893609
0.9111111,32,1663.997157
0.88611114,41,1664.00998
0.89166665,39,1664.075422
0.85,54,1664.141025
0.8361111,59,1664.163264
0.8111111,68,1664.23365
0.8972222,37,1664.247492
0.76111114,86,1664.311443
0.8138889,67,1664.341894
0.8527778,53,1664.400257
0.89444447,38,1664.404273
0.87777776,44,1664.487269
0.8,72,1664.563224
0.875,45,1664.563224
0.85555553,52,1664.658061
0.8333333,60,1664.658061
0.88055557,43,1664.669472
0.875,45,1664.71003
0.8972222,37,1664.74206
0.82222223,64,1664.815042
0.85555553,52,1664.925412
0.8388889,58,1664.991837
0.875,45,1664.993854
0.88055557,43,1664.999632
0.8527778,53,1665.053575
0.8277778,62,1665.139539
0.9027778,35,1665.171586
0.8,72,1665.272551
0.8194444,65,1665.276207
0.86944443,47,1665.350735
0.86388886,49,1665.354908
0.8472222,55,1665.440673
0.8138889,67,1665.498279
0.86388886,49,1665.530361
0.88611114,41,1665.534372
0.87777776,44,1665.639532
0.7916667,75,1665.652541
0.90555555,34,1665.671626
0.81666666,66,1665.759719
0.7638889,85,1665.839177
0.86388886,49,1665.893077
0.8527778,53,1665.904991
0.875,45,1665.926335
0.7916667,75,1665.929368
0.85,54,1666.017436
0.8472222,55,1666.07554
0.9111111,32,1666.082794
0.85833335,51,1666.141274
0.875,45,1666.150488
0.86388886,49,1666.227218
0.8666667,48,1666.259464
0.8888889,40,1666.369511
0.88055557,43,1666.46171
0.8527778,53,1666.49326
0.8666667,48,1666.552078
0.7777778,80,1666.557117
0.85,54,1666.557117
0.87222224,46,1666.635529
0.8361111,59,1666.697284
0.8611111,50,1666.705863
0.88055557,43,1666.722553
0.8666667,48,1666.80213
0.88611114,41,1666.843256
0.86388886,49,1666.869492
0.85,54,1666.880674
0.86388886,49,1666.951448
0.84166664,57,1667.072472
0.89444447,38,1667.079528
0.8333333,60,1667.091345
0.875,45,1667.103248
0.8972222,37,1667.155295
0.86388886,49,1667.184213
0.7861111,77,1667.244616
0.85555553,52,1667.319181
0.90833336,33,1667.324299
0.87777776,44,1667.345649
0.87222224,46,1667.397358
0.88611114,41,1667.401407
0.87777776,44,1667.427095
0.8472222,55,1667.557163
0.8611111,50,1667.562502
0.8527778,53,1667.689154
0.85833335,51,1667.702502
0.86388886,49,1667.750101
0.83055556,61,1667.753162
0.875,45,1667.769394
0.8972222,37,1667.857351
0.8055556,70,1667.879373
0.8972222,37,1667.994827
0.8333333,60,1668.101318
0.89166665,39,1668.105075
0.78055555,79,1668.156348
0.83055556,61,1668.156348
0.8277778,62,1668.171508
0.7972222,73,1668.254819
0.8472222,55,1668.254819
0.875,45,1668.270534
0.9027778,35,1668.331947
0.90555555,34,1668.34741
0.8472222,55,1668.471587
0.84444445,56,1668.491964
0.8833333,42,1668.54135
0.82222223,64,1668.570231
0.86388886,49,1668.661204
0.83055556,61,1668.728189
0.76944447,83,1668.807181
0.85555553,52,1668.814059
0.88055557,43,1668.814059
0.775,81,1668.817091
0.90555555,34,1668.910791
0.8055556,70,1668.987072
0.89444447,38,1669.069831
0.88611114,41,1669.121151
0.7722222,82,1669.137295
0.825,63,1669.153037
0.83055556,61,1669.224171
0.8611111,50,1669.239281
0.875,45,1669.297436
0.89166665,39,1669.363548
0.7416667,93,1669.460099
0.85555553,52,1669.463207
0.88611114,41,1669.485645
0.81666666,66,1669.581501
0.86944443,47,1669.585509
0.83055556,61,1669.65603
0.9027778,35,1669.668056
0.76944447,83,1669.689196
0.87777776,44,1669.739206
0.87777776,44,1669.75997
0.80833334,69,1669.767496
0.89444447,38,1669.887136
0.84444445,56,1669.903207
0.81666666,66,1669.975532
0.87222224,46,1669.97957
0.8666667,48,1670.037418
0.8138889,67,1670.054808
0.8611111,50,1670.064381
0.825,63,1670.174595
0.85555553,52,1670.203493
0.8666667,48,1670.205498
0.86944443,47,1670.310638
0.8972222,37,1670.323421
0.8833333,42,1670.37096
0.8388889,58,1670.387251
0.8194444,65,1670.485293
0.8611111,50,1670.605942
0.8333333,60,1670.643407
0.88055557,43,1670.648369
0.875,45,1670.784706
0.79444444,74,1670.892138
0.8277778,62,1670.904381
0.8194444,65,1670.904381
0.8472222,55,1670.977346
0.875,45,1671.011439
0.87222224,46,1671.019484
0.8972222,37,1671.064183
0.8472222,55,1671.078211
0.90555555,34,1671.139231
0.87222224,46,1671.171319
0.85555553,52,1671.247161
0.88611114,41,1671.307249
0.8333333,60,1671.402678
0.86944443,47,1671.485067
0.8194444,65,1671.534092
0.7972222,73,1671.593804
0.8527778,53,1671.593804
0.75277776,89,1671.681118
0.85,54,1671.705033
0.84166664,57,1671.794366
0.88611114,41,1671.853242
0.76944447,83,1671.859829
0.89166665,39,1671.943468
0.81666666,66,1671.947218
0.8472222,55,1671.959936
0.81666666,66,1672.037217
0.8666667,48,1672.042107
0.89166665,39,1672.12622
0.8666667,48,1672.197307
0.85555553,52,1672.219415
0.8611111,50,1672.287335
0.86944443,47,1672.297369
0.84444445,56,1672.417524
0.85,54,1672.424516
0.78055555,79,1672.489282
0.82222223,64,1672.49533
0.88611114,41,1713.245341
0.875,45,1713.25743
0.8472222,55,1713.26146
0.0,2,1713.275035
0.80833334,69,1713.337121
0.90833336,33,1713.341159
0.8972222,37,1713.425726
0.86944443,47,1713.436317
0.8833333,42,1713.439354
0.88611114,41,1713.523421
0.87777776,44,1713.587188
0.0,2,1713.59313
0.87777776,44,1713.607306
0.90833336,33,1713.651133
0.87222224,46,1713.651133
0.8333333,60,1713.659156
0.86944443,47,1713.753175
0.8527778,53,1713.769526
0.90833336,33,1713.843639
0.85555553,52,1713.905231
0.86388886,49,1713.999031
0.0,2,1714.00624
0.8527778,53,1714.00624
0.8277778,62,1714.013144
0.8972222,37,1714.067297
0.8333333,60,1714.067297
0.0,6,1714.093362
0.88611114,41,1714.110937
0.8361111,59,1714.173437
0.90833336,33,1714.251636
0.8527778,53,1714.259219
0.0,2,1714.272954
0.89166665,39,1714.340922
0.8666667,48,1714.347208
0.84166664,57,1714.418042
0.0,2,1714.424897
0.8666667,48,1714.451976
0.8194444,65,1714.529596
0.8472222,55,1714.571263
0.0,2,1714.577294
0.8472222,55,1714.607103
0.8472222,55,1714.665278
0.85555553,52,1714.680336
0.84444445,56,1714.740266
0.0,2,1714.749599
0.9138889,31,1714.767535
0.8527778,53,1714.771574
0.86944443,47,1714.774662
0.9138889,31,1714.848285
0.8666667,48,1714.907371
0.0,2,1714.915981
0.8833333,42,1714.940739
0.8666667,48,1715.01241
0.0,2,1715.019154
0.875,45,1715.066233
0.86944443,47,1715.091297
0.86388886,49,1715.09531
0.86944443,47,1715.09531
0.85833335,51,1715.170248
0.88055557,43,1715.170248
0.89166665,39,1715.22098
0.89166665,39,1715.30441
0.87222224,46,1715.319261
0.87777776,44,1715.394588
0.8972222,37,1715.409367
0.85833335,51,1715.411375
0.8527778,53,1715.467303
0.88611114,41,1715.477133
0.0,2,1715.489053
0.85,54,1715.557194
0.89166665,39,1715.583493
0.87222224,46,1715.637407
0.8833333,42,1715.672874
0.0,2,1715.723581
0.87222224,46,1715.744967
0.8527778,53,1715.812424
0.86944443,47,1715.823785
0.8277778,62,1715.893389
0.87777776,44,1715.899654
0.0,2,1715.899654
0.8138889,67,1715.99313
0.0,2,1716.035198
0.0,2,1716.043241
0.83055556,61,1716.043241
0.88055557,43,1716.045251
0.875,45,1716.119453
0.83055556,61,1716.123465
0.0,2,1716.13225
0.8666667,48,1716.230486
0.9027778,35,1716.291198
0.8472222,55,1716.291198
0.0,2,1716.304809
0.89166665,39,1716.313509
0.78333336,78,1716.377391
0.0,2,1716.389386
0.89444447,38,1716.40719
0.0,2,1716.413228
0.8277778,62,1716.497284
0.85,54,1716.505589
0.88611114,41,1716.595325
0.0,2,1716.647482
0.0,4,1716.666164
0.8361111,59,1716.727177
0.0,2,1716.738354
0.7972222,73,1716.760793
0.8666667,48,1716.762541
0.84166664,57,1716.774979
0.84166664,57,1716.928758
0.8277778,62,1716.937535
0.75277776,89,1716.939564
0.0,2,1716.943321
0.0,2,1716.945326
0.87222224,46,1716.995147
0.86388886,49,1717.080235
0.86388886,49,1717.097361
0.8666667,48,1717.10653
0.875,45,1717.248539
0.85555553,52,1717.252626
0.7888889,76,1717.312108
0.86944443,47,1717.317198
0.0,2,1717.325782
0.84444445,56,1717.332878
0.0,2,1717.341271
0.0,2,1717.355119
0.85555553,52,1717.427355
0.87222224,46,1717.434336
0.85555553,52,1717.483418
0.8888889,40,1717.521989
0.89166665,39,1717.521989
0.9027778,35,1717.521989
0.0,2,1717.56908
0.0,2,1717.56908
0.9,36,1717.577548
0.8833333,42,1717.716172
0.8472222,55,1717.720145
0.86388886,49,1717.731962
0.86388886,49,1717.791517
0.9,36,1717.791517
0.0,2,1717.803685
0.8666667,48,1717.835686
0.8527778,53,1717.915571
0.0,2,1717.922325
0.83055556,61,1717.978696
0.86944443,47,1718.079469
0.8527778,53,1718.084512
0.8361111,59,1718.145631
0.8611111,50,1718.145631
0.8611111,50,1718.1542
0.86388886,49,1718.215185
0.8833333,42,1718.243347
0.86388886,49,1718.252
0.875,45,1718.377407
0.89166665,39,1718.38718
0.8972222,37,1718.38718
0.0,2,1718.394939
0.88055557,43,1718.403593
0.85833335,51,1718.407743
0.0,2,1718.454932
0.84166664,57,1718.574298
0.9,36,1718.640748
0.89166665,39,1718.659674
0.825,63,1718.715178
0.8111111,68,1718.722005
0.86944443,47,1718.731231
0.87222224,46,1718.747137
0.84166664,57,1718.813638
0.0,2,1718.82006
0.87222224,46,1718.941603
0.8888889,40,1718.959164
0.8666667,48,1718.97297
0.81666666,66,1719.034598
0.8611111,50,1719.047014
0.87777776,44,1719.050014
0.0,2,1719.056043
0.0,2,1719.062205
0.8055556,70,1719.202298
0.84444445,56,1719.202298
0.0,2,1719.211516
0.8611111,50,1719.280771
0.8833333,42,1719.299147
0.8972222,37,1719.303665
0.85,54,1719.356183
0.86944443,47,1719.366295
0.80277777,71,1719.452021
0.87777776,44,1719.519653
0.0,2,1719.527107
0.8833333,42,1719.551138
0.85,54,1719.594551
0.8666667,48,1719.628917
0.86388886,49,1719.673859
0.0,2,1719.681403
0.89166665,39,1719.703342
0.9027778,35,1719.761208
0.8333333,60,1719.765217
0.0,2,1719.771202
0.83055556,61,1719.779408
0.8666667,48,1719.89338
0.8472222,55,1719.904473
0.86944443,47,1719.913661
0.0,7,1719.967162
0.0,2,1719.976259
0.0,4,1719.989351
0.84166664,57,1720.006723
0.88055557,43,1720.048404
0.875,45,1720.063634
0.8611111,50,1720.063634
0.8194444,65,1720.132287
0.86388886,49,1720.219135
0.85,54,1720.303277
0.88611114,41,1720.30931
0.0,2,1720.311321
0.8888889,40,1720.311321
0.0,2,1720.315335
0.0,2,1720.323857
0.0,4,1720.377415
0.9,36,1720.379573
0.87222224,46,1720.383751
0.84166664,57,1720.459585
0.8,72,1720.477198
0.0,2,1720.484458
0.0,2,1720.489497
0.8527778,53,1720.558838
0.8611111,50,1720.638156
0.85555553,52,1720.647099
0.86388886,49,1720.708097
0.8527778,53,1720.725823
0.8194444,65,1720.803117
0.84166664,57,1720.81811
0.86944443,47,1720.899166
0.0,2,1720.906439
0.88055557,43,1720.967418
0.0,2,1720.976381
0.85833335,51,1720.997479
0.80277777,71,1720.997479
0.0,2,1721.004827
0.0,2,1721.049092
0.84166664,57,1721.083798
0.8972222,37,1721.083798
0.875,45,1721.135529
0.825,63,1721.161347
0.90555555,34,1721.216095
0.0,2,1721.223947
0.8527778,53,1721.284758
0.8888889,40,1721.373616
0.89166665,39,1721.379153
0.8527778,53,1721.385542
0.8361111,59,1721.393298
0.8666667,48,1721.482233
0.88055557,43,1721.529502
0.8194444,65,1721.546026
0.88055557,43,1721.557453
0.0,2,1721.563364
0.88055557,43,1721.671342
0.88055557,43,1721.677126
0.88611114,41,1721.677126
0.86944443,47,1721.681363
0.0,2,1721.681363
0.0,2,1721.687382
0.9,36,1721.753153
0.9027778,35,1721.767535
0.85833335,51,1721.834835
0.9166667,30,1721.869406
0.0,2,1721.911466
0.8972222,37,1721.922376
0.87222224,46,1721.951765
0.81666666,66,1722.004523
0.88055557,43,1722.024119
0.84166664,57,1722.024119
0.86944443,47,1722.025872
0.0,2,1722.069479
0.0,2,1722.073423
0.0,2,1722.077444
0.0,2,1722.081622
0.90833336,33,1722.10138
0.9111111,32,1722.107422
0.86944443,47,1722.151325
0.9027778,35,1722.297278
0.85833335,51,1722.301326
0.89166665,39,1722.400168
0.8333333,60,1722.404178
0.8472222,55,1722.405681
0.0,2,1722.409101
0.8472222,55,1722.491202
0.81666666,66,1722.497506
0.90833336,33,1722.507559
0.89166665,39,1722.567563
0.8055556,70,1722.579335
0.0,2,1722.584435
0.0,2,1722.595634
0.8972222,37,1722.657372
0.8611111,50,1722.734865
0.8888889,40,1722.79946
0.8972222,37,1722.815764
0.83055556,61,1722.820235
0.85833335,51,1722.829745
0.89444447,38,1722.908934
0.86944443,47,1722.912944
0.8361111,59,1722.912944
0.90833336,33,1722.992301
0.86944443,47,1723.049666
0.88055557,43,1723.111401
0.90833336,33,1723.139278
0.84444445,56,1723.201283
0.8833333,42,1723.210186
0.0,2,1723.216461
0.86388886,49,1723.227144
0.875,45,1723.299926
0.80277777,71,1723.302589
0.8972222,37,1723.359039
0.84166664,57,1723.439375
0.875,45,1723.449424
0.89444447,38,1723.449424
0.0,2,1723.455438
0.0,2,1723.455438
0.88611114,41,1723.477175
0.89166665,39,1723.523702
0.0,2,1723.531222
0.88055557,43,1723.607125
0.0,2,1723.613302
0.8361111,59,1723.745926
0.0,2,1723.751101
0.875,45,1723.756088
0.0,2,1723.761252
0.85,54,1723.768033
0.7916667,75,1723.781495
0.8361111,59,1723.839048
0.89444447,38,1723.843091
0.0,2,1723.8471
0.8388889,58,1723.852406
0.8361111,59,1723.909335
0.8972222,37,1723.998331
0.86388886,49,1724.065742
0.0,2,1724.071694
0.8666667,48,1724.079539
0.8972222,37,1724.085661
0.8833333,42,1724.091195
0.89166665,39,1724.134245
0.0,2,1724.141428
0.82222223,64,1724.223026
0.85555553,52,1724.234776
0.85,54,1724.356222
0.87777776,44,1724.372141
0.84166664,57,1724.445344
0.8472222,55,1724.464293
0.81666666,66,1724.471195
0.88611114,41,1724.471195
0.0,2,1724.518494
0.825,63,1724.523064
0.0,2,1724.529169
0.87777776,44,1724.609431
0.0,4,1724.661265
0.9,36,1724.672536
0.0,2,1724.679578
0.85833335,51,1724.687468
0.7638889,85,1724.749064
0.87222224,46,1724.765795
0.8527778,53,1724.815723
0.8472222,55,1724.833645
0.8388889,58,1724.891186
0.87777776,44,1724.912741
0.8888889,40,1724.919694
0.88611114,41,1725.021331
0.84166664,57,1725.09151
0.86944443,47,1725.103585
0.88055557,43,1725.183557
0.89444447,38,1725.188328
0.8611111,50,1725.188328
0.0,2,1725.199185
0.0,2,1725.212772
0.8611111,50,1725.344435
0.0,2,1725.387155
0.87777776,44,1725.408658
0.8388889,58,1725.417191
0.8888889,40,1725.421222
0.90555555,34,1725.479533
0.86944443,47,1725.567163
0.0,2,1725.574043
0.875,45,1725.577413
0.82222223,64,1725.635252
0.0,2,1725.642458
0.0,2,1725.649511
0.8972222,37,1725.659911
0.84444445,56,1725.745857
0.85,54,1725.807118
0.86388886,49,1725.807118
0.8472222,55,1725.807118
0.0,2,1725.813666
0.0,2,1725.813666
0.88611114,41,1725.829206
0.0,2,1725.871228
0.8833333,42,1725.904688
0.9027778,35,1725.974816
0.8111111,68,1726.031409
0.85,54,1726.031409
0.0,2,1726.039411
0.86388886,49,1726.127517
0.85,54,1726.152818
0.86944443,47,1726.152818
0.8472222,55,1726.193937
0.88055557,43,1726.210352
0.0,4,1726.224004
0.89166665,39,1726.287486
0.88055557,43,1726.29486
0.8333333,60,1726.371223
0.0,2,1726.37868
0.8972222,37,1726.443514
0.0,2,1726.450684
0.87222224,46,1726.474939
0.84166664,57,1726.523564
0.0,2,1726.530302
0.8666667,48,1726.554295
0.87777776,44,1726.613654
0.81666666,66,1726.61943
0.0,2,1726.624368
0.8472222,55,1726.684743
0.88055557,43,1726.699112
0.89444447,38,1726.699112
0.89444447,38,1726.765705
0.875,45,1726.869733
0.85833335,51,1726.869733
0.86388886,49,1726.955389
0.8472222,55,1726.961421
0.0,2,1726.961421
0.88055557,43,1726.965169
0.8666667,48,1727.009513
0.89166665,39,1727.020848
0.8666667,48,1727.025506
0.9027778,35,1763.677507
0.88611114,41,1763.695116
0.90833336,33,1763.766719
0.90833336,33,1763.770699
0.9,36,1763.775196
0.9,36,1763.826053
0.0,4,1763.836401
0.0,10,1763.847282
0.8833333,42,1763.858286
0.86388886,49,1763.926284
0.0,10,1763.932993
0.0,6,1763.944706
0.8888889,40,1763.99538
0.86944443,47,1763.999507
0.9027778,35,1764.069146
0.9027778,35,1764.081275
0.8888889,40,1764.081275
0.0,4,1764.085188
0.0,2,1764.090497
0.0,4,1764.099463
0.0,18,1764.103477
0.85833335,51,1764.105521
0.0,8,1764.166466
0.0,8,1764.17239
0.8972222,37,1764.22981
0.0,10,1764.242099
0.87777776,44,1764.242099
0.8888889,40,1764.253224
0.90833336,33,1764.311973
0.0,4,1764.325788
0.9,36,1764.340809
0.0,40,1764.340809
0.9027778,35,1764.424562
0.90833336,33,1764.468384
0.86944443,47,1764.493545
0.0,6,1764.555151
0.0,12,1764.555151
0.0,14,1764.560692
0.86944443,47,1764.563719
0.875,45,1764.572788
0.9138889,31,1764.574793
0.0,8,1764.585204
0.0,4,1764.589316
0.8888889,40,1764.589316
0.0,9,1764.595332
0.8527778,53,1764.72732
0.0,20,1764.733358
0.0,2,1764.741214
0.9027778,35,1764.803564
0.90833336,33,1764.809587
0.0,33,1764.82925
0.0,12,1764.832796
0.0,2,1764.8394
0.88611114,41,1764.895928
0.85,54,1764.924629
0.875,45,1764.933723
0.0,10,1764.942411
0.0,36,1764.99876
0.89444447,38,1765.073233
0.87777776,44,1765.101251
0.8972222,37,1765.101251
0.0,4,1765.155139
0.8972222,37,1765.183813
0.8972222,37,1765.239134
0.8472222,55,1765.247179
0.87222224,46,1765.255221
0.0,24,1765.262708
0.0,2,1765.269255
0.875,45,1765.316337
0.0,6,1765.330254
0.0,9,1765.407129
0.0,53,1765.442361
0.86944443,47,1765.451453
0.0,39,1765.50761
0.0,39,1765.522401
0.8388889,58,1765.605127
0.0,11,1765.605127
0.0,4,1765.621377
0.89444447,38,1765.677449
0.0,12,1765.684322
0.84444445,56,1765.692993
0.875,45,1765.761397
0.7972222,73,1765.767388
0.8888889,40,1765.767388
0.0,2,1765.774182
0.84166664,57,1765.845381
0.0,16,1765.859387
0.89444447,38,1765.924537
0.0,14,1765.933814
0.8666667,48,1766.007299
0.85,54,1766.009045
0.0,4,1766.063292
0.8111111,68,1766.097144
0.0,6,1766.1076
0.9138889,31,1766.1076
0.0,4,1766.115537
0.86388886,49,1766.121262
0.8361111,59,1766.183902
0.0,7,1766.183902
0.0,4,1766.200672
0.8972222,37,1766.200672
0.9,36,1766.207107
0.0,8,1766.266169
0.0,2,1766.281027
0.89166665,39,1766.35283
0.0,18,1766.361382
0.0,10,1766.369528
0.0,42,1766.441873
0.875,45,1766.456458
0.9027778,35,1766.456458
0.8833333,42,1766.460523
0.0,4,1766.472639
0.0,17,1766.472639
0.0,6,1766.529459
0.89166665,39,1766.529459
0.0,32,1766.551522
0.0,4,1766.600656
0.0,4,1766.617339
0.0,15,1766.617339
0.9138889,31,1766.629281
0.0,10,1766.695957
0.9027778,35,1766.695957
0.0,9,1766.702376
0.8888889,40,1766.712732
0.0,6,1766.776015
0.89166665,39,1766.785989
0.86944443,47,1766.796585
0.0,6,1766.854915
0.9,36,1766.869922
0.7777778,80,1766.93199
0.89166665,39,1766.949806
0.0,4,1766.96339
0.8666667,48,1767.039184
0.88611114,41,1767.063938
0.90555555,34,1767.079459
0.8277778,62,1767.141192
0.8972222,37,1767.147228
0.0,10,1767.147228
0.0,4,1767.159418
0.0,2,1767.173426
0.0,6,1767.179154
0.0,23,1767.227946
0.89166665,39,1767.227946
0.0,6,1767.232129
0.0,12,1767.236633
0.0,4,1767.243697
0.81666666,66,1767.259382
0.0,8,1767.265474
0.89166665,39,1767.321568
0.8972222,37,1767.375154
0.9111111,32,1767.487401
0.9138889,31,1767.51093
0.90833336,33,1767.523388
0.8666667,48,1767.548745
0.875,45,1767.601203
0.88055557,43,1767.601203
0.89444447,38,1767.601203
0.0,27,1767.601203
0.0,2,1767.607231
0.0,4,1767.61543
0.0,6,1767.63379
0.0,19,1767.695451
0.0,29,1767.711639
0.0,29,1767.7508
0.89166665,39,1767.766391
0.0,4,1767.787599
0.0,9,1767.791651
0.0,29,1767.809897
0.0,14,1767.862094
0.90833336,33,1767.886226
0.0,6,1767.950961
0.8666667,48,1767.957192
0.89166665,39,1767.991459
0.8388889,58,1768.054017
0.0,4,1768.074474
0.0,15,1768.079644
0.0,13,1768.104831
0.9027778,35,1768.104831
0.0,12,1768.171609
0.87222224,46,1768.180531
0.86388886,49,1768.191582
0.0,2,1768.191582
0.8833333,42,1768.269049
0.0,23,1768.282737
0.8472222,55,1768.282737
0.89166665,39,1768.358998
0.0,12,1768.367464
0.89444447,38,1768.468146
0.0,8,1768.574678
0.9,36,1768.587554
0.86944443,47,1768.587554
0.83055556,61,1768.609286
0.84166664,57,1768.668439
0.9138889,31,1768.675771
0.88055557,43,1768.675771
0.0,13,1768.702511
0.0,8,1768.709123
0.0,11,1768.711129
0.0,2,1768.843607
0.0,8,1768.843607
0.8611111,50,1768.93037
0.0,4,1769.005476
0.90833336,33,1769.01438
0.0,4,1769.047199
0.0,22,1769.074656
0.89166665,39,1769.074656
0.0,10,1769.205161
0.90833336,33,1769.219391
0.8888889,40,1769.229647
0.88055557,43,1769.33873
0.0,17,1769.439376
0.86388886,49,1769.443394
0.90833336,33,1769.474497
0.0,28,1769.485334
0.8666667,48,1769.54583
0.86944443,47,1769.579639
0.9138889,31,1769.585563
0.875,45,1769.652477
0.0,12,1769.674382
0.9,36,1769.728612
0.9027778,35,1769.728612
0.0,9,1769.737509
0.0,6,1769.749229
0.9027778,35,1769.759601
0.8972222,37,1769.814912
0.0,9,1769.818856
0.875,45,1769.823972
0.0,20,1769.830267
0.8972222,37,1769.859747
0.0,28,1769.943542
0.0,25,1769.962987
0.0,4,1770.017247
0.9027778,35,1770.119399
0.8972222,37,1770.122413
0.0,2,1770.127409
0.8972222,37,1770.132081
0.8388889,58,1770.154921
0.87777776,44,1770.229054
0.8972222,37,1770.229054
0.8611111,50,1770.229054
0.0,18,1770.239567
0.0,11,1770.324369
0.91944444,29,1770.421309
0.8611111,50,1770.421309
0.8972222,37,1770.427227
0.0,2,1770.427227
0.0,6,1770.440718
0.0,4,1770.498462
0.875,45,1770.503717
0.0,15,1770.528056
0.89166665,39,1770.535565
0.0,21,1770.5892
0.0,9,1770.611356
0.85833335,51,1770.667413
0.0,56,1770.715369
0.91944444,29,1770.744236
0.0,4,1770.755133
0.0,14,1770.770861
0.0,8,1770.83371
0.9027778,35,1770.937209
0.85555553,52,1770.965347
0.79444444,74,1770.974595
0.8527778,53,1771.047239
0.9138889,31,1771.05946
0.8972222,37,1771.077658
0.0,6,1771.090714
0.85833335,51,1771.152538
0.0,6,1771.179136
0.0,2,1771.18726
0.0,15,1771.237143
0.9027778,35,1771.264073
0.88611114,41,1771.287823
0.0,12,1771.330173
0.8277778,62,1771.346545
0.8333333,60,1771.418998
0.8611111,50,1771.437279
0.0,14,1771.45733
0.0,2,1771.470971
0.9027778,35,1771.477494
0.0,8,1771.482035
0.85555553,52,1771.524622
0.90833336,33,1771.542757
0.9138889,31,1771.554548
0.0,2,1771.565811
0.0,12,1771.607369
0.8972222,37,1771.607369
0.0,22,1771.644142
0.88611114,41,1771.7305
0.0,4,1771.745495
0.0,26,1771.799297
0.8888889,40,1771.813424
0.85555553,52,1771.891273
0.875,45,1771.895966
0.89444447,38,1771.90069
0.8888889,40,1771.907881
0.89444447,38,1771.929121
0.0,21,1772.002554
0.8888889,40,1772.061449
0.89166665,39,1772.06756
0.89166665,39,1772.07938
0.0,6,1772.094041
0.0,6,1772.103394
0.0,2,1772.112541
0.0,17,1772.169379
0.89166665,39,1772.169379
0.88611114,41,1772.191201
0.8527778,53,1772.268
0.875,45,1772.271711
0.0,2,1772.279558
0.89444447,38,1772.359263
0.8888889,40,1772.418511
0.8833333,42,1772.489596
0.86944443,47,1772.500619
0.0,4,1772.552254
0.87777776,44,1772.567904
0.0,6,1772.575535
0.89166665,39,1772.587206
0.8388889,58,1772.635177
0.0,10,1772.675782
0.85555553,52,1772.724255
0.0,4,1772.725759
0.875,45,1772.729309
0.88055557,43,1772.73953
0.90833336,33,1772.73953
0.0,2,1772.75315
0.0,6,1772.762236
0.0,33,1772.834319
0.0,16,1772.857317
0.8888889,40,1772.903196
0.9138889,31,1772.925807
0.0,4,1772.981954
0.0,4,1773.009263
0.0,4,1773.037316
0.81666666,66,1773.043098
0.0,25,1773.084806
0.89166665,39,1773.089893
0.88055557,43,1773.101891
0.85833335,51,1773.107455
0.89166665,39,1773.111485
0.88055557,43,1773.198662
0.0,25,1773.282033
0.9111111,32,1773.289984
0.90555555,34,1773.289984
0.0,4,1773.31417
0.89444447,38,1773.363036
0.0,4,1773.367568
0.8888889,40,1773.375841
0.0,6,1773.390055
0.89444447,38,1773.390055
0.86388886,49,1773.463388
0.0,15,1773.471288
0.8972222,37,1773.479604
0.91944444,29,1773.527499
0.0,4,1773.550115
0.9,36,1773.556437
0.0,9,1773.564996
0.0,4,1773.570504
0.90833336,33,1773.579349
0.0,4,1773.627252
0.0,6,1773.648603
0.0,18,1773.654635
0.9138889,31,1773.707482
0.0,4,1773.720595
0.87222224,46,1773.723605
0.8666667,48,1773.729169
0.0,2,1773.729169
0.0,15,1773.787467
0.9027778,35,1773.803702
0.0,4,1773.82071
0.0,25,1773.82071
0.0,41,1773.8695
0.0,19,1773.882391
0.0,6,1773.882391
0.8388889,58,1773.887392
0.0,10,1773.8959
0.0,10,1773.959474
0.90833336,33,1773.983543
0.88055557,43,1774.027567
0.0,2,1774.033607
0.88055557,43,1774.03778
0.0,8,1774.051076
0.0,19,1774.067331
0.89444447,38,1774.119504
0.0,8,1774.133458
0.86388886,49,1774.212179
0.875,45,1774.212179
0.0,6,1774.231746
0.84166664,57,1774.298728
0.0,8,1774.337555
0.0,2,1774.346774
0.87222224,46,1774.394904
0.875,45,1774.409242
0.86388886,49,1774.413255
0.9027778,35,1774.415258
0.0,8,1774.425605
0.91944444,29,1774.429153
0.0,8,1774.483495
0.86944443,47,1774.483495
0.0,4,1774.483495
0.8972222,37,1774.572511
0.0,16,1774.587204
0.9138889,31,1774.603235
0.0,10,1774.644229
0.0,22,1774.644229
0.90833336,33,1774.651278
0.88055557,43,1774.659437
0.90555555,34,1774.670349
0.0,8,1774.673671
0.9027778,35,1774.72986
0.0,12,1774.733884
0.0,6,1774.733884
0.0,4,1774.750362
0.0,13,1774.819516
0.90833336,33,1774.819516
0.0,30,1774.830987
0.9027778,35,1774.953195
0.88611114,41,1774.961511
0.0,4,1774.993332
0.89444447,38,1774.99941
0.0,21,1775.071383
0.0,10,1775.086111
0.88055557,43,1775.134055
0.0,2,1775.14521
0.0,11,1775.151286
0.9027778,35,1775.240284
0.0,20,1775.261975
0.0,16,1775.261975
0.8527778,53,1775.299494
0.88055557,43,1775.372999
0.0,2,1775.373576
0.0,13,1775.387465
0.0,8,1775.451332
0.88055557,43,1775.557155
0.0,21,1775.605525
0.88611114,41,1775.709404
0.0,15,1775.721679
0.8972222,37,1775.721679
0.0,6,1775.745596
0.0,27,1775.832923
0.0,16,1775.832923
0.0,11,1775.854346
0.8388889,58,1775.871498
0.0,6,1775.871498
0.85833335,51,1775.99135
0.0,8,1775.99135
0.0,2,1776.005901
0.8888889,40,1776.227178
0.90833336,33,1776.247216
0.8527778,53,1776.287532
0.0,9,1776.370815
0.87222224,46,1776.378172
0.8611111,50,1776.383076
0.8972222,37,1776.391432
0.0,6,1776.42201
0.0,6,1776.526522
0.7027778,107,1776.526522
0.8611111,50,1776.563685
0.8833333,42,1776.708953
0.89166665,39,1776.809658
0.89166665,39,1776.843363
0.89444447,38,1776.849444
0.8833333,42,1776.857561
0.9027778,35,1776.957639
0.0,2,1776.975096
0.0,11,1776.98737
0.8972222,37,1777.000224
0.0,6,1777.083446
0.87222224,46,1777.093246
0.0,29,1777.127311
0.9166667,30,1777.222032
0.0,8,1777.235753
0.0,16,1777.246084
0.0,6,1777.258053
0.8972222,37,1777.258053
0.85555553,52,1777.342053
0.9138889,31,1777.372542
0.0,10,1777.377462
0.0,10,1777.490865
0.86388886,49,1777.515865
0.0,4,1777.546021
0.87222224,46,1777.621308
0.89166665,39,1777.684009
0.89166665,39,1777.697128
0.0,46,1777.757419
0.9,36,1777.887128
0.0,2,1777.901934
0.86944443,47,1777.901934
0.85,54,1777.915906
0.9138889,31,1777.921908
0.9027778,35,1777.933231
0.0,28,1778.018575
0.0,6,1778.025288
0.91944444,29,1778.037854
0.0,10,1778.043657
0.0,17,1778.07954
0.0,8,1778.091312
0.0,2,1778.163535
0.0,16,1778.214153
0.0,12,1778.2254
0.0,22,1778.239025
0.8611111,50,1778.417101
0.0,7,1778.457126
0.8833333,42,1778.547163
0.9027778,35,1778.614197
0.0,4,1778.636482
0.84444445,56,1778.641526
0.0,11,1778.641526
0.9,36,1778.655348
0.8111111,68,1778.709226
0.0,8,1778.75159
0.8833333,42,1778.809211
0.0,4,1778.827449
0.8333333,60,1778.845952
0.85,54,1778.845952
0.9166667,30,1778.850222
0.9138889,31,1778.898154
0.0,14,1778.923101
0.0,6,1778.925109
0.0,2,1778.933462
0.0,13,1778.939529
0.89444447,38,1778.939529
0.0,6,1778.993927
0.0,13,1779.027396
0.0,17,1779.079491
0.9111111,32,1779.088983
0.0,4,1779.100514
0.8972222,37,1779.100514
0.88611114,41,1779.194731
0.825,63,1779.194731
0.7777778,80,1779.247426
0.0,2,1779.257281
0.89444447,38,1779.259666
0.0,28,1779.272343
0.0,38,1779.344945
0.0,10,1779.349494
0.0,16,1779.357447
0.9,36,1779.385088
0.89166665,39,1779.433179
0.0,18,1779.435187
0.0,11,1779.441794
0.9027778,35,1779.470179
0.0,10,1779.514579
0.9138889,31,1779.545679
0.0,28,1779.621403
0.0,2,1779.629574
0.88611114,41,1779.640386
0.0,2,1779.649343
0.8472222,55,1779.653362
0.90833336,33,1779.653362
0.0,2,1779.70753
0.0,4,1779.716878
0.0,11,1779.724949
0.87777776,44,1779.751555
0.0,9,1779.755669
0.0,9,1779.801497
0.0,11,1779.83918
0.8611111,50,1779.88912
0.88611114,41,1779.893199
0.0,17,1779.897251
0.0,6,1779.91233
0.825,63,1779.993784
0.8666667,48,1780.021201
0.87222224,46,1780.021201
0.90833336,33,1780.105046
0.8972222,37,1780.105046
0.86388886,49,1780.156642
0.9027778,35,1780.156642
0.0,18,1780.165409
0.0,8,1780.171216
0.0,2,1780.17878
0.87777776,44,1780.237382
0.89444447,38,1780.313749
0.9027778,35,1780.345759
0.8472222,55,1780.347265
0.0,6,1780.404025
0.9027778,35,1780.404025
0.8972222,37,1780.431459
0.0,48,1780.495793
0.8472222,55,1780.537349
0.90833336,33,1780.545658
0.0,20,1780.553259
0.0,6,1780.620263
0.84444445,56,1780.638687
0.0,10,1780.709327
0.0,6,1780.715348
0.9027778,35,1818.635483
0.8611111,50,1818.691775
0.9027778,35,1818.721333
0.8472222,55,1818.727376
0.87222224,46,1818.729407
0.9,36,1818.842623
0.8388889,58,1818.84819
0.88611114,41,1818.906741
0.90833336,33,1818.921421
0.90833336,33,1818.929496
0.90555555,34,1818.929496
0.80833334,69,1819.037195
0.90833336,33,1819.04122
0.9138889,31,1819.111505
0.9166667,30,1819.121269
0.86944443,47,1819.201041
0.8833333,42,1819.207555
0.75277776,89,1819.216839
0.90833336,33,1819.228677
0.91944444,29,1819.29624
0.88055557,43,1819.306369
0.0,10,1819.377185
0.87777776,44,1819.388996
0.75555557,88,1819.388996
0.91944444,29,1819.464825
0.875,45,1819.467233
0.84444445,56,1819.537153
0.9138889,31,1819.602856
0.83055556,61,1819.619889
0.8833333,42,1819.663209
0.90555555,34,1819.690469
0.90833336,33,1819.690469
0.0,13,1819.748142
0.91944444,29,1819.748142
0.7722222,82,1819.755153
0.9138889,31,1819.839273
0.89444447,38,1819.846228
0.0,6,1819.859397
0.91944444,29,1819.904885
0.91944444,29,1819.923617
0.91944444,29,1819.929363
0.88611114,41,1819.982287
0.74722224,91,1819.995773
0.88055557,43,1820.005405
0.90833336,33,1820.085229
0.9138889,31,1820.085229
0.8833333,42,1820.143084
0.0,6,1820.14859
0.91944444,29,1820.161551
0.90555555,34,1820.161551
0.89444447,38,1820.167765
0.0,4,1820.219426
0.9111111,32,1820.223436
0.91944444,29,1820.308947
0.91944444,29,1820.327284
0.9138889,31,1820.386481
0.89444447,38,1820.409615
0.8138889,67,1820.475506
0.875,45,1820.504052
0.91944444,29,1820.552519
0.83055556,61,1820.559551
0.8972222,37,1820.559551
0.91944444,29,1820.575897
0.9027778,35,1820.704184
0.9138889,31,1820.777391
0.8388889,58,1820.793334
0.74722224,91,1820.801042
0.86388886,49,1820.864366
0.8361111,59,1820.879294
0.0,8,1820.889328
0.9138889,31,1820.9573
0.8055556,70,1821.011621
0.90833336,33,1821.031523
0.84444445,56,1821.048207
0.9138889,31,1821.105873
0.0,23,1821.13136
0.8972222,37,1821.173561
0.85,54,1821.173561
0.7277778,98,1821.181323
0.9166667,30,1821.181323
0.0,4,1821.187464
0.91944444,29,1821.206126
0.9138889,31,1821.287381
0.0,9,1821.291425
0.9027778,35,1821.35949
0.89444447,38,1821.447408
0.89166665,39,1821.471139
0.0,6,1821.479893
0.87777776,44,1821.53524
0.85555553,52,1821.563906
0.89166665,39,1821.577493
0.0,15,1821.596098
0.0,2,1821.645999
0.89444447,38,1821.661046
0.8666667,48,1821.671429
0.0,4,1821.673441
0.80277777,71,1821.683177
0.0,38,1821.757566
0.90833336,33,1821.763635
0.91944444,29,1821.770761
0.9027778,35,1821.883761
0.9166667,30,1821.903466
0.9027778,35,1821.915916
0.0,2,1821.92285
0.0,4,1821.975851
0.0,27,1821.981459
0.87222224,46,1821.99218
0.9138889,31,1822.082263
0.79444444,74,1822.091468
0.0,35,1822.154143
0.0,59,1822.163493
0.91944444,29,1822.17729
0.90833336,33,1822.182149
0.8972222,37,1822.235365
0.0,23,1822.26489
0.7916667,75,1822.313755
0.0,10,1822.342729
0.8972222,37,1822.345116
0.9138889,31,1822.403788
0.91944444,29,1822.414546
0.89166665,39,1822.421331
0.0,33,1822.42534
0.9111111,32,1822.600407
0.89166665,39,1822.627475
0.9138889,31,1822.629508
0.0,12,1822.68747
0.9111111,32,1822.68747
0.0,4,1822.704618
0.8388889,58,1822.715344
0.87222224,46,1822.719319
0.8833333,42,1822.759404
0.0,13,1822.759404
0.0,15,1822.780138
0.76666665,84,1822.841553
0.90833336,33,1822.860528
0.90833336,33,1822.949432
0.8972222,37,1822.999155
0.9138889,31,1823.002353
0.8972222,37,1823.002353
0.88611114,41,1823.008894
0.85833335,51,1823.02918
0.88611114,41,1823.105027
0.9027778,35,1823.105027
0.0,33,1823.181476
0.9111111,32,1823.19125
0.90555555,34,1823.194998
0.9,36,1823.272957
0.87222224,46,1823.274963
0.9166667,30,1823.321144
0.0,4,1823.327154
0.90833336,33,1823.33092
0.89444447,38,1823.434304
0.88055557,43,1823.500281
0.7861111,77,1823.514393
0.90555555,34,1823.514393
0.85,54,1823.579519
0.89166665,39,1823.587181
0.88055557,43,1823.59269
0.0,21,1823.667522
0.90833336,33,1823.667522
0.91944444,29,1823.677323
0.8277778,62,1823.749593
0.90833336,33,1823.749593
0.9,36,1823.837108
0.90833336,33,1823.838411
0.9166667,30,1823.861533
0.9138889,31,1823.973115
0.88055557,43,1823.98713
0.0,6,1823.992912
0.8361111,59,1823.999172
0.85555553,52,1824.004721
0.90833336,33,1824.05984
0.85555553,52,1824.087359
0.9027778,35,1824.089767
0.85,54,1824.173425
0.9166667,30,1824.217381
0.90555555,34,1824.227571
0.0,6,1824.241314
0.91944444,29,1824.241314
0.9027778,35,1824.24733
0.0,2,1824.24733
0.0,38,1824.251358
0.0,10,1824.297451
0.0,4,1824.314427
0.90833336,33,1824.323095
0.8972222,37,1824.333423
0.0,4,1824.335427
0.0,6,1824.394817
0.9027778,35,1824.406439
0.90555555,34,1824.473071
0.9138889,31,1824.607302
0.88611114,41,1824.617574
0.8361111,59,1824.624817
0.8388889,58,1824.62936
0.85833335,51,1824.633036
0.91944444,29,1824.647377
0.8888889,40,1824.699698
0.81666666,66,1824.70587
0.9138889,31,1824.799127
0.9138889,31,1824.855169
0.91944444,29,1824.869252
0.9111111,32,1824.893107
0.0,40,1824.893107
0.8833333,42,1824.93729
0.8972222,37,1824.9436
0.8611111,50,1824.953603
0.9138889,31,1825.052979
0.9,36,1825.093803
0.9138889,31,1825.117315
0.90555555,34,1825.121085
0.91944444,29,1825.125127
0.87777776,44,1825.203568
0.8194444,65,1825.249444
0.84166664,57,1825.277392
0.90833336,33,1825.28287
0.9027778,35,1825.284875
0.90833336,33,1825.345986
0.0,23,1825.364691
0.0,6,1825.403274
0.90833336,33,1825.427531
0.0,9,1825.430756
0.0,60,1825.517365
0.88055557,43,1825.57319
0.88055557,43,1825.576284
0.0,25,1825.59184
0.9027778,35,1825.600747
0.0,88,1825.671513
0.91944444,29,1825.739206
0.8666667,48,1825.739206
0.9027778,35,1825.742338
0.90833336,33,1825.792899
0.0,8,1825.804796
0.90833336,33,1825.808647
0.9111111,32,1825.816674
0.76944447,83,1825.82213
0.0,6,1825.829426
0.0,4,1825.877281
0.9111111,32,1825.895077
0.9,36,1825.989161
0.88611114,41,1826.044768
0.9027778,35,1826.057155
0.88611114,41,1826.057155
0.88055557,43,1826.075696
0.86388886,49,1826.177255
0.0,23,1826.194974
0.90833336,33,1826.194974
0.0,64,1826.269221
0.0,12,1826.269221
0.83055556,61,1826.279495
0.0,4,1826.329554
0.0,6,1826.349534
0.90833336,33,1826.360975
0.90833336,33,1826.419537
0.84166664,57,1826.421661
0.84166664,57,1826.447484
0.0,12,1826.451607
0.0,6,1826.451607
0.9138889,31,1826.50323
0.89444447,38,1826.527298
0.9027778,35,1826.647426
0.91944444,29,1826.647426
0.86944443,47,1826.685351
0.7222222,100,1826.689877
0.9027778,35,1826.694901
0.0,6,1826.714612
0.89166665,39,1826.760198
0.0,16,1826.779566
0.89166665,39,1826.794444
0.86388886,49,1826.843148
0.0,4,1826.858447
0.9138889,31,1826.923141
0.91944444,29,1826.933161
0.91944444,29,1826.935165
0.0,2,1826.937169
0.89166665,39,1826.954524
0.8888889,40,1827.069701
0.8611111,50,1827.08726
0.8138889,67,1827.089992
0.8888889,40,1827.09291
0.90833336,33,1827.154787
0.9027778,35,1827.1573
0.8888889,40,1827.159282
0.90833336,33,1827.16739
0.0,6,1827.175947
0.0,4,1827.229521
0.0,27,1827.257437
0.0,6,1827.331541
0.9138889,31,1827.331541
0.88055557,43,1827.345714
0.89166665,39,1827.352264
0.9111111,32,1827.393733
0.90555555,34,1827.417353
0.89444447,38,1827.419374
0.90833336,33,1827.536406
0.9138889,31,1827.55309
0.89166665,39,1827.5566
0.8472222,55,1827.559976
0.8972222,37,1827.567492
0.0,27,1827.567492
0.88611114,41,1827.629434
0.0,15,1827.717428
0.0,35,1827.769559
0.0,56,1827.777239
0.90833336,33,1827.796374
0.8972222,37,1827.7994
0.88611114,41,1827.80997
0.0,4,1827.862812
0.87777776,44,1827.865589
0.8833333,42,1827.865589
0.0,4,1827.874476
0.9138889,31,1827.950767
0.0,20,1828.017437
0.87777776,44,1828.039367
0.85,54,1828.093178
0.0,4,1828.093178
0.8972222,37,1828.104238
0.875,45,1828.106245
0.86944443,47,1828.109284
0.87777776,44,1828.174642
0.0,12,1828.181863
0.90833336,33,1828.187392
0.9138889,31,1828.20751
0.0,6,1828.20751
0.0,23,1828.255557
0.0,8,1828.284619
0.0,19,1828.286683
0.9138889,31,1828.33528
0.90833336,33,1828.337283
0.9138889,31,1828.353863
0.85,54,1828.446139
0.8972222,37,1828.446139
0.90555555,34,1828.512797
0.90555555,34,1828.525771
0.875,45,1828.607573
0.0,30,1828.67386
0.0,8,1828.679477
0.0,51,1828.690362
0.0,6,1828.739478
0.9027778,35,1828.757547
0.0,8,1828.757547
0.8055556,70,1828.761581
0.87777776,44,1828.761581
0.0,6,1828.819618
0.75,90,1828.834394
0.87777776,44,1828.847463
0.91944444,29,1828.93962
0.9138889,31,1828.983402
0.8972222,37,1828.988044
0.8527778,53,1829.011564
0.0,4,1829.061375
0.89444447,38,1829.078041
0.8833333,42,1829.080093
0.0,23,1829.090144
0.85833335,51,1829.090144
0.85555553,52,1829.170712
0.9027778,35,1829.209467
0.89444447,38,1829.224146
0.91944444,29,1829.233879
0.0,14,1829.303261
0.91944444,29,1829.307273
0.90833336,33,1829.307273
0.90833336,33,1829.319902
0.8888889,40,1829.331382
0.89166665,39,1829.513844
0.91944444,29,1829.51871
0.87222224,46,1829.523122
0.90555555,34,1829.579192
0.0,33,1829.579646
0.91944444,29,1829.579646
0.0,2,1829.589433
0.87222224,46,1829.605798
0.0,11,1829.612568
0.0,8,1829.621882
0.0,2,1829.631789
0.8888889,40,1829.693254
0.0,15,1829.739467
0.9166667,30,1829.803369
0.91944444,29,1829.807388
0.91944444,29,1829.844927
0.9027778,35,1829.896434
0.89166665,39,1829.904272
0.91944444,29,1829.923504
0.9027778,35,1829.925509
0.0,8,1829.990807
0.91944444,29,1829.997131
0.8888889,40,1830.069147
0.0,4,1830.082731
0.89166665,39,1830.131538
0.0,8,1830.144771
0.88055557,43,1830.15423
0.8333333,60,1830.16104
0.87777776,44,1830.163045
0.0,2,1830.206552
0.0,14,1830.236468
0.8527778,53,1830.289816
0.0,17,1830.347321
0.0,8,1830.347321
0.0,8,1830.368772
0.8527778,53,1830.415454
0.88611114,41,1830.435247
0.82222223,64,1830.445431
0.89444447,38,1830.493711
0.8611111,50,1830.521279
0.0,4,1830.538018
0.91944444,29,1830.538018
0.90833336,33,1830.609485
0.9138889,31,1830.68519
0.86944443,47,1830.707409
0.88055557,43,1830.752521
0.8277778,62,1830.777213
0.89166665,39,1830.835923
0.8527778,53,1830.845394
0.0,4,1830.849474
0.91944444,29,1830.859894
0.0,2,1830.86603
0.9138889,31,1830.93755
0.8972222,37,1830.999595
0.9138889,31,1831.021252
0.8361111,59,1831.034068
0.90833336,33,1831.154255
0.90555555,34,1831.18355
0.9027778,35,1831.29033
0.9138889,31,1831.29033
0.9138889,31,1831.309451
0.7083333,105,1831.403308
0.87777776,44,1831.459283
0.9027778,35,1831.463349
0.9111111,32,1831.47242
0.7972222,73,1831.476048
0.0,29,1831.543583
0.90833336,33,1831.54957
0.9,36,1831.563168
0.0,4,1831.567177
0.9,36,1831.641863
0.90833336,33,1831.703115
0.8972222,37,1831.703115
0.90555555,34,1831.711475
0.9138889,31,1831.729132
0.89166665,39,1831.822357
0.8833333,42,1831.870666
0.9027778,35,1831.887396
0.90833336,33,1831.900573
0.9027778,35,1831.947446
0.0,19,1831.970241
0.90833336,33,1831.973513
0.87777776,44,1832.030297
0.75,90,1832.071288
0.90833336,33,1832.080946
0.9111111,32,1832.134061
0.0,2,1832.141126
0.9111111,32,1832.149208
0.0,32,1832.157332
0.0,4,1832.157332
0.0,28,1832.159373
0.0,8,1832.221414
0.8888889,40,1832.319586
0.9138889,31,1832.411994
0.0,4,1832.430507
0.8888889,40,1832.48502
0.90833336,33,1832.493403
0.0,2,1832.509752
0.85555553,52,1832.571285
0.7861111,77,1832.613798
0.80833334,69,1832.642366
0.76944447,83,1832.724479
0.8972222,37,1832.789351
0.89444447,38,1872.427144
0.90555555,34,1872.439233
0.9,36,1872.443243
0.7972222,73,1872.507269
0.8888889,40,1872.527266
0.9138889,31,1872.597585
0.91944444,29,1872.604978
0.7916667,75,1872.645162
0.8888889,40,1872.732643
0.8833333,42,1872.73502
0.9138889,31,1872.74156
0.875,45,1872.813219
0.91944444,29,1872.819174
0.8888889,40,1872.881526
0.89444447,38,1872.885596
0.91944444,29,1872.905528
0.90833336,33,1872.963302
0.91944444,29,1872.983409
0.7277778,98,1872.989233
0.8888889,40,1872.991275
0.90833336,33,1873.0613
0.91944444,29,1873.091545
0.0,6,1873.09355
0.9138889,31,1873.100138
0.9138889,31,1873.167445
0.9111111,32,1873.247118
0.89166665,39,1873.250207
0.8833333,42,1873.329325
0.90833336,33,1873.331334
0.9027778,35,1873.336025
0.87222224,46,1873.344945
0.9138889,31,1873.353181
0.9138889,31,1873.430997
0.90833336,33,1873.480343
0.8361111,59,1873.509491
0.9111111,32,1873.561499
0.9138889,31,1873.567584
0.91944444,29,1873.567584
0.8972222,37,1873.571615
0.89166665,39,1873.705084
0.8361111,59,1873.714002
0.9111111,32,1873.71916
0.8888889,40,1873.723171
0.9138889,31,1873.742603
0.90555555,34,1873.796016
0.8972222,37,1873.800786
0.9138889,31,1873.909416
0.9111111,32,1873.953217
0.89166665,39,1873.963154
0.91944444,29,1873.96963
0.89166665,39,1873.96963
0.8277778,62,1873.96963
0.90833336,33,1873.97364
0.89444447,38,1874.043558
0.91944444,29,1874.12137
0.90833336,33,1874.143245
0.9166667,30,1874.145251
0.9166667,30,1874.18988
0.9138889,31,1874.192649
0.9111111,32,1874.197606
0.90555555,34,1874.207398
0.91944444,29,1874.219201
0.9138889,31,1874.309182
0.9138889,31,1874.369495
0.91944444,29,1874.369495
0.91944444,29,1874.377545
0.9138889,31,1874.379657
0.90555555,34,1874.381665
0.90555555,34,1874.441301
0.8972222,37,1874.461392
0.9166667,30,1874.562178
0.90833336,33,1874.606794
0.9138889,31,1874.606794
0.9138889,31,1874.612254
0.90833336,33,1874.621328
0.88055557,43,1874.626436
0.90555555,34,1874.685292
0.90833336,33,1874.712734
0.9138889,31,1874.797444
0.9138889,31,1874.819366
0.90833336,33,1874.823881
0.9138889,31,1874.89386
0.9138889,31,1874.899388
0.9,36,1874.993752
0.90833336,33,1875.009466
0.8611111,50,1875.009466
0.91944444,29,1875.104157
0.9138889,31,1875.108911
0.9,36,1875.171365
0.88611114,41,1875.179437
0.85833335,51,1875.196597
0.90833336,33,1875.199677
0.8972222,37,1875.264076
0.9027778,35,1875.341564
0.9027778,35,1875.347726
0.8472222,55,1875.368643
0.9166667,30,1875.427155
0.9138889,31,1875.427155
0.89444447,38,1875.432472
0.91944444,29,1875.461537
0.86944443,47,1875.505944
0.91944444,29,1875.537203
0.91944444,29,1875.539244
0.91944444,29,1875.59825
0.91944444,29,1875.617424
0.9027778,35,1875.670708
0.9027778,35,1875.670708
0.9138889,31,1875.681441
0.9138889,31,1875.757555
0.9138889,31,1875.760499
0.88611114,41,1875.760499
0.89444447,38,1875.845578
0.91944444,29,1875.851972
0.9027778,35,1875.854894
0.9138889,31,1875.902967
0.91944444,29,1875.935034
0.9138889,31,1875.980597
0.875,45,1875.980597
0.8972222,37,1876.002007
0.9138889,31,1876.065255
0.9166667,30,1876.071292
0.91944444,29,1876.071292
0.8888889,40,1876.161273
0.91944444,29,1876.163278
0.90833336,33,1876.171286
0.9027778,35,1876.243165
0.91944444,29,1876.251221
0.88055557,43,1876.25495
0.91944444,29,1876.25495
0.9138889,31,1876.259818
0.91944444,29,1876.376146
0.90833336,33,1876.379188
0.89444447,38,1876.399238
0.90833336,33,1876.460756
0.9138889,31,1876.460756
0.9138889,31,1876.47251
0.88611114,41,1876.53584
0.875,45,1876.551233
0.91944444,29,1876.556916
0.9138889,31,1876.560061
0.9027778,35,1876.677344
0.87222224,46,1876.692998
0.8888889,40,1876.692998
0.91944444,29,1876.707437
0.8833333,42,1876.710332
0.91944444,29,1876.759552
0.89444447,38,1876.769322
0.9027778,35,1876.782663
0.91944444,29,1876.885866
0.9,36,1876.931253
0.91944444,29,1876.943674
0.9138889,31,1876.947432
0.9,36,1876.951471
0.91944444,29,1876.951471
0.8888889,40,1877.050359
0.8666667,48,1877.102622
0.91944444,29,1877.123812
0.9027778,35,1877.127353
0.90833336,33,1877.127353
0.91944444,29,1877.130923
0.90833336,33,1877.186079
0.9027778,35,1877.191629
0.9138889,31,1877.283283
0.9138889,31,1877.298054
0.91944444,29,1877.34942
0.9138889,31,1877.365033
0.90833336,33,1877.369577
0.90833336,33,1877.369577
0.9138889,31,1877.379369
0.9138889,31,1877.381758
0.90833336,33,1877.495263
0.9138889,31,1877.505656
0.9138889,31,1877.519322
0.91944444,29,1877.525342
0.9138889,31,1877.580234
0.9111111,32,1877.582767
0.9,36,1877.607222
0.88055557,43,1877.67745
0.90833336,33,1877.740809
0.91944444,29,1877.742835
0.89444447,38,1877.747346
0.9166667,30,1877.751948
0.91944444,29,1877.758165
0.9138889,31,1877.770374
0.90555555,34,1877.840387
0.91944444,29,1877.855825
0.9027778,35,1877.993095
0.8972222,37,1878.006013
0.91944444,29,1878.006013
0.90833336,33,1878.009541
0.8888889,40,1878.029954
0.91944444,29,1878.080916
0.9138889,31,1878.103548
0.8194444,65,1878.217396
0.90833336,33,1878.272952
0.91944444,29,1878.277475
0.9,36,1878.28136
0.8972222,37,1878.285659
0.88611114,41,1878.294637
0.90555555,34,1878.311374
0.91944444,29,1878.313381
0.9138889,31,1878.482066
0.9138889,31,1878.486377
0.90833336,33,1878.494257
0.9027778,35,1878.542194
0.9138889,31,1878.553385
0.9027778,35,1878.565773
0.85555553,52,1878.613161
0.87222224,46,1878.625253
0.91944444,29,1878.694094
0.91944444,29,1878.70271
0.8972222,37,1878.786158
0.9111111,32,1878.7903
0.9111111,32,1878.817283
0.8833333,42,1878.881505
0.91944444,29,1878.887516
0.90833336,33,1878.901585
0.86388886,49,1878.96291
0.91944444,29,1878.970545
0.9111111,32,1878.979283
0.8111111,68,1878.985294
0.91944444,29,1879.032403
0.9138889,31,1879.062443
0.90555555,34,1879.11751
0.9138889,31,1879.125569
0.90833336,33,1879.193436
0.9111111,32,1879.213998
0.8833333,42,1879.274446
0.89166665,39,1879.287471
0.9138889,31,1879.290506
0.91944444,29,1879.302496
0.8611111,50,1879.310847
0.9138889,31,1879.429635
0.875,45,1879.432568
0.89166665,39,1879.440036
0.9166667,30,1879.459296
0.9027778,35,1879.4613
0.91944444,29,1879.514147
0.9111111,32,1879.517542
0.89166665,39,1879.535534
0.9138889,31,1879.617385
0.90833336,33,1879.672006
0.8972222,37,1879.674012
0.91944444,29,1879.677555
0.91944444,29,1879.681732
0.9138889,31,1879.707418
0.8972222,37,1879.770872
0.90555555,34,1879.777417
0.91944444,29,1879.857345
0.91944444,29,1879.861463
0.91944444,29,1879.864604
0.91944444,29,1879.867619
0.86944443,47,1879.940993
0.91944444,29,1879.943502
0.90833336,33,1880.003582
0.91944444,29,1880.027217
0.91944444,29,1880.076339
0.9138889,31,1880.089233
0.8527778,53,1880.091237
0.90833336,33,1880.097366
0.91944444,29,1880.157127
0.90555555,34,1880.23136
0.91944444,29,1880.24329
0.9138889,31,1880.251788
0.9138889,31,1880.261583
0.9138889,31,1880.265595
0.85555553,52,1880.305119
0.89166665,39,1880.335196
0.9138889,31,1880.335196
0.91944444,29,1880.466532
0.91944444,29,1880.469564
0.9027778,35,1880.474522
0.88611114,41,1880.474522
0.91944444,29,1880.534752
0.9138889,31,1880.541765
0.85,54,1880.563521
0.8333333,60,1880.640743
0.91944444,29,1880.641875
0.89444447,38,1880.708297
0.91944444,29,1880.779404
0.89444447,38,1880.789247
0.87777776,44,1880.800715
0.85,54,1880.847538
0.85,54,1880.849558
0.8972222,37,1880.891269
0.89166665,39,1880.944229
0.9138889,31,1880.983739
0.91944444,29,1881.041533
0.89166665,39,1881.069736
0.8972222,37,1881.122352
0.8888889,40,1881.137203
0.90833336,33,1881.152151
0.8972222,37,1881.217287
0.80277777,71,1881.230646
0.9027778,35,1881.246664
0.91944444,29,1881.306018
0.9138889,31,1881.326677
0.87777776,44,1881.337267
0.9027778,35,1881.395065
0.91944444,29,1881.409608
0.90833336,33,1881.477512
0.9166667,30,1881.485483
0.88055557,43,1881.485483
0.91944444,29,1881.497282
0.9138889,31,1881.580623
0.88611114,41,1881.642582
0.8611111,50,1881.66234
0.8888889,40,1881.664238
0.90833336,33,1881.666153
0.90833336,33,1881.707418
0.9138889,31,1881.807148
0.85833335,51,1881.81118
0.8666667,48,1881.816351
0.90555555,34,1881.881374
0.9138889,31,1881.891433
0.9,36,1881.955982
0.875,45,1881.980695
0.91944444,29,1881.989148
0.9138889,31,1882.04279
0.85,54,1882.069378
0.9027778,35,1882.073393
0.90833336,33,1882.142329
0.8972222,37,1882.145858
0.90833336,33,1882.166219
0.9166667,30,1882.220167
0.9138889,31,1882.253454
0.91944444,29,1882.265584
0.9138889,31,1882.33754
0.8833333,42,1882.347613
0.9027778,35,1882.394696
0.85555553,52,1882.394696
0.9111111,32,1882.404764
0.91944444,29,1882.410739
0.91944444,29,1882.49567
0.9027778,35,1882.506516
0.9138889,31,1882.595069
0.91944444,29,1882.642401
0.89444447,38,1882.656712
0.88055557,43,1882.656712
0.88611114,41,1882.656712
0.9138889,31,1882.725206
0.8527778,53,1882.754353
0.87222224,46,1882.804834
0.90833336,33,1882.88605
0.89444447,38,1882.907547
0.86388886,49,1882.921631
0.88055557,43,1882.925321
0.8527778,53,1882.999349
0.90833336,33,1883.007458
0.8833333,42,1883.01033
0.9138889,31,1883.014014
0.91944444,29,1883.07942
0.89166665,39,1883.16761
0.8972222,37,1883.173643
0.8972222,37,1883.213253
0.9138889,31,1883.213253
0.91944444,29,1883.217265
0.90833336,33,1883.240404
0.8888889,40,1883.263718
0.90833336,33,1883.321265
0.9138889,31,1883.409505
0.91944444,29,1883.413514
0.9138889,31,1883.417428
0.9138889,31,1883.486164
0.89166665,39,1883.498621
0.88055557,43,1883.5113
0.90555555,34,1883.519297
0.91944444,29,1883.617594
0.89166665,39,1883.693593
0.91944444,29,1883.693593
0.90833336,33,1883.697637
0.84166664,57,1883.74314
0.91944444,29,1883.751295
0.9027778,35,1883.76615
0.8388889,58,1883.837614
0.9138889,31,1883.927248
0.90833336,33,1883.938803
0.9138889,31,1883.946399
0.8972222,37,1884.000708
0.9027778,35,1884.016329
0.91944444,29,1884.021363
0.8333333,60,1884.031668
0.9111111,32,1884.135192
0.9111111,32,1884.147429
0.9138889,31,1884.152431
0.91944444,29,1884.1572
0.9138889,31,1884.217399
0.90833336,33,1884.232852
0.9138889,31,1884.234857
0.76944447,83,1884.24398
0.91944444,29,1884.31674
0.90833336,33,1884.394796
0.91944444,29,1884.403119
0.89444447,38,1884.405872
0.9166667,30,1884.417404
0.9111111,32,1884.47964
0.8888889,40,1884.499486
0.91944444,29,1884.50333
0.8277778,62,1884.570017
0.9138889,31,1884.634949
0.90555555,34,1884.634949
0.8972222,37,1884.674943
0.9138889,31,1884.730976
0.9138889,31,1884.799414
0.88611114,41,1884.807273
0.8277778,62,1884.824225
0.8527778,53,1884.830787
0.9027778,35,1884.879027
0.9027778,35,1884.879027
0.9138889,31,1884.984573
0.86944443,47,1884.993622
0.90833336,33,1884.998025
0.9138889,31,1885.071451
0.85555553,52,1885.079307
0.90833336,33,1885.079307
0.88611114,41,1885.133066
0.87222224,46,1885.147282
0.9166667,30,1885.232866
0.90555555,34,1885.251843
0.9138889,31,1885.307198
0.91944444,29,1885.307198
0.90833336,33,1885.319225
0.8611111,50,1885.328267
0.8972222,37,1885.387887
0.9,36,1885.394116
0.9138889,31,1885.467349
0.8972222,37,1885.472155
0.9138889,31,1885.484063
0.9138889,31,1885.484063
0.9138889,31,1885.550167
0.9138889,31,1885.569407
0.91944444,29,1885.569407
0.8611111,50,1885.637467
0.9138889,31,1885.699656
0.9,36,1885.699656
0.89444447,38,1885.711465
0.91944444,29,1885.71718
0.91944444,29,1885.777119
0.91944444,29,1885.777119
0.91944444,29,1885.846657
0.90555555,34,1885.92932
0.9138889,31,1885.92932
0.91944444,29,1885.92932
0.9027778,35,1885.930818
0.80833334,69,1885.943187
0.91944444,29,1885.949963
0.89166665,39,1886.021602
0.91944444,29,1886.102201
0.91944444,29,1886.10621
0.9138889,31,1886.109237
0.91944444,29,1886.11553
0.9027778,35,1886.157123
0.9138889,31,1886.165421
0.85833335,51,1886.167384
0.88611114,41,1886.267528
0.91944444,29,1886.309191
0.90555555,34,1886.330827
0.91944444,29,1886.330827
0.9138889,31,1886.330827
0.9027778,35,1886.338419
0.91944444,29,1886.347391
0.89444447,38,1886.429163
0.88611114,41,1930.513466
0.875,45,1930.571927
0.86388886,49,1930.593399
0.8194444,65,1930.660809
0.8277778,62,1930.672237
0.8055556,70,1930.674278
0.8111111,68,1930.790637
0.7722222,82,1930.803492
0.875,45,1930.857574
0.85833335,51,1930.865267
0.89444447,38,1930.888622
0.825,63,1930.996001
0.84166664,57,1931.017242
0.825,63,1931.025296
0.87222224,46,1931.11281
0.84444445,56,1931.165754
0.8138889,67,1931.191758
0.8666667,48,1931.193762
0.8388889,58,1931.238811
0.87777776,44,1931.322365
0.85833335,51,1931.328798
0.8888889,40,1931.406473
0.8333333,60,1931.424292
0.8833333,42,1931.424292
0.8833333,42,1931.483614
0.8666667,48,1931.507138
0.86944443,47,1931.510677
0.88611114,41,1931.579601
0.88055557,43,1931.583614
0.88055557,43,1931.732085
0.8361111,59,1931.780451
0.8527778,53,1931.780451
0.86388886,49,1931.863894
0.82222223,64,1931.863894
0.86388886,49,1931.89922
0.825,63,1931.959453
0.8111111,68,1932.059212
0.8972222,37,1932.13485
0.89166665,39,1932.143152
0.85,54,1932.155298
0.8472222,55,1932.158414
0.7972222,73,1932.294208
0.84166664,57,1932.355363
0.8333333,60,1932.42144
0.87222224,46,1932.5018
0.8388889,58,1932.505812
0.8472222,55,1932.523877
0.85,54,1932.581596
0.83055556,61,1932.607303
0.8277778,62,1932.729624
0.85,54,1932.729624
0.8666667,48,1932.729624
0.87222224,46,1932.843657
0.85555553,52,1932.884295
0.8277778,62,1932.901357
0.8611111,50,1932.923417
0.87777776,44,1932.997228
0.775,81,1932.999256
0.8666667,48,1933.053874
0.86388886,49,1933.056581
0.87222224,46,1933.19232
0.8388889,58,1933.213206
0.8972222,37,1933.219181
0.8333333,60,1933.262527
0.85555553,52,1933.362587
0.8611111,50,1933.367366
0.79444444,74,1933.438732
0.8972222,37,1933.446382
0.89166665,39,1933.513823
0.79444444,74,1933.528634
0.8527778,53,1933.61319
0.8833333,42,1933.631258
0.8666667,48,1933.700821
0.875,45,1933.724094
0.9,36,1933.772103
0.76666665,84,1933.861277
0.875,45,1933.864933
0.8333333,60,1933.877483
0.88611114,41,1933.97717
0.85555553,52,1934.029402
0.89166665,39,1934.032519
0.80833334,69,1934.10953
0.9027778,35,1934.114906
0.85833335,51,1934.119442
0.86388886,49,1934.201827
0.91944444,29,1934.219588
0.8472222,55,1934.221593
0.86388886,49,1934.344513
0.84166664,57,1934.357199
0.8611111,50,1934.427467
0.85555553,52,1934.444457
0.85,54,1934.447465
0.8666667,48,1934.520693
0.85833335,51,1934.533084
0.84166664,57,1934.539088
0.8666667,48,1934.653908
0.875,45,1934.657529
0.87777776,44,1934.741015
0.8361111,59,1934.808793
0.88055557,43,1934.825672
0.87222224,46,1934.828808
0.8666667,48,1934.828808
0.8194444,65,1934.880839
0.88611114,41,1934.899423
0.85555553,52,1934.978644
0.88611114,41,1934.987311
0.8611111,50,1935.132373
0.85833335,51,1935.136383
0.84444445,56,1935.191766
0.85833335,51,1935.193772
0.8138889,67,1935.212528
0.89166665,39,1935.214565
0.8972222,37,1935.217573
0.83055556,61,1935.28333
0.90833336,33,1935.393097
0.89444447,38,1935.432485
0.88055557,43,1935.500703
0.83055556,61,1935.524707
0.8277778,62,1935.608577
0.8361111,59,1935.621373
0.7888889,76,1935.691407
0.78333336,78,1935.835307
0.80277777,71,1935.869464
0.8388889,58,1935.935578
0.82222223,64,1935.935578
0.84166664,57,1935.954026
0.8666667,48,1935.954026
0.88611114,41,1935.954026
0.82222223,64,1936.046235
0.89166665,39,1936.200711
0.875,45,1936.242864
0.84166664,57,1936.338573
0.84166664,57,1936.338573
0.7888889,76,1936.34179
0.8138889,67,1936.345602
0.81666666,66,1936.356305
0.86388886,49,1936.356305
0.8388889,58,1936.57755
0.8888889,40,1936.57755
0.88055557,43,1936.641283
0.8194444,65,1936.645297
0.87222224,46,1936.652113
0.85555553,52,1936.657913
0.84166664,57,1936.715864
0.82222223,64,1936.733831
0.86944443,47,1936.90155
0.88055557,43,1936.917585
0.8472222,55,1936.972476
0.86388886,49,1936.989306
0.8472222,55,1937.051417
0.80833334,69,1937.125195
0.8138889,67,1937.220947
0.86944443,47,1937.23209
0.7888889,76,1937.235251
0.875,45,1937.240175
0.85833335,51,1937.317626
0.875,45,1937.392854
0.84166664,57,1937.4175
0.875,45,1937.443091
0.89444447,38,1937.4992
0.8833333,42,1937.567891
0.88611114,41,1937.567891
0.8361111,59,1937.680576
0.85833335,51,1937.7023
0.88611114,41,1937.709324
0.86388886,49,1937.757359
0.8833333,42,1937.788684
0.87777776,44,1937.857426
0.86388886,49,1937.912919
0.78333336,78,1937.995476
0.84166664,57,1938.07536
0.82222223,64,1938.084413
0.8666667,48,1938.090729
0.8111111,68,1938.15154
0.86944443,47,1938.158643
0.81666666,66,1938.158643
0.88055557,43,1938.160718
0.87777776,44,1938.359459
0.8361111,59,1938.37761
0.85555553,52,1938.463792
0.8388889,58,1938.477489
0.85833335,51,1938.494423
0.83055556,61,1938.596715
0.8333333,60,1938.599251
0.8333333,60,1938.60755
0.9138889,31,1938.615753
0.85555553,52,1938.749571
0.8527778,53,1938.88531
0.8361111,59,1938.893234
0.88611114,41,1938.893234
0.85833335,51,1938.893234
0.87222224,46,1938.903827
0.87222224,46,1938.907636
0.8666667,48,1938.922638
0.84444445,56,1939.122022
0.88611114,41,1939.153372
0.86388886,49,1939.204452
0.8527778,53,1939.211298
0.8527778,53,1939.227202
0.8111111,68,1939.319385
0.83055556,61,1939.36166
0.78055555,79,1939.395133
0.8833333,42,1939.464986
0.8527778,53,1939.47159
0.87222224,46,1939.553382
0.86388886,49,1939.557186
0.86944443,47,1939.581332
0.90555555,34,1939.659393
0.87222224,46,1939.663708
0.875,45,1939.667245
0.87777776,44,1939.7847
0.86944443,47,1939.801449
0.8361111,59,1939.94763
0.8388889,58,1939.961936
0.86944443,47,1939.96555
0.8611111,50,1939.969591
0.84166664,57,1940.038499
0.7861111,77,1940.04953
0.8472222,55,1940.129618
0.85833335,51,1940.133627
0.90833336,33,1940.197655
0.8833333,42,1940.270337
0.86388886,49,1940.277321
0.86388886,49,1940.297356
0.82222223,64,1940.435574
0.9027778,35,1940.494089
0.8972222,37,1940.508094
0.84166664,57,1940.510101
0.80277777,71,1940.51411
0.85833335,51,1940.51411
0.80277777,71,1940.590034
0.83055556,61,1940.678122
0.875,45,1940.755831
0.86944443,47,1940.81145
0.87222224,46,1940.815527
0.8611111,50,1940.824381
0.8472222,55,1940.88904
0.9138889,31,1940.905313
0.80277777,71,1940.911062
0.825,63,1940.993085
0.86944443,47,1941.071327
0.88055557,43,1941.077444
0.9,36,1941.127367
0.8472222,55,1941.205634
0.86944443,47,1941.2216
0.8333333,60,1941.29626
0.7972222,73,1941.29626
0.8972222,37,1941.309695
0.8277778,62,1941.408512
0.8611111,50,1941.423273
0.8972222,37,1941.435879
0.84166664,57,1941.435879
0.87777776,44,1941.565732
0.85555553,52,1941.579333
0.8138889,67,1941.579333
0.8972222,37,1941.627288
0.83055556,61,1941.644677
0.85,54,1941.727318
0.8388889,58,1941.809254
0.8361111,59,1941.813277
0.90833336,33,1941.813277
0.8888889,40,1941.877174
0.85555553,52,1941.940847
0.86944443,47,1942.019611
0.90555555,34,1942.101132
0.82222223,64,1942.105173
0.8972222,37,1942.209769
0.8194444,65,1942.273798
0.84166664,57,1942.279446
0.8194444,65,1942.381192
0.8888889,40,1942.3852
0.78055555,79,1942.452731
0.91944444,29,1942.480669
0.81666666,66,1942.531413
0.8361111,59,1942.54932
0.88055557,43,1942.566679
0.8472222,55,1942.631357
0.8833333,42,1942.69566
0.87222224,46,1942.707216
0.85555553,52,1942.83159
0.87222224,46,1942.833594
0.85,54,1942.847264
0.89166665,39,1942.859649
0.80277777,71,1942.921585
0.87777776,44,1942.971429
0.80833334,69,1943.037322
0.85555553,52,1943.04301
0.8611111,50,1943.157527
0.88055557,43,1943.159552
0.8194444,65,1943.255322
0.81666666,66,1943.312696
0.825,63,1943.323982
0.8472222,55,1943.328482
0.86388886,49,1943.342608
0.89166665,39,1943.41362
0.79444444,74,1943.497222
0.8361111,59,1943.554381
0.875,45,1943.560605
0.8472222,55,1943.651421
0.86944443,47,1943.655307
0.84166664,57,1943.709369
0.8388889,58,1943.717424
0.84444445,56,1943.805693
0.88055557,43,1943.82757
0.85555553,52,1944.02205
0.81666666,66,1944.120623
0.86388886,49,1944.138683
0.8611111,50,1944.151419
0.8472222,55,1944.224144
0.8666667,48,1944.283322
0.91944444,29,1999.296237
0.86944443,47,1999.314078
0.78055555,79,1999.340834
0.87222224,46,1999.394633
0.86388886,49,1999.43339
0.7972222,73,1999.438097
0.89444447,38,1999.519285
0.86388886,49,1999.529417
0.8972222,37,1999.604764
0.8888889,40,1999.661448
0.8888889,40,1999.67421
0.8611111,50,1999.683085
0.9027778,35,1999.697233
0.9027778,35,1999.779672
0.8611111,50,1999.845861
0.8527778,53,1999.931624
0.88055557,43,1999.935373
0.8833333,42,1999.960619
0.8666667,48,2000.03329
0.8527778,53,2000.035328
0.87777776,44,2000.091516
0.85833335,51,2000.183473
0.88611114,41,2000.197376
0.7972222,73,2000.204197
0.9027778,35,2000.269304
0.8833333,42,2000.269304
0.84444445,56,2000.291113
0.86388886,49,2000.363218
0.9027778,35,2000.423688
0.8611111,50,2000.423688
0.9027778,35,2000.516521
0.87222224,46,2000.519762
0.875,45,2000.523773
0.89166665,39,2000.530237
0.87777776,44,2000.614529
0.89444447,38,2000.629714
0.88611114,41,2000.711574
0.8833333,42,2000.718385
0.9138889,31,2000.773354
0.9138889,31,2000.875525
0.86944443,47,2000.897094
0.85833335,51,2000.906475
0.8388889,58,2000.967627
0.88611114,41,2000.971227
0.89166665,39,2001.009037
0.8972222,37,2001.053079
0.8527778,53,2001.129307
0.875,45,2001.167232
0.88611114,41,2001.239624
0.88055557,43,2001.248936
0.85555553,52,2001.253469
0.86944443,47,2001.356048
0.82222223,64,2001.43221
0.85833335,51,2001.45522
0.85833335,51,2001.592332
0.87777776,44,2001.617144
0.88611114,41,2001.735573
0.86388886,49,2001.767556
0.87222224,46,2001.767556
0.86388886,49,2001.939018
0.90833336,33,2002.011423
0.8611111,50,2002.033355
0.8527778,53,2002.071519
0.9,36,2002.167593
0.875,45,2002.167593
0.8666667,48,2002.317443
0.9027778,35,2002.329937
0.8972222,37,2002.433755
0.88055557,43,2002.459714
0.87777776,44,2002.595449
0.8972222,37,2002.595449
0.7916667,75,2002.631804
0.8666667,48,2002.727356
0.90833336,33,2002.749393
0.88611114,41,2002.844837
0.87222224,46,2002.99417
0.86944443,47,2003.02769
0.8972222,37,2003.029314
0.88055557,43,2003.205443
0.84166664,57,2003.288152
0.8527778,53,2003.301637
0.875,45,2003.301637
0.8888889,40,2003.307486
0.8972222,37,2003.464628
0.88055557,43,2003.482456
0.8833333,42,2003.558529
0.9027778,35,2003.726486
0.875,45,2003.753812
0.86388886,49,2003.859567
0.90833336,33,2003.867623
0.85555553,52,2003.892901
0.90555555,34,2003.899539
0.8194444,65,2004.045927
0.8611111,50,2004.060472
0.9027778,35,2004.159556
0.88611114,41,2004.297535
0.90555555,34,2004.319196
0.8972222,37,2004.369362
0.87777776,44,2004.465454
0.85555553,52,2004.494833
0.9027778,35,2004.569604
0.87777776,44,2004.604874
0.86388886,49,2004.625445
0.86944443,47,2004.805415
0.8611111,50,2004.842589
0.8972222,37,2004.871269
0.86944443,47,2004.871269
0.875,45,2004.971794
0.89166665,39,2005.002841
0.86388886,49,2005.072257
0.8472222,55,2005.201577
0.88611114,41,2005.29312
0.85833335,51,2005.29312
0.84444445,56,2005.369679
0.8472222,55,2005.380489
0.88611114,41,2005.387546
0.80277777,71,2005.514853
0.81666666,66,2005.519385
0.9027778,35,2005.519385
0.89166665,39,2005.535164
0.85833335,51,2005.535164
0.8666667,48,2005.750068
0.86388886,49,2005.761407
0.8388889,58,2005.819439
0.88611114,41,2005.847152
0.8888889,40,2005.85858
0.86944443,47,2005.913969
0.8611111,50,2005.924344
0.85833335,51,2005.951499
0.89444447,38,2006.030728
0.88055557,43,2006.099543
0.875,45,2006.121671
0.87222224,46,2006.192358
0.85,54,2006.277357
0.8611111,50,2006.280656
0.85555553,52,2006.280656
0.86944443,47,2006.287769
0.8888889,40,2006.297927
0.875,45,2006.444992
0.85833335,51,2006.446739
0.875,45,2006.509443
0.9027778,35,2006.512951
0.8833333,42,2006.537477
0.8833333,42,2006.537477
0.88611114,41,2006.594023
0.8472222,55,2006.672731
0.87777776,44,2006.751344
0.86944443,47,2006.766042
0.87777776,44,2006.785836
0.89444447,38,2006.836906
0.86388886,49,2006.847287
0.9111111,32,2006.873426
0.8527778,53,2006.935197
0.90833336,33,2006.965449
0.8361111,59,2007.025077
0.87777776,44,2007.104199
0.89166665,39,2007.117472
0.8833333,42,2007.117472
0.86944443,47,2007.211386
0.87777776,44,2007.22578
0.9027778,35,2007.241969
0.87777776,44,2007.332847
0.8388889,58,2007.387386
0.88055557,43,2007.441695
0.87777776,44,2007.492272
0.85833335,51,2007.512098
0.8666667,48,2007.647865
0.84444445,56,2007.650974
0.8527778,53,2007.693831
0.8833333,42,2007.721242
0.8833333,42,2007.736035
0.9,36,2007.847461
0.8611111,50,2007.922305
0.84444445,56,2007.948645
0.90833336,33,2008.053763
0.88611114,41,2008.053763
0.86388886,49,2008.089284
0.87222224,46,2008.146801
0.9,36,2008.150725
0.9,36,2008.233192
0.82222223,64,2008.241571
0.9138889,31,2008.241571
0.9027778,35,2008.359335
0.875,45,2008.41235
0.85833335,51,2008.439953
0.88055557,43,2008.449276
0.8972222,37,2008.50925
0.8611111,50,2008.517596
0.86944443,47,2008.589886
0.84444445,56,2008.623122
0.87777776,44,2008.705915
0.88055557,43,2008.783843
0.9,36,2008.795313
0.8527778,53,2008.799087
0.85833335,51,2008.862952
0.87222224,46,2008.867483
0.89444447,38,2008.90553
0.85833335,51,2008.969993
0.9138889,31,2009.047379
0.88055557,43,2009.083358
0.84444445,56,2009.137958
0.87777776,44,2009.140606
0.89166665,39,2009.142614
0.8611111,50,2009.227478
0.9,36,2009.231431
0.8833333,42,2009.231431
0.8972222,37,2009.299532
0.89166665,39,2009.391815
0.8888889,40,2009.398741
0.8666667,48,2009.405691
0.875,45,2009.409387
0.9,36,2009.463018
0.9,36,2009.467529
0.9027778,35,2009.532798
0.8611111,50,2009.555475
0.90555555,34,2009.639716
0.8972222,37,2009.703239
0.8666667,48,2009.713422
0.875,45,2009.771215
0.9027778,35,2009.783824
0.82222223,64,2009.796088
0.86388886,49,2009.851861
0.9027778,35,2009.867283
0.8,72,2009.880582
0.89444447,38,2009.960637
0.88611114,41,2009.960637
0.89166665,39,2010.027523
0.88611114,41,2010.057856
0.8972222,37,2010.12525
0.8666667,48,2010.132321
0.8611111,50,2010.196409
0.9,36,2010.217537
0.86944443,47,2010.217537
0.9111111,32,2010.267606
0.86944443,47,2010.301788
0.9,36,2010.388454
0.8611111,50,2010.442959
0.88611114,41,2010.471142
0.8666667,48,2010.473638
0.85833335,51,2010.581523
0.8472222,55,2010.597405
0.85555553,52,2010.597405
0.88055557,43,2010.674153
0.8333333,60,2010.699233
0.86944443,47,2010.7529
0.8833333,42,2010.764212
0.85555553,52,2010.846269
0.87777776,44,2010.870526
0.8833333,42,2010.877324
0.89166665,39,2010.940003
0.88055557,43,2011.011545
0.8833333,42,2011.027961
0.85555553,52,2011.091297
0.7916667,75,2011.10389
0.86388886,49,2011.185909
0.87222224,46,2011.202183
0.87222224,46,2011.217273
0.87222224,46,2011.285094
0.88055557,43,2011.369586
0.8972222,37,2011.395577
0.825,63,2011.471227
0.875,45,2011.529658
0.89166665,39,2011.529658
0.8611111,50,2011.567254
0.875,45,2011.619491
0.8,72,2011.629146
0.9,36,2011.629671
0.85833335,51,2011.779656
0.8833333,42,2011.8046
0.86388886,49,2011.811205
0.8611111,50,2011.875451
0.89166665,39,2011.894881
0.87222224,46,2011.896614
0.8888889,40,2011.89965
0.8472222,55,2011.973078
0.87777776,44,2012.099158
0.8833333,42,2012.099158
0.85,54,2012.114091
0.8833333,42,2012.175576
0.86944443,47,2012.196716
0.86388886,49,2012.19833
0.8111111,68,2012.28437
0.85,54,2012.337402
0.8972222,37,2012.352589
0.8833333,42,2012.354335
0.87222224,46,2012.411676
0.9,36,2012.416304
0.90833336,33,2012.427471
0.8833333,42,2012.494554
0.89444447,38,2012.564442
0.88611114,41,2012.597377
0.8972222,37,2012.601921
0.8972222,37,2012.658188
0.89166665,39,2012.682
0.8666667,48,2012.682
0.85833335,51,2012.74428
0.85555553,52,2012.829633
0.88611114,41,2012.829633
0.89166665,39,2012.848785
0.8666667,48,2012.910697
0.8972222,37,2012.980688
0.8527778,53,2012.990819
0.8611111,50,2012.999528
0.8527778,53,2013.054916
0.8888889,40,2013.081453
0.88055557,43,2013.128412
0.86944443,47,2013.232693
0.84444445,56,2013.237417
0.875,45,2013.309305
0.8611111,50,2013.315348
0.8611111,50,2013.387357
0.89166665,39,2013.387357
0.87777776,44,2013.419423
0.8388889,58,2013.429404
0.9,36,2013.4945
0.8972222,37,2013.499378
0.89166665,39,2013.574469
0.8833333,42,2013.631051
0.8972222,37,2013.635355
0.89166665,39,2013.641809
0.89166665,39,2013.723508
0.84444445,56,2013.824123
0.8472222,55,2013.898878
0.87222224,46,2013.905658
0.87777776,44,2013.918548
0.82222223,64,2013.925525
0.8666667,48,2013.97302
0.89444447,38,2013.984518
0.86388886,49,2013.984518
0.8972222,37,2014.071784
0.9,36,2014.157278
0.9027778,35,2014.164918
0.9166667,30,2014.175606
0.86388886,49,2014.237275
0.88055557,43,2014.243074
0.8833333,42,2014.250819
0.89166665,39,2014.363059
0.8527778,53,2014.373373
0.9138889,31,2014.494629
0.86944443,47,2014.509524
0.8972222,37,2014.511528
0.8666667,48,2014.5295
0.90833336,33,2014.593726
0.8388889,58,2014.593726
0.9027778,35,2014.603626
0.90833336,33,2014.687534
0.8277778,62,2014.687534
0.89444447,38,2014.759609
0.90833336,33,2014.759609
0.87777776,44,2014.817569
0.88611114,41,2014.937236
0.8611111,50,2014.970077
0.85555553,52,2014.978634
0.89166665,39,2015.027999
0.89166665,39,2015.027999
0.9027778,35,2015.055432
0.84444445,56,2015.19728
0.84166664,57,2015.229679
0.86388886,49,2015.290908
0.87777776,44,2015.301471
0.86944443,47,2015.308269
0.87222224,46,2015.326404
0.87222224,46,2015.326404
0.8388889,58,2057.412843
0.0,2,2057.419382
0.9027778,35,2057.425395
0.88055557,43,2057.432464
0.9166667,30,2057.479648
0.88055557,43,2057.51081
0.88055557,43,2057.5609
0.88611114,41,2057.576123
0.875,45,2057.590148
0.0,2,2057.596641
0.0,6,2057.660324
0.8833333,42,2057.737616
0.88055557,43,2057.750581
0.0,4,2057.765416
0.0,19,2057.769451
0.9111111,32,2057.77646
0.89166665,39,2057.817508
0.85833335,51,2057.829287
0.0,2,2057.837464
0.0,2,2057.843512
0.8277778,62,2057.847301
0.0,2,2057.85534
0.0,13,2057.903929
0.8472222,55,2057.923302
0.0,19,2057.993368
0.88611114,41,2058.001234
0.9,36,2058.007284
0.0,7,2058.055457
0.89166665,39,2058.064637
0.0,8,2058.06993
0.0,2,2058.072971
0.87777776,44,2058.079526
0.0,4,2058.081917
0.89444447,38,2058.159566
0.0,2,2058.164262
0.8472222,55,2058.235387
0.9027778,35,2058.267263
0.91944444,29,2058.30966
0.8833333,42,2058.321647
0.90555555,34,2058.397463
0.875,45,2058.397463
0.0,2,2058.406131
0.0,2,2058.413412
0.7916667,75,2058.423626
0.8972222,37,2058.481582
0.0,16,2058.493776
0.82222223,64,2058.497316
0.88055557,43,2058.612506
0.8666667,48,2058.629712
0.0,23,2058.679155
0.0,4,2058.683172
0.0,4,2058.694995
0.8888889,40,2058.760546
0.88055557,43,2058.762553
0.8333333,60,2058.765499
0.0,2,2058.769732
0.0,2,2058.776453
0.89166665,39,2058.791459
0.88055557,43,2058.907382
0.9027778,35,2058.993079
0.88055557,43,2058.999535
0.8138889,67,2058.999535
0.8666667,48,2058.999535
0.9027778,35,2059.028282
0.0,2,2059.072862
0.0,14,2059.088618
0.8611111,50,2059.102296
0.0,13,2059.164417
0.0,12,2059.182566
0.8277778,62,2059.187455
0.88055557,43,2059.211269
0.0,2,2059.222066
0.9,36,2059.26947
0.0,2,2059.277517
0.8972222,37,2059.277517
0.0,24,2059.3507
0.8972222,37,2059.380567
0.0,20,2059.384893
0.0,2,2059.428973
0.90833336,33,2059.428973
0.89166665,39,2059.513883
0.8972222,37,2059.591694
0.0,14,2059.599994
0.8333333,60,2059.605345
0.0,4,2059.61503
0.9111111,32,2059.617537
0.85,54,2059.617537
0.87222224,46,2059.705781
0.8527778,53,2059.754232
0.0,6,2059.764051
0.0,36,2059.841235
0.8972222,37,2059.85938
0.87777776,44,2059.85938
0.0,4,2059.908731
0.61944443,137,2059.927522
0.0,28,2059.93512
0.8611111,50,2059.939469
0.0,9,2059.941476
0.0,19,2059.985331
0.0,2,2059.987616
0.8388889,58,2060.005539
0.0,2,2060.012914
0.8527778,53,2060.084105
0.90833336,33,2060.155866
0.8611111,50,2060.215199
0.88611114,41,2060.225251
0.8888889,40,2060.229488
0.89444447,38,2060.255334
0.86944443,47,2060.296414
0.0,7,2060.319298
0.875,45,2060.392181
0.87777776,44,2060.455957
0.0,2,2060.462997
0.89444447,38,2060.462997
0.9027778,35,2060.465069
0.87777776,44,2060.494373
0.0,12,2060.543376
0.7361111,95,2060.561343
0.87222224,46,2060.564726
0.0,2,2060.569267
0.0,12,2060.57127
0.875,45,2060.625026
0.0,13,2060.643655
0.0,7,2060.647362
0.9,36,2060.701802
0.8972222,37,2060.701802
0.0,6,2060.705844
0.8666667,48,2060.705844
0.0,2,2060.713022
0.0,2,2060.719547
0.0,6,2060.72556
0.9027778,35,2060.771433
0.0,10,2060.80944
0.0,2,2060.852314
0.0,2,2060.864618
0.87777776,44,2060.874291
0.0,2,2060.881492
0.0,37,2060.939794
0.0,2,2061.001669
0.84444445,56,2061.039354
0.8833333,42,2061.058907
0.0,2,2061.059501
0.0,2,2061.071321
0.87222224,46,2061.127291
0.8527778,53,2061.131425
0.85555553,52,2061.187629
0.89166665,39,2061.20041
0.9,36,2061.264749
0.88055557,43,2061.347363
0.83055556,61,2061.367258
0.0,2,2061.374426
0.8888889,40,2061.414783
0.86388886,49,2061.414783
0.88055557,43,2061.41794
0.8972222,37,2061.425033
0.0,9,2061.493362
0.9027778,35,2061.583709
0.85833335,51,2061.593526
0.0,2,2061.598814
0.0,2,2061.607233
0.0,4,2061.65722
0.80833334,69,2061.66575
0.88055557,43,2061.675432
0.86388886,49,2061.741856
0.8611111,50,2061.741856
0.0,15,2061.748127
0.8472222,55,2061.757486
0.87222224,46,2061.765814
0.0,9,2061.767319
0.87222224,46,2061.880382
0.9027778,35,2061.896294
0.0,23,2061.900298
0.0,4,2061.915006
0.0,4,2061.971601
0.0,2,2061.979724
0.0,2,2061.987257
0.0,17,2061.991197
0.0,2,2061.997436
0.85,54,2062.001466
0.0,19,2062.087191
0.87222224,46,2062.091998
0.8833333,42,2062.099467
0.88611114,41,2062.099467
0.0,4,2062.121356
0.0,6,2062.127216
0.0,2,2062.129222
0.0,18,2062.250532
0.88055557,43,2062.346286
0.0,49,2062.349326
0.8527778,53,2062.353335
0.0,7,2062.413345
0.875,45,2062.42743
0.71944445,101,2062.42743
0.8277778,62,2062.439572
0.90833336,33,2062.492787
0.0,4,2062.498989
0.8277778,62,2062.503064
0.0,21,2062.51247
0.8833333,42,2062.647321
0.0,34,2062.699876
0.90555555,34,2062.702798
0.8527778,53,2062.702798
0.875,45,2062.709979
0.86388886,49,2062.721572
0.0,11,2062.77284
0.85833335,51,2062.783296
0.8972222,37,2062.877563
0.81666666,66,2062.927504
0.0,34,2062.942522
0.0,31,2062.950344
0.88055557,43,2062.959384
0.0,2,2063.003142
0.8611111,50,2063.016557
0.8972222,37,2063.019581
0.8277778,62,2063.089309
0.0,22,2063.093317
0.0,2,2063.097308
0.0,14,2063.101492
0.0,2,2063.103497
0.8611111,50,2063.236457
0.8888889,40,2063.242534
0.89444447,38,2063.250403
0.84166664,57,2063.250403
0.0,2,2063.256449
0.89166665,39,2063.330469
0.83055556,61,2063.330469
0.0,2,2063.337575
0.0,21,2063.385502
0.0,19,2063.385502
0.0,21,2063.399682
0.84166664,57,2063.461547
0.8972222,37,2063.474714
0.0,18,2063.477685
0.0,2,2063.48374
0.0,2,2063.491889
0.0,2,2063.496214
0.0,2,2063.540418
0.9,36,2063.56936
0.0,11,2063.62912
0.0,34,2063.62912
0.78333336,78,2063.633478
0.9027778,35,2063.644798
0.8361111,59,2063.769511
0.0,27,2063.775523
0.0,4,2063.781882
0.8611111,50,2063.785695
0.8388889,58,2063.800387
0.8833333,42,2063.859189
0.87222224,46,2063.861195
0.0,2,2063.864635
0.85833335,51,2063.957382
0.86388886,49,2063.96952
0.0,4,2063.987557
0.8972222,37,2064.057519
0.8972222,37,2064.063529
0.8972222,37,2064.067544
0.0,2,2064.070402
0.0,4,2064.07742
0.86944443,47,2064.185169
0.0,2,2064.23563
0.0,34,2064.250594
0.0,4,2064.250594
0.85555553,52,2064.322619
0.88055557,43,2064.334226
0.90833336,33,2064.341263
0.0,2,2064.341263
0.8388889,58,2064.341263
0.0,14,2064.423872
0.0,2,2064.433731
0.88055557,43,2064.517293
0.9027778,35,2064.517293
0.8138889,67,2064.517293
0.825,63,2064.568578
0.0,4,2064.570587
0.88611114,41,2064.613847
0.88611114,41,2064.613847
0.8472222,55,2064.617486
0.8833333,42,2064.730168
0.0,18,2064.734216
0.0,19,2064.737225
0.0,2,2064.740668
0.0,4,2064.750544
0.0,4,2064.754555
0.8972222,37,2064.810737
0.88611114,41,2064.814438
0.8972222,37,2064.814438
0.0,2,2064.817452
0.0,2,2064.82148
0.88611114,41,2064.889698
0.85,54,2064.893265
0.0,21,2064.898632
0.0,18,2064.991281
0.87222224,46,2065.039628
0.8888889,40,2065.043378
0.0,27,2065.064514
0.0,8,2065.071579
0.88055557,43,2065.073587
0.0,14,2065.13116
0.84166664,57,2065.22455
0.84444445,56,2065.22455
0.87222224,46,2065.23507
0.0,2,2065.23507
0.0,2,2065.241614
0.8972222,37,2065.369565
0.88611114,41,2065.375578
0.0,22,2065.378969
0.875,45,2065.389482
0.8666667,48,2065.391485
0.0,12,2065.445745
0.8194444,65,2065.461706
0.88055557,43,2065.470987
0.85833335,51,2065.553748
0.0,20,2065.621629
0.88611114,41,2065.631137
0.89444447,38,2065.691616
0.88055557,43,2065.693622
0.0,2,2065.698396
0.86388886,49,2065.709529
0.0,14,2065.715449
0.875,45,2065.783719
0.83055556,61,2065.791649
0.0,2,2065.801668
0.88055557,43,2065.872429
0.9138889,31,2065.967241
0.88055557,43,2065.967241
0.0,2,2065.97551
0.9027778,35,2065.97551
0.0,4,2065.982371
0.8972222,37,2066.00924
0.9027778,35,2066.05731
0.90833336,33,2066.064453
0.87222224,46,2066.074925
0.0,13,2066.127548
0.0,11,2066.139537
0.0,46,2066.209351
0.90833336,33,2066.212846
0.85833335,51,2066.30934
0.0,18,2066.316185
0.8972222,37,2066.322761
0.8388889,58,2066.377207
0.0,2,2066.385475
0.8888889,40,2066.39154
0.85555553,52,2066.399619
0.0,2,2066.399619
0.0,2,2066.406155
0.0,4,2066.457604
0.0,20,2066.472999
0.0,16,2066.491446
0.8361111,59,2066.546378
0.8972222,37,2066.569657
0.91944444,29,2066.569657
0.8388889,58,2066.583296
0.88055557,43,2066.619292
0.90555555,34,2066.703988
0.86944443,47,2066.733154
0.89444447,38,2066.775392
0.0,11,2066.839719
0.8972222,37,2066.890397
0.88611114,41,2066.905415
0.85555553,52,2066.939209
0.8472222,55,2066.98728
0.83055556,61,2066.989332
0.8833333,42,2067.120486
0.9138889,31,2067.139613
0.8972222,37,2067.191329
0.0,2,2067.198054
0.0,2,2067.203818
0.87777776,44,2067.207331
0.8972222,37,2067.262011
0.90833336,33,2067.262011
0.80277777,71,2067.267274
0.0,6,2067.267274
0.0,2,2067.27749
0.0,4,2067.281027
0.0,18,2067.287679
0.0,2,2067.294866
0.8833333,42,2067.302692
0.89166665,39,2067.385594
0.8972222,37,2067.512473
0.88611114,41,2067.512473
0.89444447,38,2067.512473
0.0,2,2067.52172
0.9027778,35,2067.52172
0.85,54,2067.609405
0.87777776,44,2067.6245
0.0,4,2067.64393
0.8388889,58,2067.659415
0.0,37,2067.788399
0.0,2,2067.794422
0.9027778,35,2067.80759
0.0,29,2067.854567
0.88055557,43,2067.854567
0.0,2,2067.862437
0.0,2,2067.862437
0.9111111,32,2067.87931
0.8666667,48,2067.87931
0.7916667,75,2067.891405
0.8527778,53,2067.933984
0.0,2,2067.946314
0.9,36,2068.059687
0.89166665,39,2068.123302
0.8972222,37,2068.137529
0.8666667,48,2068.137529
0.0,2,2068.14612
0.0,6,2068.153461
0.0,4,2068.198215
0.8888889,40,2068.209589
0.86944443,47,2068.220873
0.0,4,2068.234852
0.85555553,52,2068.306499
0.0,19,2068.319123
0.80833334,69,2068.322571
0.0,27,2068.371457
0.89166665,39,2068.375468
0.0,18,2068.379587
0.9138889,31,2068.385602
0.0,9,2068.389642
0.8833333,42,2068.465093
0.0,4,2068.477424
0.8972222,37,2068.581377
0.9027778,35,2068.586426
0.0,2,2068.589412
0.8888889,40,2068.602764
0.9,36,2068.606642
0.89166665,39,2068.609681
0.8527778,53,2068.620744
0.875,45,2068.67731
0.0,2,2068.68338
0.0,17,2068.698153
0.0,2,2068.741215
0.0,4,2068.75451
0.87777776,44,2068.761435
0.9138889,31,2068.770282
0.9111111,32,2068.843541
0.8972222,37,2068.845545
0.87777776,44,2068.849283
0.8833333,42,2068.899664
0.0,25,2068.917246
0.87222224,46,2068.99266
0.9027778,35,2068.997177
0.0,2,2069.004185
0.90833336,33,2069.112607
0.8888889,40,2069.159728
0.86944443,47,2069.183304
0.89444447,38,2069.18744
0.0,2,2069.195246
0.0,14,2069.20269
0.84166664,57,2069.267513
0.88611114,41,2069.275555
0.7888889,76,2069.333154
0.87777776,44,2069.339715
0.88055557,43,2069.431445
0.0,18,2069.431445
0.8888889,40,2069.491529
0.87777776,44,2069.496646
0.0,2,2069.50175
0.0,11,2069.509335
0.8972222,37,2069.512282
0.89444447,38,2069.585398
0.875,45,2069.589532
0.84444445,56,2069.593543
0.0,4,2069.602211
0.0,9,2069.667379
0.0,2,2069.673173
0.8888889,40,2069.689606
0.8972222,37,2069.751636
0.88055557,43,2069.810622
0.86944443,47,2069.819627
0.85555553,52,2069.826194
0.0,7,2069.883348
0.9027778,35,2069.913644
0.85555553,52,2069.913644
0.9,36,2069.987497
0.0,12,2069.993528
0.825,63,2070.039243
0.0,2,2070.039243
0.0,2,2070.047306
0.0,2,2070.047306
0.8388889,58,2070.053947
0.0,4,2070.091709
0.88611114,41,2070.103487
0.87777776,44,2070.115896
0.0,4,2070.119434
0.8972222,37,2070.167298
0.8888889,40,2070.303656
0.9027778,35,2070.307685
0.0,4,2070.319388
0.8888889,40,2070.331386
0.825,63,2070.387478
0.88055557,43,2070.410794
0.0,25,2070.467509
0.8527778,53,2070.467509
0.0,2,2070.47358
0.8388889,58,2070.479041
0.81666666,66,2070.555682
0.0,17,2070.571305
0.0,2,2070.577366
0.875,45,2070.654421
0.8611111,50,2070.654421
0.0,2,2070.70009
0.0,6,2070.72171
0.81666666,66,2070.73491
0.8833333,42,2070.779758
0.0,2,2070.779758
0.84166664,57,2070.795579
0.0,2,2070.800719
0.84166664,57,2070.812392
0.86944443,47,2070.864023
0.8833333,42,2070.8707
0.0,2,2070.877805
0.9027778,35,2070.953926
0.0,18,2070.967554
0.0,4,2071.016538
0.89166665,39,2071.022606
0.0,6,2071.035365
0.875,45,2071.0414
0.9027778,35,2071.043404
0.82222223,64,2071.095732
0.87222224,46,2071.104594
0.89166665,39,2071.121269
0.0,16,2071.199211
0.8833333,42,2071.205267
0.0,4,2071.249692
0.9138889,31,2071.267236
0.9027778,35,2071.273906
0.0,6,2071.279458
0.9027778,35,2071.281463
0.87777776,44,2071.299382
0.0,8,2071.349502
0.8972222,37,2071.360113
0.91944444,29,2071.360113
0.8972222,37,2132.887418
0.8888889,40,2132.89518
0.9027778,35,2132.948713
0.875,45,2132.953028
0.88055557,43,2132.962566
0.8333333,60,2132.982118
0.8472222,55,2133.053465
0.9166667,30,2133.130435
0.82222223,64,2133.145964
0.9138889,31,2133.151194
0.8972222,37,2133.199735
0.8972222,37,2133.287414
0.90833336,33,2133.310348
0.0,2,2133.315205
0.8388889,58,2133.376077
0.8972222,37,2133.399575
0.8055556,70,2133.46351
0.0,32,2133.477604
0.9138889,31,2133.5322
0.8472222,55,2133.541857
0.85,54,2133.547401
0.0,2,2133.553694
0.0,11,2133.60744
0.8055556,70,2133.60744
0.8972222,37,2133.611257
0.0,2,2133.619385
0.875,45,2133.702587
0.89166665,39,2133.723664
0.0,9,2133.78168
0.90833336,33,2133.859514
0.89166665,39,2133.874501
0.8888889,40,2133.877511
0.82222223,64,2133.88757
0.8472222,55,2133.897467
0.9138889,31,2133.977365
0.91944444,29,2134.063683
0.90833336,33,2134.115523
0.8527778,53,2134.127661
0.9138889,31,2134.133698
0.88055557,43,2134.139535
0.0,19,2134.213351
0.8611111,50,2134.234156
0.0,11,2134.293895
0.86944443,47,2134.311175
0.69166666,111,2134.320996
0.9,36,2134.377549
0.0,2,2134.386006
0.875,45,2134.40097
0.8611111,50,2134.475347
0.0,49,2134.48128
0.9138889,31,2134.551979
0.9027778,35,2134.55599
0.0,2,2134.559378
0.8527778,53,2134.623628
0.8611111,50,2134.637818
0.0,24,2134.645744
0.0,2,2134.645744
0.0,21,2134.719882
0.87222224,46,2134.729374
0.85555553,52,2134.739469
0.9027778,35,2134.806865
0.87222224,46,2134.810399
0.9138889,31,2134.984897
0.8972222,37,2134.989449
0.8611111,50,2135.004782
0.84166664,57,2135.064957
0.86944443,47,2135.074264
0.8611111,50,2135.171815
0.7861111,77,2135.171815
0.0,2,2135.18022
0.9138889,31,2135.29762
0.86388886,49,2135.327302
0.8611111,50,2135.327302
0.0,2,2135.333917
0.86944443,47,2135.333917
0.9138889,31,2135.398157
0.84166664,57,2135.490358
0.7027778,107,2135.57965
0.90833336,33,2135.57965
0.90555555,34,2135.642357
0.82222223,64,2135.644361
0.0,2,2135.651459
0.8666667,48,2135.661688
0.86944443,47,2135.665903
0.83055556,61,2135.723725
0.875,45,2135.814269
0.89444447,38,2135.845695
0.89166665,39,2135.849614
0.90555555,34,2135.860233
0.90833336,33,2135.906582
0.9138889,31,2135.914671
0.9111111,32,2135.934963
0.9138889,31,2136.02737
0.86388886,49,2136.02737
0.9138889,31,2136.100208
0.90833336,33,2136.104218
0.0,2,2136.108568
0.90833336,33,2136.117171
0.8611111,50,2136.247271
0.88055557,43,2136.251309
0.0,25,2136.270175
0.88611114,41,2136.322294
0.90833336,33,2136.326558
0.88055557,43,2136.331589
0.875,45,2136.409568
0.7972222,73,2136.413153
0.0,2,2136.4177
0.9,36,2136.513289
0.90833336,33,2136.518869
0.88055557,43,2136.52307
0.90833336,33,2136.564261
0.8333333,60,2136.666252
0.0,18,2136.669947
0.0,2,2136.676427
0.8888889,40,2136.681037
0.8527778,53,2136.681037
0.0,2,2136.687246
0.86944443,47,2136.757241
0.0,9,2136.761826
0.89444447,38,2136.833607
0.8833333,42,2136.838218
0.0,6,2136.859277
0.9111111,32,2136.931991
0.8472222,55,2136.957339
0.0,15,2136.981447
0.0,2,2137.028143
0.86944443,47,2137.034163
0.0,2,2137.041108
0.91944444,29,2137.061451
0.0,2,2137.067583
0.88611114,41,2137.067583
0.0,12,2137.169393
0.81666666,66,2137.22426
0.84166664,57,2137.234514
0.8833333,42,2137.263639
0.9111111,32,2137.263639
0.89444447,38,2137.340305
0.8361111,59,2137.415744
0.9138889,31,2137.423893
0.89166665,39,2137.54555
0.90833336,33,2137.54555
0.0,2,2137.562884
0.87222224,46,2137.562884
0.8972222,37,2137.572269
0.91944444,29,2137.580816
0.83055556,61,2137.582825
0.9027778,35,2137.709369
0.0,28,2137.7246
0.0,5,2137.729633
0.0,2,2137.777771
0.9166667,30,2137.799732
0.9027778,35,2137.806358
0.0,55,2137.860426
0.89166665,39,2137.867538
0.0,14,2137.872346
0.84166664,57,2137.97682
0.8194444,65,2138.039362
0.0,18,2138.121785
0.87222224,46,2138.13726
0.88611114,41,2138.13726
0.89166665,39,2138.138268
0.86388886,49,2138.138268
0.88055557,43,2138.149315
0.8194444,65,2138.213246
0.9138889,31,2138.238403
0.9027778,35,2138.37008
0.90833336,33,2138.385549
0.9027778,35,2138.391506
0.9027778,35,2138.391506
0.8972222,37,2138.4216
0.88055557,43,2138.475867
0.89444447,38,2138.489597
0.8888889,40,2138.57994
0.0,2,2138.59219
0.0,10,2138.597208
0.0,18,2138.601245
0.9138889,31,2138.629266
0.90833336,33,2138.677527
0.89444447,38,2138.681561
0.90555555,34,2138.681561
0.90555555,34,2138.719668
0.0,25,2138.77516
0.9138889,31,2138.799459
0.0,12,2138.859455
0.9138889,31,2138.875087
0.89444447,38,2138.924536
0.0,21,2138.954395
0.875,45,2138.959473
0.8361111,59,2139.011658
0.0,10,2139.029611
0.0,2,2139.036393
0.9138889,31,2139.04759
0.85,54,2139.109481
0.80833334,69,2139.129333
0.8833333,42,2139.192786
0.8666667,48,2139.285889
0.89166665,39,2139.288124
0.0,2,2139.337223
0.8888889,40,2139.34493
0.8138889,67,2139.349481
0.83055556,61,2139.420791
0.8666667,48,2139.431473
0.88055557,43,2139.434699
0.8972222,37,2139.437274
0.0,2,2139.443295
0.9138889,31,2139.51507
0.8833333,42,2139.620066
0.88611114,41,2139.620066
0.0,2,2139.627478
0.90833336,33,2139.627478
0.0,9,2139.697275
0.89444447,38,2139.700126
0.90555555,34,2139.700126
0.0,11,2139.709347
0.8666667,48,2139.78265
0.80833334,69,2139.79764
0.8833333,42,2139.800902
0.8972222,37,2139.907237
0.90833336,33,2139.926536
0.88055557,43,2140.009547
0.8666667,48,2140.027507
0.90833336,33,2140.029531
0.0,2,2140.036777
0.8972222,37,2140.040334
0.9138889,31,2140.110554
0.8388889,58,2140.114594
0.84166664,57,2140.179494
0.88055557,43,2140.201471
0.8972222,37,2140.270617
0.91944444,29,2140.277354
0.9138889,31,2140.281391
0.9,36,2140.37102
0.9138889,31,2140.382507
0.85,54,2140.433526
0.90833336,33,2140.459651
0.0,12,2140.476636
0.8611111,50,2140.476636
0.8972222,37,2140.546474
0.8888889,40,2140.566137
0.0,2,2140.572681
0.9111111,32,2140.649597
0.89166665,39,2140.653608
0.0,6,2140.712988
0.89444447,38,2140.786049
0.88611114,41,2140.787554
0.89444447,38,2140.787554
0.89166665,39,2140.814453
0.76666665,84,2140.891379
0.9166667,30,2140.909112
0.91944444,29,2140.975565
0.0,2,2140.983095
0.0,4,2140.997661
0.8833333,42,2141.06054
0.8055556,70,2141.070004
0.8888889,40,2141.147426
0.79444444,74,2141.207401
0.0,2,2141.213445
0.8194444,65,2141.227215
0.0,4,2141.229851
0.91944444,29,2141.24611
0.0,2,2141.29344
0.85,54,2141.311269
0.80833334,69,2141.315283
0.90833336,33,2141.324885
0.85555553,52,2141.403805
0.0,12,2141.487223
0.86944443,47,2141.50155
0.8833333,42,2141.557395
0.88055557,43,2141.622243
0.89166665,39,2141.629307
0.8527778,53,2141.634338
0.8527778,53,2141.714174
0.0,27,2141.722728
0.8972222,37,2141.834234
0.86388886,49,2141.847681
0.9,36,2141.865183
0.86944443,47,2141.9337
0.86944443,47,2141.942938
0.86388886,49,2142.020094
0.9,36,2142.087484
0.8888889,40,2142.091538
0.84166664,57,2142.105026
0.9027778,35,2142.109325
0.0,2,2142.121695
0.89166665,39,2142.213567
0.875,45,2142.281819
0.90555555,34,2142.287826
0.0,4,2142.299661
0.90833336,33,2142.349503
0.9138889,31,2142.355527
0.90833336,33,2142.355527
0.0,2,2142.357533
0.0,2,2142.361579
0.59444445,146,2142.36942
0.90833336,33,2142.371425
0.0,4,2142.38136
0.91944444,29,2142.437651
0.9138889,31,2142.514817
0.9138889,31,2142.537376
0.9027778,35,2142.595471
0.8888889,40,2142.595471
0.8972222,37,2142.606012
0.91944444,29,2142.715091
0.85,54,2142.793581
0.85833335,51,2142.793581
0.0,6,2142.820211
0.9138889,31,2142.832261
0.84444445,56,2142.840643
0.8972222,37,2142.89312
0.88055557,43,2142.965043
0.85555553,52,2142.969573
0.0,2,2142.973582
0.0,15,2143.069954
0.0,14,2143.07196
0.88055557,43,2143.086015
0.90555555,34,2143.089552
0.9027778,35,2143.145043
0.87777776,44,2143.149367
0.0,2,2143.153313
0.8611111,50,2143.175148
0.0,66,2143.219467
0.0,19,2143.228299
0.89166665,39,2143.397599
0.85555553,52,2143.400795
0.87222224,46,2143.459473
0.88611114,41,2143.473993
0.8472222,55,2143.473993
0.0,4,2143.477503
0.0,4,2143.487362
0.88611114,41,2143.487362
0.87222224,46,2143.497355
0.0,4,2143.537246
0.0,20,2143.624018
0.9,36,2143.642184
0.7583333,87,2143.642184
0.0,6,2143.707508
0.90555555,34,2143.711539
0.9111111,32,2143.72769
0.87222224,46,2143.812127
0.8361111,59,2143.815878
0.90555555,34,2143.831524
0.91944444,29,2143.872114
0.8611111,50,2143.877633
0.0,2,2143.877633
0.90555555,34,2143.967547
0.88611114,41,2144.051664
0.8666667,48,2144.057459
0.9111111,32,2144.060999
0.0,2,2144.063059
0.90833336,33,2144.089203
0.89444447,38,2144.1496
0.9138889,31,2144.161398
0.85,54,2144.237606
0.9027778,35,2144.255498
0.0,32,2144.257508
0.0,4,2144.309201
0.89444447,38,2144.313247
0.0,2,2144.315252
0.0,7,2144.384387
0.88055557,43,2144.422805
0.8666667,48,2144.422805
0.90833336,33,2144.475552
0.8666667,48,2144.492347
0.9027778,35,2144.503389
0.0,4,2144.506457
0.89444447,38,2144.573273
0.0,2,2144.581515
0.0,2,2144.590819
0.89166665,39,2144.652692
0.0,8,2144.661522
0.9027778,35,2144.677459
0.9027778,35,2144.725181
0.87222224,46,2144.755402
0.61944443,137,2144.807338
0.0,2,2144.81492
0.8833333,42,2144.822919
0.875,45,2144.837234
0.0,2,2144.844713
0.0,8,2144.844713
0.0,2,2144.893297
0.0,17,2144.923505
0.88055557,43,2144.927315
0.88611114,41,2144.929857
0.8972222,37,2144.929857
0.0,6,2144.987285
0.9138889,31,2144.987285
0.875,45,2145.011387
0.0,22,2145.128123
0.9166667,30,2145.141727
0.90833336,33,2145.144478
0.0,4,2145.16162
0.8527778,53,2145.215636
0.88611114,41,2145.222993
0.85,54,2145.229556
0.89166665,39,2145.233308
0.9027778,35,2145.239803
0.0,2,2145.247329
0.9166667,30,2145.377339
0.0,2,2145.383159
0.0,41,2145.397624
0.87777776,44,2145.397624
0.9138889,31,2145.399652
0.0,7,2145.451781
0.9027778,35,2145.456613
0.0,2,2145.459644
0.9,36,2145.473392
0.0,2,2145.479756
0.8888889,40,2145.537144
0.0,20,2145.549355
0.0,2,2145.559509
0.84444445,56,2145.618525
0.9138889,31,2145.627674
0.9138889,31,2145.638894
0.9138889,31,2145.645439
0.0,4,2145.704212
0.8888889,40,2145.707388
0.0,2,2145.710425
0.0,21,2145.715172
0.89166665,39,2145.825713
0.8972222,37,2145.911589
0.84166664,57,2145.921586
0.87222224,46,2145.993712
0.9027778,35,2145.993712
0.0,41,2146.013363
0.8972222,37,2146.089726
0.8138889,67,2146.159254
0.8833333,42,2146.177576
0.0,34,2146.234284
0.9,36,2146.240787
0.0,2,2146.248119
0.9027778,35,2146.255924
0.75,90,2146.361722
0.91944444,29,2146.429366
0.86944443,47,2146.429366
0.90555555,34,2146.433374
0.90833336,33,2146.499676
0.7722222,82,2146.507361
0.0,4,2146.513439
0.0,14,2146.520904
0.8277778,62,2146.603393
0.8361111,59,2146.689805
0.9,36,2146.689805
0.0,48,2146.70761
0.8888889,40,2146.70761
0.9166667,30,2146.759608
0.8972222,37,2146.779706
0.91944444,29,2146.80237
0.0,2,2146.847208
0.88611114,41,2146.847208
0.0,30,2146.947312
0.89444447,38,2146.96142
0.86388886,49,2147.03981
0.87777776,44,2147.098359
0.8611111,50,2147.103752
0.8527778,53,2147.111579
0.0,4,2147.114875
0.86944443,47,2147.174189
0.90555555,34,2147.187644
0.8833333,42,2147.267207
0.0,17,2147.289269
0.9166667,30,2147.289269
0.7777778,80,2147.371722
0.0,6,2147.431343
0.84444445,56,2147.431343
0.86388886,49,2147.443596
0.8527778,53,2202.855401
0.9111111,32,2202.859503
0.8611111,50,2202.917556
0.90555555,34,2202.932387
0.87777776,44,2203.014293
0.91944444,29,2203.093513
0.89444447,38,2203.100506
0.8972222,37,2203.113298
0.8972222,37,2203.183708
0.87222224,46,2203.197361
0.875,45,2203.307396
0.89166665,39,2203.329461
0.8194444,65,2203.333472
0.9138889,31,2203.395796
0.9138889,31,2203.404083
0.91944444,29,2203.429331
0.9166667,30,2203.491789
0.8666667,48,2203.504391
0.9027778,35,2203.609348
0.9111111,32,2203.615403
0.90833336,33,2203.633405
0.90555555,34,2203.717701
0.90833336,33,2203.735602
0.85555553,52,2203.740505
0.9,36,2203.810271
0.8333333,60,2203.925241
0.8972222,37,2203.983682
0.9027778,35,2203.999301
0.9138889,31,2204.071885
0.9138889,31,2204.09603
0.91944444,29,2204.128264
0.9027778,35,2204.137258
0.8472222,55,2204.1411
0.9138889,31,2204.294236
0.8972222,37,2204.314492
0.8833333,42,2204.324166
0.9138889,31,2204.394792
0.9166667,30,2204.40394
0.88055557,43,2204.426493
0.89444447,38,2204.432261
0.86388886,49,2204.524203
0.90833336,33,2204.569743
0.9138889,31,2204.575815
0.91944444,29,2204.611094
0.9111111,32,2204.618005
0.89444447,38,2204.620258
0.9138889,31,2204.697456
0.9027778,35,2204.705516
0.9138889,31,2204.785447
0.9138889,31,2204.799653
0.9,36,2204.851471
0.9027778,35,2204.883558
0.90833336,33,2204.883558
0.9027778,35,2204.887573
0.9138889,31,2204.942859
0.8833333,42,2204.985575
0.9166667,30,2205.055425
0.9,36,2205.065957
0.9138889,31,2205.130572
0.8611111,50,2205.161133
0.9111111,32,2205.203263
0.8888889,40,2205.21151
0.85555553,52,2205.406451
0.8972222,37,2205.406451
0.9138889,31,2205.414306
0.9,36,2205.476164
0.9111111,32,2205.6694
0.89444447,38,2205.673424
0.91944444,29,2205.675586
0.9111111,32,2205.868748
0.87222224,46,2205.868748
0.9,36,2205.955876
0.9138889,31,2206.015647
0.9138889,31,2206.015647
0.8527778,53,2206.089462
0.8527778,53,2206.183394
0.9138889,31,2206.197279
0.8611111,50,2206.21157
0.9027778,35,2206.236373
0.89444447,38,2206.309624
0.9,36,2206.385783
0.8972222,37,2206.433499
0.9138889,31,2206.433499
0.90555555,34,2206.513155
0.90833336,33,2206.555382
0.9138889,31,2206.567266
0.90555555,34,2206.571979
0.91944444,29,2206.589652
0.9027778,35,2206.783618
0.9027778,35,2206.783618
0.9166667,30,2206.881469
0.9138889,31,2206.881469
0.86388886,49,2206.967551
0.9,36,2206.991705
0.9138889,31,2206.991705
0.0,2,2207.011552
0.875,45,2207.060532
0.91944444,29,2207.123984
0.91944444,29,2207.179312
0.90833336,33,2207.327261
0.8888889,40,2207.327261
0.90833336,33,2207.38176
0.90555555,34,2207.452055
0.9027778,35,2207.487253
0.9027778,35,2207.594401
0.9138889,31,2207.667448
0.90833336,33,2207.719699
0.85833335,51,2207.731276
0.91944444,29,2207.752862
0.9027778,35,2207.765209
0.875,45,2207.765209
0.9027778,35,2207.840299
0.91944444,29,2207.876278
0.9138889,31,2208.033438
0.9,36,2208.1013
0.9138889,31,2208.167367
0.8972222,37,2208.167367
0.9027778,35,2208.182785
0.90833336,33,2208.182785
0.91944444,29,2208.206067
0.91944444,29,2208.352801
0.9138889,31,2208.63268
0.91944444,29,2208.673678
0.9138889,31,2208.800399
0.8833333,42,2208.808879
0.8972222,37,2208.854771
0.90555555,34,2208.872933
0.8972222,37,2209.037567
0.8611111,50,2209.059183
0.91944444,29,2209.20277
0.90833336,33,2209.260612
0.8972222,37,2209.359699
0.8666667,48,2209.419731
0.8972222,37,2209.419731
0.9111111,32,2209.458453
0.90833336,33,2209.545589
0.8611111,50,2209.583957
0.9166667,30,2209.598284
0.9138889,31,2209.683954
0.9027778,35,2209.781697
0.90833336,33,2209.794711
0.91944444,29,2209.84272
0.89444447,38,2209.84272
0.90833336,33,2209.84272
0.9138889,31,2210.046263
0.9,36,2210.103024
0.9,36,2210.228309
0.91944444,29,2210.353131
0.9111111,32,2210.417256
0.90555555,34,2210.461346
0.91944444,29,2210.579796
0.87222224,46,2210.615172
0.9027778,35,2210.847364
0.91944444,29,2210.915028
0.84166664,57,2210.942703
0.91944444,29,2211.182233
0.9138889,31,2211.224088
0.9166667,30,2211.295766
0.9138889,31,2211.309674
0.8972222,37,2211.3142
0.90555555,34,2211.399641
0.90833336,33,2211.414509
0.91944444,29,2211.429143
0.8888889,40,2211.490971
0.9138889,31,2211.531451
0.88611114,41,2211.595354
0.8972222,37,2211.607695
0.9111111,32,2211.693698
0.8666667,48,2211.693698
0.9138889,31,2211.704916
0.8888889,40,2211.704916
0.89444447,38,2211.709455
0.9166667,30,2211.777653
0.91944444,29,2211.81314
0.9027778,35,2211.862706
0.9138889,31,2211.953362
0.91944444,29,2211.963508
0.9166667,30,2211.963508
0.90833336,33,2211.963508
0.90555555,34,2211.979366
0.90555555,34,2212.04318
0.91944444,29,2212.063448
0.89166665,39,2212.132904
0.90555555,34,2212.177629
0.90833336,33,2212.213253
0.90833336,33,2212.213253
0.9138889,31,2212.224322
0.875,45,2212.30746
0.9,36,2212.314006
0.9111111,32,2212.320388
0.91944444,29,2212.335193
0.9027778,35,2212.439145
0.8972222,37,2212.48156
0.8972222,37,2212.48156
0.89444447,38,2212.495585
0.9138889,31,2212.511416
0.9138889,31,2212.519826
0.9111111,32,2212.527646
0.9138889,31,2212.575022
0.9138889,31,2212.694175
0.9027778,35,2212.699582
0.9027778,35,2212.754051
0.90833336,33,2212.761911
0.9138889,31,2212.767387
0.90555555,34,2212.787431
0.90833336,33,2212.791467
0.89166665,39,2212.864043
0.90555555,34,2212.990695
0.9027778,35,2212.990695
0.90833336,33,2213.009988
0.90833336,33,2213.015204
0.91944444,29,2213.094535
0.88611114,41,2213.122028
0.90833336,33,2213.122028
0.91944444,29,2213.147597
0.9111111,32,2213.358336
0.90833336,33,2213.358336
0.9138889,31,2213.358336
0.8972222,37,2213.36288
0.9166667,30,2213.377506
0.88611114,41,2213.424634
0.8972222,37,2213.463281
0.90555555,34,2213.477324
0.91944444,29,2213.669753
0.9138889,31,2213.677696
0.90833336,33,2213.690353
0.9138889,31,2213.694366
0.9027778,35,2213.694366
0.8972222,37,2213.77431
0.9138889,31,2213.77431
0.9166667,30,2213.778866
0.90833336,33,2213.89963
0.90833336,33,2213.910008
0.91944444,29,2213.910008
0.9138889,31,2213.956662
0.90833336,33,2213.974117
0.9027778,35,2214.058677
0.8972222,37,2214.060832
0.875,45,2214.098558
0.91944444,29,2214.155147
0.91944444,29,2214.16316
0.90833336,33,2214.179291
0.90833336,33,2214.181294
0.90833336,33,2214.233474
0.91944444,29,2214.257213
0.9111111,32,2214.262153
0.91944444,29,2214.345314
0.9138889,31,2214.364251
0.91944444,29,2214.415542
0.86944443,47,2214.446009
0.8972222,37,2214.501526
0.9166667,30,2214.510738
0.9166667,30,2214.623439
0.8472222,55,2214.631892
0.9138889,31,2214.673506
0.8611111,50,2214.673506
0.9027778,35,2214.679533
0.9138889,31,2214.755549
0.91944444,29,2214.778022
0.90833336,33,2214.794443
0.9111111,32,2214.91293
0.9138889,31,2214.920811
0.9138889,31,2214.993296
0.90833336,33,2215.013699
0.90833336,33,2215.024457
0.9111111,32,2215.099569
0.9138889,31,2215.134136
0.9,36,2215.154042
0.9138889,31,2215.250245
0.8972222,37,2215.289679
0.9138889,31,2215.289679
0.9138889,31,2215.350228
0.9138889,31,2215.367683
0.88055557,43,2215.434961
0.9138889,31,2215.475632
0.8972222,37,2215.487719
0.9111111,32,2215.599092
0.9,36,2215.618494
0.9166667,30,2215.663421
0.89444447,38,2215.673941
0.85555553,52,2215.694972
0.9138889,31,2215.773066
0.90555555,34,2215.773066
0.86944443,47,2215.860244
0.90833336,33,2215.87955
0.9138889,31,2215.891929
0.90833336,33,2215.912412
0.90833336,33,2215.963517
0.9138889,31,2215.969611
0.9138889,31,2215.994324
0.8833333,42,2216.074908
0.9111111,32,2216.126508
0.90833336,33,2216.141216
0.87222224,46,2216.171675
0.9138889,31,2216.171675
0.90833336,33,2216.171675
0.9138889,31,2216.233607
0.8833333,42,2216.238497
0.9138889,31,2216.350517
0.9138889,31,2216.361758
0.87777776,44,2216.417595
0.91944444,29,2216.417595
0.9138889,31,2216.427462
0.9111111,32,2216.446675
0.875,45,2216.523036
0.8833333,42,2216.534528
0.9111111,32,2216.597667
0.9138889,31,2216.62947
0.89444447,38,2216.682663
0.9027778,35,2216.692461
0.9027778,35,2216.737621
0.88055557,43,2216.785969
0.90833336,33,2216.822261
0.89166665,39,2216.838505
0.91944444,29,2216.906264
0.90833336,33,2216.913469
0.88611114,41,2216.915475
0.9027778,35,2216.975264
0.90833336,33,2217.007413
0.9027778,35,2217.007413
0.90833336,33,2217.083383
0.8888889,40,2217.099501
0.9166667,30,2217.147517
0.9027778,35,2217.1606
0.90833336,33,2217.165617
0.89166665,39,2217.249459
0.9027778,35,2217.265764
0.8888889,40,2217.321366
0.90555555,34,2217.340431
0.9138889,31,2217.347443
0.9138889,31,2217.369606
0.88611114,41,2217.437474
0.875,45,2217.503157
0.9,36,2217.511924
0.9138889,31,2217.531438
0.9138889,31,2217.598304
0.8972222,37,2217.68212
0.85833335,51,2217.713736
0.9138889,31,2217.718405
0.825,63,2217.727428
0.8833333,42,2217.773113
0.90555555,34,2217.800454
0.8833333,42,2217.815632
0.91944444,29,2217.882007
0.86944443,47,2217.962002
0.91944444,29,2217.968143
0.91944444,29,2218.007379
0.9027778,35,2218.069558
0.8972222,37,2218.291674
0.91944444,29,2218.395984
0.8972222,37,2218.402184
0.8833333,42,2218.474935
0.9138889,31,2218.547317
0.90833336,33,2218.573373
0.9138889,31,2218.663811
0.9138889,31,2218.6898
0.88611114,41,2218.707471
0.9111111,32,2218.825246
0.90555555,34,2218.847343
0.87222224,46,2219.360061
0.89166665,39,2219.367381
0.84166664,57,2219.399315
0.89444447,38,2219.399315
0.8972222,37,2219.417496
0.9138889,31,2219.50222
0.88055557,43,2219.884612
0.80833334,69,2219.913519
0.9138889,31,2220.05197
0.9138889,31,2220.067726
0.89444447,38,2220.07319
0.89444447,38,2220.079764
0.9,36,2220.086631
0.90833336,33,2220.094781
0.9138889,31,2220.24681
0.9111111,32,2220.356296
0.91944444,29,2220.489494
0.9027778,35,2220.521523
0.9138889,31,2220.529716
0.90833336,33,2220.562023
0.8833333,42,2220.683508
0.875,45,2220.694555
0.91944444,29,2220.699338
0.9027778,35,2220.844137
0.90833336,33,2220.988589
0.9027778,35,2220.994821
0.86944443,47,2221.065697
0.90833336,33,2221.065697
0.90833336,33,2221.141655
0.90555555,34,2221.159707
0.875,45,2221.17766
0.90833336,33,2221.387691
0.90833336,33,2221.392124
0.9138889,31,2221.502757
0.8527778,53,2221.509484
0.9138889,31,2221.509484
0.9138889,31,2221.529621
0.90833336,33,2221.621513
0.86944443,47,2221.688158
0.91944444,29,2221.795222
0.9111111,32,2221.807428
0.91944444,29,2221.837672
0.9027778,35,2221.952758
0.90833336,33,2221.952758
0.8972222,37,2222.077677
0.8666667,48,2222.1178
0.91944444,29,2222.129664
0.9,36,2222.137737
0.90833336,33,2222.241483
0.8888889,40,2222.38139
0.8888889,40,2222.426689
0.8833333,42,2222.493498
0.9138889,31,2222.508821
0.8888889,40,2222.549587
0.9027778,35,2222.575004
0.89166665,39,2222.641784
0.90833336,33,2222.641784
0.9,36,2222.803795
0.9138889,31,2222.822309
0.91944444,29,2222.833433
0.9111111,32,2222.949876
0.9027778,35,2222.989333
0.90555555,34,2222.99943
0.89444447,38,2223.075553
0.9111111,32,2223.221473
0.9,36,2223.24335
0.9027778,35,2223.263831
0.9111111,32,2223.292849
0.7972222,73,2223.379601
0.90833336,33,2223.40759
0.8833333,42,2223.607484
0.89166665,39,2223.617315
0.90833336,33,2223.7795
0.88611114,41,2223.810712
0.9138889,31,2223.827286
0.8833333,42,2223.835928
0.9166667,30,2223.852767
0.88055557,43,2223.965227
0.89166665,39,2224.147473
0.8888889,40,2224.173938
0.91944444,29,2224.189653
0.90833336,33,2224.255642
0.90833336,33,2224.301129
0.9138889,31,2224.309892
0.90833336,33,2224.309892
0.9,36,2224.487444
0.91944444,29,2224.665548
0.90833336,33,2224.925532
0.91944444,29,2224.959705
0.9138889,31,2225.027342
0.9138889,31,2225.036061
0.88611114,41,2225.051739
0.88611114,41,2225.08983
0.9138889,31,2225.229459
0.9,36,2225.465924
0.90833336,33,2225.594855
0.8972222,37,2225.667428
0.9,36,2225.677547
0.8833333,42,2225.686056
0.88611114,41,2225.713113
0.91944444,29,2225.713113
0.8833333,42,2225.777748
0.9111111,32,2225.941055
0.9,36,2286.980799
0.9027778,35,2286.980799
0.90833336,33,2286.987339
0.84166664,57,2287.096387
0.67777777,116,2287.437499
0.76666665,84,2287.493577
0.7416667,93,2287.66261
0.6333333,132,2287.66261
0.5638889,157,2287.900646
0.5638889,157,2287.907314
0.78333336,78,2288.099303
0.29444444,254,2288.315676
0.5472222,163,2288.414424
0.18888889,292,2288.49933
0.4861111,185,2288.549408
0.79444444,74,2288.569535
0.59166664,147,2288.803185
0.4611111,194,2288.817722
0.5555556,160,2288.886648
0.7583333,87,2288.993925
0.73055553,97,2289.213679
0.84166664,57,2289.293767
0.59444445,146,2289.298159
0.64166665,129,2289.397424
0.57222223,154,2289.523153
0.73055553,97,2289.597577
0.85833335,51,2289.683717
0.6111111,140,2289.724772
0.775,81,2289.793458
0.59166664,147,2289.797466
0.69722223,109,2289.881298
0.6111111,140,2290.099629
0.76944447,83,2290.099629
0.825,63,2290.160218
0.69722223,109,2290.171774
0.6166667,138,2290.557737
0.55,162,2290.63771
0.5555556,160,2290.63771
0.53055555,169,2291.033823
0.7416667,93,2291.147722
0.36944443,227,2291.425745
0.80833334,69,2291.429781
0.59166664,147,2291.431785
0.8361111,59,2291.493697
0.46944445,191,2291.637539
0.0,324,2291.720912
0.15,306,2291.849497
0.0,324,2291.997493
0.74444443,92,2292.018674
0.70555556,106,2292.093519
0.63611114,131,2292.231157
0.73333335,96,2292.427303
0.425,207,2292.68541
0.6611111,122,2292.709328
0.64166665,129,2292.79485
0.8,72,2292.861531
0.6166667,138,2292.927253
0.8527778,53,2293.020736
0.3361111,239,2293.097371
0.51944447,173,2293.279583
0.775,81,2293.388374
0.7222222,100,2293.636142
0.0,324,2293.705263
0.80277777,71,2293.721075
0.63611114,131,2293.724355
0.7138889,103,2293.725363
0.51944447,173,2293.812539
0.8361111,59,2294.123819
0.5861111,149,2294.341386
0.74444443,92,2294.341386
0.73333335,96,2294.359508
0.7361111,95,2294.440516
0.6666667,120,2294.527576
0.19444445,290,2294.673658
0.65555555,124,2294.911077
0.7638889,85,2294.963431
0.73055553,97,2294.995418
0.73888886,94,2295.083386
0.37222221,226,2295.163433
0.73055553,97,2295.222116
0.8277778,62,2295.418845
0.6944444,110,2295.453424
0.80833334,69,2295.592599
0.39444444,218,2295.854388
0.61388886,139,2296.071331
0.5861111,149,2296.392404
0.4138889,211,2296.56011
0.75277776,89,2296.63486
0.49444443,182,2296.929673
0.34444445,236,2297.025719
0.50555557,178,2297.025719
0.7083333,105,2297.169533
0.73888886,94,2297.289794
0.53055555,169,2297.350662
0.25833333,267,2297.44161
0.7,108,2297.729868
0.76666665,84,2297.855833
0.63611114,131,2297.912938
0.5777778,152,2297.937726
0.6611111,122,2298.001525
0.75277776,89,2298.025084
0.7722222,82,2298.414126
0.675,117,2298.696424
0.0,324,2298.770401
0.44166666,201,2299.012971
0.6527778,125,2299.168711
0.425,207,2299.18149
0.75,90,2299.254623
0.7722222,82,2299.263116
0.37777779,224,2299.415257
0.0,324,2299.437739
0.3,252,2299.609761
0.8,72,2299.725518
0.7638889,85,2299.729303
0.68333334,114,2299.740531
0.8,72,2343.047655
0.69166666,111,2343.181367
0.49444443,182,2343.268342
0.45555556,196,2343.291725
0.5416667,165,2343.342737
0.675,117,2343.354406
0.75,90,2343.574486
0.49166667,183,2343.70396
0.7972222,73,2343.768531
0.31388888,247,2343.791813
0.875,45,2344.01808
0.6027778,143,2344.067323
0.64444447,128,2344.101421
0.625,135,2344.101421
0.61944443,137,2344.207328
0.78055555,79,2344.259531
0.725,99,2344.259531
0.8138889,67,2344.267558
0.8277778,62,2344.543592
0.76111114,86,2344.675564
0.81666666,66,2344.71207
0.7361111,95,2344.929058
0.60555553,142,2345.135473
0.6388889,130,2345.160149
0.60555553,142,2345.231477
0.55,162,2345.231477
0.7361111,95,2345.231477
0.73333335,96,2345.397743
0.66944444,119,2345.501909
0.775,81,2345.689647
0.7861111,77,2345.731337
0.73888886,94,2345.830928
0.71666664,102,2345.957431
0.78055555,79,2345.972477
0.7,108,2345.987393
0.86388886,49,2346.13113
0.51111114,176,2346.1578
0.73055553,97,2346.215601
0.6888889,112,2346.45974
0.65555555,124,2346.666625
0.7,108,2346.666625
0.675,117,2346.746125
0.7083333,105,2346.867434
0.7888889,76,2346.940746
0.53055555,169,2347.089571
0.775,81,2347.19745
0.5388889,166,2347.202117
0.7416667,93,2347.349907
0.4611111,194,2347.429329
0.7583333,87,2347.533553
0.71944445,101,2347.781428
0.7416667,93,2347.806346
0.49166667,183,2347.886629
0.73055553,97,2348.013812
0.50277776,179,2348.122334
0.73333335,96,2348.124338
0.8111111,68,2348.482421
0.60833335,141,2348.489474
0.71666664,102,2348.555668
0.8138889,67,2348.573502
0.79444444,74,2348.597511
0.38055557,223,2348.735117
0.5472222,163,2348.905658
0.7861111,77,2349.041419
0.7888889,76,2349.067971
0.5138889,175,2349.073991
0.74722224,91,2349.198377
0.7111111,104,2349.209512
0.80833334,69,2349.337598
0.61388886,139,2349.405771
0.8194444,65,2349.581559
0.71944445,101,2349.652025
0.7361111,95,2349.655106
0.5833333,150,2349.66774
0.775,81,2349.727518
0.65555555,124,2349.857789
0.6805556,115,2350.02866
0.76111114,86,2350.127513
0.7861111,77,2350.162901
0.825,63,2350.228361
0.70555556,106,2350.321518
0.5611111,158,2350.383517
0.81666666,66,2350.539744
0.7861111,77,2350.687498
0.50555557,178,2350.745236
0.7,108,2350.841693
0.63055557,133,2350.887442
0.7638889,85,2350.90202
0.73055553,97,2351.111672
0.81666666,66,2351.121361
0.63055557,133,2351.121361
0.8388889,58,2351.238273
0.7416667,93,2351.255535
0.7277778,98,2351.452878
0.8055556,70,2351.54567
0.10277778,323,2351.625006
0.76944447,83,2351.74595
0.5361111,167,2351.851288
0.70555556,106,2351.92117
0.7916667,75,2352.069601
0.55277777,161,2352.126683
0.69166666,111,2352.131806
0.81666666,66,2352.276339
0.63611114,131,2352.364028
0.45,198,2352.364028
0.7638889,85,2352.447481
0.80833334,69,2352.52965
0.9138889,31,2352.651315
0.5972222,145,2352.654523
0.76944447,83,2352.660758
0.7777778,80,2352.760986
0.6861111,113,2353.005367
0.75277776,89,2353.011968
0.55,162,2353.078453
0.74722224,91,2353.206456
0.7722222,82,2353.275394
0.7111111,104,2353.277494
0.57222223,154,2353.335522
0.6472222,127,2353.437635
0.8,72,2353.63727
0.7583333,87,2353.679449
0.8,72,2353.709512
0.80833334,69,2353.716372
0.7861111,77,2353.765354
0.6805556,115,2353.778252
0.7972222,73,2353.865681
0.575,153,2353.991341
0.8361111,59,2354.008725
0.78333336,78,2354.127624
0.875,45,2354.131636
0.8138889,67,2354.143799
0.7861111,77,2354.202394
0.7361111,95,2354.341889
0.84166664,57,2354.353575
0.7027778,107,2354.353575
0.7638889,85,2354.499429
0.775,81,2354.650428
0.7111111,104,2354.774765
0.78055555,79,2354.84733
0.67777777,116,2354.851876
0.84444445,56,2354.860797
0.6,144,2355.063649
0.6722222,118,2355.071142
0.8194444,65,2355.157333
0.73333335,96,2355.237683
0.78055555,79,2355.317388
0.78055555,79,2355.326436
0.51944447,173,2355.455529
0.78055555,79,2355.601594
0.8138889,67,2355.603598
0.5638889,157,2355.820349
0.6527778,125,2355.845295
0.75277776,89,2355.900606
0.6527778,125,2418.077467
0.6666667,120,2418.150832
0.775,81,2418.155569
0.8527778,53,2418.291153
0.6638889,121,2418.409714
0.825,63,2418.550746
0.65,126,2418.906111
0.76666665,84,2419.004251
0.84166664,57,2419.191769
0.7722222,82,2419.242415
0.775,81,2419.359136
0.8,72,2419.475265
0.78333336,78,2419.647753
0.75277776,89,2419.989199
0.86388886,49,2420.012412
0.80833334,69,2420.047608
0.83055556,61,2420.321781
0.675,117,2420.333783
0.7111111,104,2420.413812
0.8611111,50,2420.689631
0.48055556,187,2420.697436
0.86388886,49,2420.728603
0.67777777,116,2420.839678
0.7972222,73,2420.983964
0.84166664,57,2421.175821
0.8138889,67,2421.28148
0.85555553,52,2421.338975
0.7722222,82,2421.478631
0.8138889,67,2421.594494
0.8472222,55,2421.625643
0.78333336,78,2421.720206
0.8138889,67,2422.026294
0.8138889,67,2422.059475
0.8472222,55,2422.161338
0.81666666,66,2422.171469
0.86388886,49,2422.221289
0.84166664,57,2422.295786
0.7861111,77,2422.602753
0.8194444,65,2422.823808
0.7888889,76,2423.105556
0.7277778,98,2423.119752
0.71944445,101,2423.272753
0.0,97,2423.290708
0.70555556,106,2423.377556
0.8111111,68,2423.377556
0.8472222,55,2423.442938
0.37777779,224,2423.461446
0.8111111,68,2423.925922
0.8472222,55,2423.96154
0.86388886,49,2424.085758
0.8277778,62,2424.113773
0.8194444,65,2424.136189
0.8138889,67,2424.417681
0.7361111,95,2424.425822
0.73055553,97,2424.639767
0.8055556,70,2425.034695
0.80833334,69,2425.081154
0.85,54,2425.097453
0.7972222,73,2425.203516
0.7361111,95,2425.251339
0.75277776,89,2425.409568
0.71666664,102,2425.699654
0.73888886,94,2425.832154
0.82222223,64,2425.840271
0.825,63,2425.960358
0.76111114,86,2426.269869
0.80833334,69,2426.281846
0.73055553,97,2426.301685
0.8611111,50,2426.381576
0.85555553,52,2426.460111
0.76666665,84,2426.807661
0.8388889,58,2426.939502
0.5833333,150,2427.115006
0.81666666,66,2427.123142
0.7083333,105,2427.159945
0.7861111,77,2427.245158
0.73333335,96,2427.48368
0.74444443,92,2427.615176
0.82222223,64,2427.64379
0.8,72,2428.027449
0.8,72,2428.066272
0.775,81,2428.161756
0.70555556,106,2428.323105
0.75277776,89,2428.34868
0.8277778,62,2428.367714
0.88611114,41,2428.763865
0.7083333,105,2428.921402
0.80277777,71,2429.025129
0.7638889,85,2429.159091
0.7972222,73,2429.208391
0.725,99,2429.21544
0.79444444,74,2429.231918
0.59166664,147,2429.291345
0.86388886,49,2429.48674
0.86944443,47,2429.795782
0.8277778,62,2429.892024
0.775,81,2429.892024
0.85555553,52,2429.944142
0.82222223,64,2430.139901
0.7888889,76,2430.309807
0.8194444,65,2430.441928
0.8472222,55,2430.515002
0.83055556,61,2430.587788
0.78055555,79,2430.819815
0.6472222,127,2430.951164
0.80277777,71,2430.971779
0.78333336,78,2431.231951
0.8333333,60,2431.245492
0.625,135,2431.562022
0.76944447,83,2431.775698
0.7972222,73,2431.859598
0.65,126,2431.905712
0.7416667,93,2432.040577
0.6111111,140,2432.217502
0.74444443,92,2432.344337
0.85,54,2432.484382
0.675,117,2432.671816
0.8194444,65,2432.765752
0.79444444,74,2432.779878
0.8666667,48,2432.941744
0.0,119,2433.0598
0.85555553,52,2433.391715
0.89166665,39,2433.405642
0.7861111,77,2433.414682
0.83055556,61,2433.415694
0.6805556,115,2433.503588
0.6527778,125,2433.807539
0.75277776,89,2433.835086
0.86944443,47,2433.977557
0.84166664,57,2434.129941
0.8361111,59,2434.171736
0.7361111,95,2434.243589
0.8611111,50,2434.431759
0.8388889,58,2434.461622
0.7361111,95,2434.595513
0.69166666,111,2434.807824
0.88611114,41,2434.979948
0.8,72,2434.987482
0.8527778,53,2435.098523
0.7361111,95,2435.129741
0.7583333,87,2435.283797
0.8472222,55,2435.293654
0.7138889,103,2435.611557
0.8138889,67,2435.981612
0.76666665,84,2435.981612
0.8055556,70,2435.995637
0.85833335,51,2436.021559
0.8138889,67,2436.057446
0.71944445,101,2436.40986
0.75277776,89,2436.426005
0.78055555,79,2436.543156
0.85833335,51,2436.549439
0.8138889,67,2436.805734
0.7638889,85,2436.973588
0.7888889,76,2436.973588
0.8472222,55,2437.170071
0.67777777,116,2437.315603
0.7916667,75,2437.329846
0.84166664,57,2437.471899
0.7277778,98,2437.597624
0.7222222,100,2437.747407
0.76111114,86,2438.005081
0.81666666,66,2438.133284
0.8527778,53,2438.2842
0.73888886,94,2438.345755
0.84444445,56,2438.457383
0.7888889,76,2438.457383
0.7361111,95,2438.503387
0.8611111,50,2438.641209
0.86388886,49,2438.927397
0.85555553,52,2439.057348
0.875,45,2439.057348
0.80277777,71,2439.087825
0.44166666,201,2439.400587
0.7722222,82,2439.400587
0.7777778,80,2439.577535
0.85555553,52,2439.621557
0.6111111,140,2439.770038
0.8,72,2439.896379
0.8361111,59,2440.08772
0.8194444,65,2440.194735
0.69722223,109,2440.426312
0.825,63,2440.431964
0.62222224,136,2440.596189
0.80277777,71,2440.771652
0.8388889,58,2440.795859
0.73055553,97,2440.963635
0.6388889,130,2441.166479
0.89166665,39,2441.437361
0.7138889,103,2441.625563
0.74722224,91,2441.677475
0.8138889,67,2441.783833
0.7583333,87,2441.817865
0.6944444,110,2442.031671
0.8,72,2442.300815
0.85,54,2442.34196
0.8666667,48,2442.347496
0.7916667,75,2442.477756
0.70555556,106,2442.517517
0.8472222,55,2442.527447
0.75555557,88,2442.879835
0.775,81,2443.001591
0.8277778,62,2443.071589
0.8138889,67,2443.308953
0.7638889,85,2443.315006
0.725,99,2443.442046
0.7722222,82,2443.466043
0.73055553,97,2443.599782
0.84166664,57,2560.805749
0.0,2,2560.812028
0.775,81,2560.866684
0.7916667,75,2560.871942
0.0,7,2560.871942
0.0,2,2560.88079
0.9,36,2560.887796
0.0,8,2560.901083
0.0,7,2560.943676
0.0,2,2560.952587
0.0,4,2560.957605
0.8388889,58,2560.959707
0.0,4,2560.96966
0.0,8,2560.982106
0.0,2,2561.027435
0.0,4,2561.040977
0.8277778,62,2561.047722
0.0,23,2561.047722
0.0,2,2561.054509
0.0,4,2561.058711
0.0,2,2561.061466
0.78333336,78,2561.11175
0.82222223,64,2561.135653
0.0,2,2561.157595
0.0,2,2561.202459
0.86388886,49,2561.209512
0.0,18,2561.21787
0.0,7,2561.226351
0.0,6,2561.285012
0.0,4,2561.297575
0.7583333,87,2561.512389
0.0,2,2561.517603
0.76666665,84,2561.521634
0.7972222,73,2561.529521
0.7888889,76,2561.529521
0.88055557,43,2561.574315
0.0,4,2561.590198
0.0,2,2561.598613
0.0,14,2561.655617
0.8,72,2561.66265
0.0,2,2561.669701
0.75555557,88,2561.673713
0.0,2,2561.679819
0.0,17,2561.76554
0.75,90,2561.769439
0.0,16,2561.772154
0.0,2,2561.820116
0.8833333,42,2561.825702
0.0,6,2561.85428
0.0,11,2561.870177
0.0,2,2561.914021
0.0,2,2561.925549
0.0,4,2561.93954
0.0,17,2562.074423
0.7916667,75,2562.120823
0.0,4,2562.141663
0.8194444,65,2562.141663
0.0,2,2562.150047
0.78333336,78,2562.205
0.74722224,91,2562.217601
0.85555553,52,2562.220951
0.0,18,2562.22535
0.0,2,2562.228419
0.85555553,52,2562.243782
0.0,2,2562.293111
0.0,9,2562.303337
0.0,14,2562.312044
0.0,5,2562.327594
0.78055555,79,2562.389524
0.0,2,2562.397319
0.0,17,2562.470989
0.0,2,2562.479614
0.0,7,2562.543604
0.0,48,2562.543604
0.0,4,2562.561916
0.8888889,40,2562.563921
0.8194444,65,2562.579722
0.80833334,69,2562.636501
0.0,15,2562.648456
0.8333333,60,2562.711486
0.0,2,2562.718857
0.7888889,76,2562.73274
0.0,4,2562.789529
0.0,10,2562.79557
0.0,21,2562.803769
0.0,2,2562.809915
0.0,2,2562.816958
0.0,7,2562.819472
0.0,13,2562.876299
0.0,9,2562.893668
0.0,2,2562.900182
0.0,12,2562.900182
0.0,2,2562.905065
0.0,2,2562.905065
0.7861111,77,2562.905065
0.0,2,2562.950049
0.0,2,2562.950049
0.0,8,2562.971633
0.0,4,2562.98741
0.7972222,73,2563.031238
0.0,2,2563.039689
0.0,2,2563.047786
0.0,4,2563.059362
0.7722222,82,2563.139711
0.0,2,2563.147493
0.75277776,89,2563.224243
0.7111111,104,2563.269341
0.0,4,2563.28213
0.0,7,2563.28213
0.85555553,52,2563.285139
0.83055556,61,2563.356794
0.0,2,2563.363608
0.78055555,79,2563.378546
0.0,10,2563.439768
0.8472222,55,2563.446188
0.0,9,2563.519992
0.0,18,2563.547482
0.0,2,2563.554113
0.76944447,83,2563.556118
0.0,2,2563.602338
0.0,2,2563.602338
0.0,2,2563.609382
0.0,2,2563.609382
0.80833334,69,2563.627556
0.0,26,2563.695725
0.0,4,2563.709807
0.81666666,66,2563.72074
0.8111111,68,2563.766234
0.0,2,2563.766234
0.0,2,2563.775349
0.0,6,2563.802425
0.0,2,2563.813004
0.7888889,76,2563.937528
0.85,54,2563.96365
0.0,2,2563.972147
0.0,2,2564.020558
0.67777777,116,2564.107376
0.88611114,41,2564.108411
0.0,2,2564.115098
0.0,2,2564.122152
0.0,19,2564.127746
0.78055555,79,2564.136256
0.0,8,2564.190637
0.8361111,59,2564.190637
0.0,6,2564.190637
0.8138889,67,2564.194651
0.0,2,2564.199693
0.0,2,2564.206139
0.0,6,2564.209675
0.0,6,2564.21372
0.75,90,2564.269717
0.0,2,2564.279716
0.0,2,2564.285762
0.0,12,2564.367392
0.0,2,2564.372699
0.0,34,2564.389674
0.7888889,76,2564.45054
0.0,2,2564.457566
0.0,17,2564.529552
0.0,2,2564.534997
0.0,24,2564.539561
0.0,2,2564.543741
0.78333336,78,2564.621389
0.0,19,2564.682266
0.0,6,2564.703507
0.7972222,73,2564.705514
0.0,2,2564.709914
0.7583333,87,2564.75755
0.0,7,2564.769786
0.0,4,2564.773701
0.0,2,2564.775708
0.0,23,2564.779735
0.75555557,88,2564.847412
0.0,18,2564.859432
0.0,9,2564.859432
0.0,12,2564.865445
0.0,5,2564.865445
0.875,45,2564.869745
0.0,4,2564.879572
0.0,4,2564.882592
0.0,2,2564.8846
0.0,2,2564.930876
0.0,2,2564.937655
0.7,108,2564.951402
0.80277777,71,2564.955417
0.0,7,2564.955417
0.0,19,2565.013621
0.0,10,2565.027729
0.0,4,2565.027729
0.0,2,2565.035593
0.0,14,2565.037831
0.0,2,2565.04187
0.0,4,2565.04187
0.0,2,2565.043904
0.0,2,2565.047413
0.0,2,2565.052279
0.0,9,2565.113007
0.0,6,2565.132411
0.0,16,2565.187399
0.0,2,2565.195302
0.0,2,2565.201575
0.8527778,53,2565.20487
0.8055556,70,2565.265592
0.0,19,2565.280688
0.8527778,53,2565.281959
0.0,2,2565.285747
0.0,2,2565.289796
0.85,54,2565.33771
0.0,8,2565.352978
0.0,10,2565.357587
0.7722222,82,2565.422336
0.0,32,2565.43081
0.0,9,2565.451361
0.0,21,2565.574297
0.0,2,2565.579638
0.8527778,53,2565.64384
0.74444443,92,2565.647351
0.0,2,2565.651413
0.0,2,2565.657953
0.0,17,2565.715491
0.0,9,2565.719025
0.0,6,2565.737396
0.8194444,65,2565.744332
0.0,2,2565.791358
0.78333336,78,2565.829574
0.0,11,2565.871701
0.0,24,2565.878026
0.0,2,2565.878026
0.7638889,85,2565.977673
0.6638889,121,2565.995074
0.0,24,2566.001413
0.0,2,2566.001413
0.0,2,2566.051802
0.0,2,2566.057712
0.85,54,2566.057712
0.0,4,2566.057712
0.0,13,2566.063748
0.0,2,2566.063748
0.86388886,49,2566.080348
0.0,8,2566.083052
0.625,135,2566.146257
0.0,8,2566.151793
0.0,2,2566.158918
0.88055557,43,2566.158918
0.0,2,2566.165464
0.0,13,2566.227424
0.0,28,2566.235619
0.0,12,2566.242705
0.0,4,2566.249336
0.82222223,64,2566.308823
0.0,13,2566.312835
0.89444447,38,2566.312835
0.0,2,2566.317348
0.0,12,2566.326388
0.0,4,2566.377411
0.0,4,2566.390624
0.0,13,2566.390624
0.8388889,58,2566.477503
0.0,13,2566.477503
0.0,15,2566.483539
0.0,2,2566.483539
0.0,2,2566.5321
0.0,2,2566.5321
0.0,2,2566.537685
0.0,14,2566.631254
0.0,6,2566.651106
0.7583333,87,2566.651106
0.8,72,2566.661871
0.0,2,2566.703474
0.8055556,70,2566.726358
0.83055556,61,2566.730897
0.0,2,2566.737445
0.0,11,2566.783637
0.0,10,2566.802904
0.0,11,2566.819613
0.87222224,46,2566.861729
0.0,2,2566.864647
0.7888889,76,2566.864647
0.0,2,2566.867727
0.0,2,2566.874544
0.0,2,2566.881504
0.0,8,2566.947334
0.0,4,2566.959816
0.0,2,2566.965585
0.0,20,2566.96759
0.0,2,2566.971616
0.79444444,74,2566.971616
0.0,2,2566.973399
0.0,2,2567.01759
0.85,54,2567.025198
0.84166664,57,2567.034952
0.0,2,2567.041497
0.0,12,2567.055304
0.0,6,2567.099439
0.0,4,2567.105473
0.0,19,2567.115841
0.0,6,2567.123389
0.84166664,57,2567.123389
0.0,2,2567.131777
0.85555553,52,2567.131777
0.0,2,2567.13737
0.0,4,2567.13737
0.0,22,2567.181107
0.0,6,2567.196032
0.0,4,2567.199562
0.0,4,2567.209602
0.0,10,2567.213835
0.0,19,2567.262614
0.0,14,2567.266622
0.0,2,2567.274147
0.0,4,2567.27758
0.82222223,64,2567.281619
0.0,9,2567.281619
0.0,9,2567.28608
0.0,2,2567.289088
0.0,2,2567.292399
0.0,4,2567.292399
0.0,2,2567.296411
0.0,6,2567.296411
0.0,20,2567.301451
0.0,4,2567.344668
0.0,6,2567.352686
0.0,4,2567.357564
0.0,10,2567.432735
0.0,23,2567.441512
0.0,2,2567.441512
0.0,2,2567.448725
0.0,2,2567.448725
0.8138889,67,2567.452738
0.0,19,2567.465398
0.0,6,2567.511491
0.0,4,2567.525987
0.0,9,2567.53743
0.0,2,2567.545947
0.0,6,2567.607418
0.0,2,2567.61345
0.86944443,47,2567.624979
0.0,2,2567.632514
0.775,81,2567.675042
0.0,8,2567.679428
0.0,2,2567.686295
0.0,6,2567.705545
0.8277778,62,2567.708341
0.0,13,2567.70997
0.0,4,2567.769693
0.0,6,2567.774642
0.0,10,2567.783683
0.0,9,2567.837354
0.0,2,2567.843463
0.0,2,2567.850895
0.0,9,2567.939773
0.0,6,2567.993437
0.7916667,75,2567.997452
0.0,2,2568.00148
0.81666666,66,2568.00148
0.0,2,2568.004392
0.86944443,47,2568.004392
0.0,2,2568.051507
0.0,2,2568.059224
0.0,2,2568.065883
0.0,2,2568.072186
0.7111111,104,2568.072186
0.0,7,2568.135849
0.0,21,2568.156023
0.0,2,2568.162392
0.0,16,2568.165626
0.0,9,2568.232649
0.7,108,2568.232649
0.0,12,2568.244488
0.0,22,2568.284515
0.0,2,2568.287528
0.0,8,2568.294816
0.0,12,2568.31161
0.0,10,2568.319638
0.0,8,2568.379474
0.75555557,88,2568.391424
0.0,4,2568.391424
0.0,6,2568.451738
0.7361111,95,2568.469761
0.0,6,2568.474813
0.7916667,75,2568.537484
0.85833335,51,2568.634566
0.74444443,92,2568.634566
0.0,19,2568.642107
0.0,2,2568.642107
0.84444445,56,2568.713864
0.0,2,2568.719568
0.0,14,2568.804792
0.8472222,55,2568.860986
0.0,6,2568.867568
0.0,2,2568.874238
0.80833334,69,2568.941294
0.775,81,2568.943852
0.0,7,2568.9694
0.8055556,70,2569.088532
0.63611114,131,2569.154194
0.0,6,2569.181851
0.0,18,2569.196377
0.0,2,2569.241697
0.74722224,91,2569.255073
0.0,11,2569.261624
0.0,4,2569.269506
0.0,2,2569.269506
0.0,2,2569.280331
0.7222222,100,2569.342587
0.0,2,2569.347646
0.0,16,2569.357336
0.8055556,70,2569.357336
0.0,9,2569.357336
0.825,63,2569.363105
0.0,12,2569.375772
0.0,2,2569.387732
0.7583333,87,2569.455643
0.80277777,71,2569.474411
0.0,19,2569.477459
0.0,2,2569.521592
0.0,14,2569.525408
0.0,2,2569.532676
0.0,4,2569.537487
0.0,25,2569.541516
0.0,21,2569.610546
0.0,2,2569.617722
0.0,2,2569.624369
0.0,20,2569.68466
0.0,2,2569.690117
0.0,12,2569.699265
0.0,2,2569.70974
0.0,6,2569.711744
0.0,7,2569.776837
0.8277778,62,2569.78934
0.83055556,61,2569.897394
0.0,29,2569.901435
0.0,2,2569.90525
0.7722222,82,2569.90525
0.0,2,2569.910665
0.0,2,2569.916677
0.75277776,89,2569.919702
0.80833334,69,2569.977695
0.0,11,2569.992114
0.0,13,2570.069784
0.8527778,53,2570.080667
0.74722224,91,2570.084677
0.0,6,2570.143615
0.0,4,2570.155892
0.0,8,2570.222551
0.88611114,41,2570.222551
0.0,9,2570.293795
0.7777778,80,2570.29961
0.0,4,2570.307543
0.8361111,59,2570.307543
0.0,7,2570.370749
0.0,9,2570.379415
0.79444444,74,2570.379415
0.0,2,2570.38517
0.78333336,78,2570.396083
0.8527778,53,2570.405411
0.0,30,2570.405411
0.0,13,2570.451396
0.0,4,2570.455462
0.0,4,2570.455462
0.0,6,2570.472337
0.0,10,2570.527735
0.0,20,2570.537615
0.0,26,2570.545745
0.0,13,2570.552795
0.0,47,2570.612851
0.0,9,2570.617363
0.0,20,2570.633934
0.7638889,85,2570.637442
0.0,9,2570.68781
0.0,24,2570.710136
0.0,11,2570.73158
0.0,2,2570.779315
0.0,4,2570.796204
0.0,20,2570.796204
0.825,63,2570.800241
0.0,2,2570.802262
0.0,2,2570.802262
0.0,6,2570.857489
0.0,2,2570.866066
0.0,10,2570.876069
0.0,5,2570.893714
0.8611111,50,2570.895781
0.0,2,2570.943623
0.80277777,71,2570.947604
0.0,2,2570.955075
0.0,14,2570.955075
0.0,7,2570.967314
0.0,12,2570.9742
0.84444445,56,2571.020704
0.0,9,2571.024718
0.0,11,2571.058061
0.0,20,2571.121616
0.0,4,2571.135811
0.8527778,53,2571.183226
0.0,2,2571.189484
0.78055555,79,2571.197557
0.0,8,2571.20059
0.0,35,2571.204618
0.7888889,76,2571.20862
0.0,7,2571.211264
0.0,2,2571.211264
0.0,2,2571.213271
0.0,2,2571.215276
0.0,2,2571.260659
0.0,2,2571.264668
0.0,2,2571.2705
0.0,8,2571.2705
0.0,6,2571.272505
0.0,6,2571.289317
0.0,10,2571.343879
0.82222223,64,2571.371111
0.0,20,2571.374155
0.0,2,2571.377478
0.0,4,2571.427241
0.0,2,2571.433834
0.0,28,2571.449327
0.0,4,2571.449327
0.0,2,2571.457681
0.8,72,2571.512943
0.0,4,2571.512943
0.0,15,2571.512943
0.875,45,2571.517766
0.79444444,74,2571.594808
0.0,19,2571.602938
0.0,2,2571.631452
0.0,4,2571.637376
0.0,4,2571.657331
0.8666667,48,2571.711837
0.0,23,2571.713841
0.0,13,2571.731493
0.0,7,2571.794179
0.0,23,2571.829556
0.85833335,51,2571.891479
0.76944447,83,2571.903327
0.0,4,2571.907338
0.0,4,2571.961653
0.0,2,2571.967717
0.0,9,2571.979435
0.8194444,65,2571.985658
0.0,31,2571.992743
0.0,6,2572.000321
0.0,24,2572.003644
0.0,10,2572.060546
0.0,2,2572.067573
0.0,13,2572.087454
0.8388889,58,2572.087454
0.0,2,2572.130884
0.0,2,2572.130884
0.0,2,2572.13944
0.0,26,2572.143453
0.0,19,2572.252414
0.0,2,2572.257429
0.0,19,2572.257429
0.0,2,2572.308106
0.6805556,115,2572.339872
0.0,17,2572.407411
0.0,11,2572.421726
0.85555553,52,2572.433209
0.69166666,111,2572.435615
0.0,6,2572.485021
0.81666666,66,2572.499999
0.0,4,2572.499999
0.0,9,2572.50782
0.0,2,2572.511868
0.7888889,76,2572.561668
0.0,9,2572.571617
0.0,22,2572.67085
0.7722222,82,2572.734471
0.0,23,2572.843253
0.0,2,2572.849527
0.0,6,2572.911863
0.74444443,92,2572.93741
0.84166664,57,2572.94063
0.82222223,64,2572.94063
0.775,81,2572.989714
0.0,9,2573.010932
0.0,12,2573.016168
0.0,12,2573.087774
0.0,2,2573.095851
0.0,14,2573.102782
0.0,6,2573.167693
0.71666664,102,2573.17223
0.0,8,2573.242642
0.80277777,71,2573.246652
0.0,2,2573.24868
0.0,2,2573.252699
0.7027778,107,2573.327412
0.0,30,2573.333447
0.83055556,61,2573.337459
0.0,2,2573.342728
0.0,9,2573.361837
0.0,7,2573.409197
0.0,2,2573.420615
0.0,2,2573.424623
0.82222223,64,2573.42966
0.90833336,33,2573.454985
0.7888889,76,2573.500929
0.8666667,48,2573.515904
0.0,8,2573.521451
0.0,4,2573.536729
0.0,2,2573.584669
0.0,13,2573.587757
0.0,25,2573.587757
0.0,8,2573.607513
0.0,8,2573.616249
0.84444445,56,2573.6182
0.0,11,2573.666399
0.0,9,2573.687773
0.0,55,2573.689799
0.0,11,2573.770473
0.0,12,2573.85236
0.0,2,2573.857383
0.8,72,2573.911478
0.80277777,71,2573.913482
0.0,8,2573.921357
0.0,2,2573.921357
0.0,4,2573.935111
0.0,12,2574.007772
0.8333333,60,2574.019783
0.0,4,2574.07138
0.0,9,2574.074198
0.7722222,82,2574.079533
0.0,22,2574.092744
0.8138889,67,2574.096752
0.0,2,2574.103187
0.0,4,2574.107721
0.0,14,2574.163586
0.0,11,2574.190099
0.0,8,2574.193697
0.76666665,84,2574.193697
0.0,2,2574.239694
0.8527778,53,2574.263422
0.76666665,84,2574.263422
0.0,6,2574.323955
0.0,16,2574.335374
0.0,10,2574.335374
0.0,2,2574.340749
0.0,21,2574.340749
0.0,4,2574.354332
0.85833335,51,2574.407697
0.0,14,2574.41584
0.0,2,2574.422037
0.0,14,2574.497457
0.8055556,70,2574.554613
0.0,38,2574.563667
0.0,25,2574.705982
0.8527778,53,2574.714538
0.74722224,91,2574.717547
0.0,6,2574.727642
0.8138889,67,2574.785796
0.0,2,2574.792876
0.0,8,2574.792876
0.0,2,2574.804061
0.0,2,2574.804061
0.0,2,2574.809617
0.8277778,62,2574.821696
0.87222224,46,2608.464207
0.84166664,57,2608.476055
0.7111111,104,2608.485685
0.0,17,2608.496933
0.0,26,2608.629549
0.86388886,49,2608.635623
0.0,4,2608.649517
0.0,2,2608.658018
0.8833333,42,2608.721354
0.0,10,2608.725362
0.8361111,59,2608.727366
0.0,31,2608.73741
0.0,4,2608.743728
0.0,4,2608.799581
0.8666667,48,2608.8216
0.84166664,57,2608.825917
0.8472222,55,2608.835475
0.0,23,2608.89439
0.0,14,2608.915551
0.0,22,2608.917555
0.0,11,2608.917555
0.0,2,2608.921593
0.8833333,42,2608.990122
0.86388886,49,2608.997417
0.0,2,2609.046585
0.0,19,2609.064318
0.0,6,2609.06733
0.0,2,2609.078218
0.0,25,2609.087893
0.8527778,53,2609.089925
0.0,2,2609.133488
0.0,12,2609.214364
0.89166665,39,2609.219403
0.0,10,2609.250021
0.0,6,2609.312765
0.8,72,2609.321923
0.8888889,40,2609.325869
0.0,2,2609.331542
0.0,4,2609.376369
0.0,2,2609.381345
0.89166665,39,2609.383352
0.7972222,73,2609.38943
0.875,45,2609.395755
0.0,2,2609.40291
0.8888889,40,2609.48155
0.78055555,79,2609.552411
0.0,32,2609.565233
0.0,6,2609.569789
0.0,2,2609.571794
0.0,31,2609.630629
0.8888889,40,2609.647557
0.0,27,2609.652142
0.8666667,48,2609.705546
0.0,6,2609.713551
0.0,4,2609.719614
0.0,4,2609.727706
0.82222223,64,2609.733747
0.0,4,2609.740644
0.0,25,2609.791587
0.0,10,2609.804744
0.0,4,2609.804744
0.0,2,2609.811993
0.80833334,69,2609.817547
0.0,19,2609.860507
0.0,40,2609.864517
0.0,43,2609.949662
0.0,6,2609.967444
0.0,8,2610.043936
0.8111111,68,2610.053212
0.0,7,2610.069821
0.89166665,39,2610.111901
0.8888889,40,2610.124778
0.89166665,39,2610.12779
0.86944443,47,2610.150363
0.0,11,2610.210355
0.0,23,2610.217742
0.0,9,2610.226229
0.0,2,2610.233862
0.7972222,73,2610.280762
0.8,72,2610.303704
0.88611114,41,2610.393038
0.0,50,2610.446822
0.90833336,33,2610.449404
0.0,2,2610.457442
0.0,33,2610.475548
0.89166665,39,2610.52906
0.0,4,2610.540495
0.0,2,2610.549626
0.8138889,67,2610.549626
0.8527778,53,2610.553456
0.0,2,2610.555462
0.0,2,2610.559421
0.8333333,60,2610.689784
0.86944443,47,2610.744463
0.86388886,49,2610.764973
0.0,6,2610.76779
0.0,2,2610.773824
0.0,4,2610.777584
0.0,2,2610.781616
0.88611114,41,2610.835624
0.0,21,2610.840949
0.0,4,2610.8476
0.7972222,73,2610.857734
0.0,6,2610.861976
0.775,81,2610.991748
0.0,2,2610.999795
0.0,2,2611.006815
0.76666665,84,2611.073547
0.76944447,83,2611.079813
0.86388886,49,2611.087332
0.86944443,47,2611.17164
0.0,14,2611.226412
0.0,2,2611.232856
0.8138889,67,2611.237368
0.0,8,2611.240796
0.84444445,56,2611.240796
0.8277778,62,2611.254472
0.0,4,2611.254472
0.0,2,2611.26037
0.0,6,2611.264383
0.0,8,2611.264383
0.0,7,2611.305654
0.0,2,2611.310653
0.0,6,2611.313654
0.0,2,2611.317664
0.0,32,2611.324132
0.0,8,2611.327447
0.0,4,2611.336341
0.0,12,2611.384264
0.8833333,42,2611.387774
0.0,18,2611.4014
0.8472222,55,2611.4014
0.0,5,2611.417588
0.0,16,2611.467693
0.0,12,2611.485824
0.0,22,2611.504296
0.0,31,2611.569417
0.0,2,2611.577377
0.0,16,2611.640481
0.875,45,2611.640481
0.9027778,35,2611.659588
0.8472222,55,2611.659588
0.0,8,2611.665606
0.0,8,2611.665606
0.0,4,2611.723857
0.0,39,2611.727637
0.0,2,2611.731667
0.0,9,2611.733671
0.0,4,2611.740485
0.0,28,2611.797355
0.0,8,2611.797355
0.0,6,2611.799374
0.875,45,2611.799374
0.8,72,2611.80738
0.0,2,2611.810754
0.0,2,2611.814763
0.0,2,2611.819706
0.0,8,2611.829399
0.0,2,2611.837428
0.89166665,39,2611.945715
0.8888889,40,2611.959548
0.0,4,2611.96356
0.0,2,2611.967453
0.0,2,2611.973861
0.89444447,38,2611.97768
0.0,2,2611.983717
0.8888889,40,2612.067487
0.87777776,44,2612.067487
0.0,13,2612.148369
0.8388889,58,2612.148369
0.0,2,2612.1957
0.8388889,58,2612.203462
0.0,4,2612.203462
0.0,2,2612.203462
0.89166665,39,2612.215425
0.0,9,2612.285484
0.0,2,2612.291088
0.86388886,49,2612.297469
0.87222224,46,2612.297469
0.8055556,70,2612.301043
0.0,18,2612.301043
0.0,4,2612.354822
0.0,7,2612.369505
0.0,2,2612.375859
0.85555553,52,2612.547398
0.8527778,53,2612.551436
0.89166665,39,2612.555694
0.0,2,2612.555694
0.0,4,2612.607747
0.89444447,38,2612.612109
0.0,2,2612.616184
0.875,45,2612.627622
0.76944447,83,2612.635681
0.0,8,2612.639432
0.0,4,2612.690447
0.0,11,2612.694261
0.8472222,55,2612.698804
0.0,2,2612.70485
0.0,8,2612.707631
0.0,14,2612.776604
0.0,12,2612.779923
0.0,12,2612.783433
0.0,6,2612.797771
0.8888889,40,2612.840486
0.0,24,2612.843515
0.0,13,2612.91748
0.0,16,2612.926435
0.0,2,2612.926435
0.8527778,53,2612.952829
0.0,12,2613.007603
0.0,15,2613.090439
0.6944444,110,2613.09936
0.7583333,87,2613.152994
0.85555553,52,2613.169696
0.82222223,64,2613.179451
0.0,16,2613.187513
0.0,6,2613.191483
0.0,2,2613.233812
0.0,5,2613.251458
0.0,9,2613.263018
0.0,13,2613.265022
0.0,2,2613.269595
0.78333336,78,2613.3135
0.0,4,2613.319279
0.0,34,2613.349218
0.0,12,2613.4015
0.0,16,2613.405456
0.87222224,46,2613.417769
0.0,10,2613.43952
0.0,6,2613.497436
0.7722222,82,2613.507444
0.0,6,2613.514859
0.73055553,97,2613.573919
0.0,12,2613.597464
0.86388886,49,2613.649498
0.0,56,2613.649498
0.0,32,2613.653512
0.0,10,2613.653512
0.0,41,2613.656514
0.0,4,2613.661542
0.0,8,2613.677513
0.0,32,2613.742618
0.0,15,2613.809914
0.0,22,2613.809914
0.0,2,2613.815224
0.8972222,37,2613.897495
0.7861111,77,2613.915696
0.8527778,53,2614.003417
0.82222223,64,2614.059831
0.87777776,44,2614.085678
0.0,19,2614.143231
0.88055557,43,2614.155879
0.0,2,2614.162291
0.0,9,2614.217788
0.87777776,44,2614.223565
0.0,4,2614.223565
0.0,8,2614.249027
0.73333335,96,2614.305763
0.7583333,87,2614.327502
0.7416667,93,2614.415629
0.8666667,48,2614.419658
0.84444445,56,2614.555983
0.7722222,82,2614.603459
0.0,2,2614.603459
0.0,2,2614.608966
0.0,4,2614.61498
0.84444445,56,2614.617497
0.0,2,2614.627316
0.8472222,55,2614.6328
0.86388886,49,2614.6328
0.0,15,2614.709423
0.0,17,2614.726308
0.0,2,2614.775068
0.775,81,2614.775068
0.0,14,2614.80566
0.0,11,2614.815604
0.8055556,70,2614.887765
0.8888889,40,2614.941731
0.0,19,2614.949472
0.7777778,80,2614.961111
0.0,26,2615.022134
0.0,2,2615.027869
0.0,16,2615.04083
0.0,6,2615.047352
0.7916667,75,2615.127716
0.0,6,2615.192692
0.8055556,70,2615.2119
0.8527778,53,2615.290474
0.8333333,60,2615.301955
0.73333335,96,2615.301955
0.0,6,2615.353387
0.0,2,2615.361426
0.0,12,2615.44848
0.84166664,57,2615.462118
0.8,72,2615.462118
0.0,2,2615.4697
0.0,4,2615.477371
0.8972222,37,2615.481972
0.0,2,2615.52768
0.875,45,2615.530713
0.0,2,2615.537414
0.8972222,37,2615.55767
0.89166665,39,2615.688481
0.0,22,2615.699815
0.89444447,38,2615.753526
0.7027778,107,2615.772754
0.0,11,2615.777648
0.0,7,2615.777648
0.0,4,2615.787546
0.0,49,2615.845286
0.0,8,2615.860736
0.76666665,84,2615.873808
0.8527778,53,2615.873808
0.0,15,2615.879768
0.0,4,2615.92635
0.8138889,67,2615.934724
0.0,7,2615.93897
0.0,11,2616.012727
0.0,11,2616.089424
0.0,23,2616.093141
0.0,34,2616.121012
0.875,45,2616.121012
0.0,2,2616.171786
0.0,12,2616.179689
0.84166664,57,2616.181719
0.0,42,2616.181719
0.0,2,2616.185728
0.0,4,2616.185728
0.8666667,48,2616.18842
0.0,2,2616.18842
0.0,8,2616.192362
0.0,4,2616.201413
0.775,81,2616.258187
0.0,15,2616.283589
0.87222224,46,2616.371503
0.0,18,2616.444827
0.0,8,2616.469868
0.88055557,43,2616.52601
0.0,6,2616.526598
0.86944443,47,2616.529159
0.0,4,2616.540417
0.8472222,55,2616.589365
0.8666667,48,2616.601641
0.0,15,2616.621628
0.825,63,2616.621628
0.0,12,2616.701688
0.0,19,2616.706368
0.0,2,2616.709496
0.0,2,2616.713513
0.84444445,56,2616.777434
0.0,2,2616.781474
0.0,2,2616.787491
0.74444443,92,2616.829941
0.0,36,2616.829941
0.0,15,2616.836505
0.0,2,2616.842777
0.0,37,2616.859513
0.0,13,2616.929525
0.0,2,2616.936955
0.0,4,2616.948508
0.80833334,69,2617.01531
0.7972222,73,2617.01988
0.0,2,2617.023782
0.0,2,2617.031593
0.0,4,2617.091038
0.0,48,2617.167621
0.8055556,70,2617.200887
0.0,10,2617.207599
0.0,2,2617.207599
0.85833335,51,2617.259508
0.83055556,61,2617.264604
0.0,7,2617.290858
0.7916667,75,2617.349627
0.0,17,2617.353697
0.0,25,2617.389466
0.85555553,52,2617.429583
0.8277778,62,2617.432391
0.0,28,2617.443398
0.0,21,2617.447443
0.0,15,2617.447443
0.85,54,2617.453482
0.0,2,2617.453482
0.0,4,2617.46159
0.0,23,2617.517589
0.0,10,2617.525702
0.0,8,2617.541041
0.0,6,2617.545279
0.0,24,2617.593611
0.0,4,2617.603873
0.0,29,2617.607514
0.0,20,2617.691844
0.0,4,2617.704632
0.0,19,2617.709394
0.0,2,2617.757776
0.87777776,44,2617.765352
0.0,30,2617.777778
0.85833335,51,2617.777778
0.0,13,2617.865259
0.0,14,2617.867766
0.0,4,2617.92293
0.80833334,69,2617.945211
0.0,10,2617.949601
0.0,2,2617.953609
0.7722222,82,2617.958356
0.82222223,64,2618.033707
0.875,45,2618.090547
0.0,6,2618.093028
0.0,8,2618.123675
0.0,13,2618.181418
0.0,4,2618.181418
0.825,63,2618.181418
0.0,2,2618.187536
0.0,2,2618.195394
0.0,4,2618.195394
0.8972222,37,2618.2064
0.0,37,2618.209418
0.0,10,2618.279536
0.0,9,2618.279536
0.84444445,56,2618.285326
0.0,26,2618.349974
0.76111114,86,2618.349974
0.0,2,2618.358957
0.0,4,2618.37152
0.8361111,59,2618.37152
0.0,16,2618.375188
0.0,2,2618.379721
0.0,9,2618.424163
0.0,2,2618.431766
0.90555555,34,2618.435777
0.0,28,2618.505757
0.87777776,44,2618.510501
0.0,25,2618.587598
0.0,35,2618.685743
0.8388889,58,2618.696452
0.0,36,2618.764301
0.87222224,46,2618.765995
0.85555553,52,2618.774877
0.8472222,55,2618.784469
0.0,41,2618.791845
0.0,18,2618.806521
0.0,34,2618.806521
0.0,2,2618.854055
0.0,2,2618.854055
0.0,6,2618.877706
0.0,4,2618.890444
0.0,8,2618.960582
0.0,2,2618.96765
0.0,48,2619.036703
0.8527778,53,2619.127727
0.86388886,49,2619.135797
0.0,19,2619.142424
0.84166664,57,2619.142424
0.86388886,49,2619.196368
0.0,29,2619.196368
0.0,9,2619.199399
0.825,63,2619.213149
0.0,18,2619.279655
0.8055556,70,2619.28166
0.0,2,2619.285671
0.0,22,2619.301692
0.0,8,2619.313607
0.0,25,2619.313607
0.0,8,2619.384691
0.8972222,37,2619.452552
0.0,27,2619.465518
0.0,4,2619.465518
0.0,15,2619.474861
0.0,10,2619.543746
0.85833335,51,2619.543746
0.0,2,2619.549878
0.87777776,44,2619.627431
0.86944443,47,2619.627431
0.8138889,67,2619.636841
0.8194444,65,2619.642771
0.0,30,2619.701096
0.0,10,2619.705115
0.0,4,2619.715308
0.0,12,2619.721884
0.8666667,48,2619.855687
0.86944443,47,2619.860908
0.0,2,2619.867458
0.825,63,2619.879356
0.88055557,43,2620.001549
0.86388886,49,2620.027858
0.8138889,67,2620.080906
0.0,2,2620.087455
0.0,6,2620.09305
0.8111111,68,2620.09966
0.0,4,2620.101664
0.0,4,2620.114732
0.0,38,2620.119771
0.0,4,2620.119771
0.8111111,68,2620.159259
0.88611114,41,2620.159259
0.0,2,2620.163837
0.0,4,2620.169617
0.0,12,2620.173729
0.0,4,2620.173729
0.8472222,55,2620.196295
0.0,13,2620.250491
0.0,4,2620.254532
0.0,2,2620.262526
0.0,2,2620.269631
0.0,21,2620.2776
0.0,10,2620.344747
0.0,38,2620.431723
0.82222223,64,2620.431723
0.86388886,49,2620.44781
0.86388886,49,2620.50449
0.85833335,51,2620.515904
0.88611114,41,2620.515904
0.0,4,2620.529625
0.0,12,2620.58558
0.0,2,2620.591443
0.86944443,47,2620.599206
0.86944443,47,2620.665152
0.0,14,2620.685825
0.0,6,2620.685825
0.0,4,2620.735191
0.0,8,2620.787694
0.89444447,38,2620.843917
0.90833336,33,2620.853263
0.0,2,2620.860066
0.8333333,60,2620.864111
0.0,9,2620.868521
0.8611111,50,2620.87523
0.0,4,2620.881979
0.8277778,62,2620.927483
0.90555555,34,2620.949784
0.78055555,79,2621.014637
0.0,8,2621.025727
0.0,8,2621.042788
0.0,6,2621.046129
0.85833335,51,2621.194656
0.88055557,43,2621.205544
0.8361111,59,2621.279695
0.0,13,2621.284043
0.0,2,2621.29097
0.8333333,60,2621.302075
0.0,4,2621.307553
0.0,4,2621.366469
0.8194444,65,2621.376635
0.0,2,2621.385733
0.8,72,2621.385733
0.875,45,2621.385733
0.0,4,2621.405583
0.0,6,2621.463648
0.0,9,2621.480051
0.0,6,2621.485308
0.0,33,2621.487814
0.0,11,2621.51381
0.0,24,2621.566473
0.8111111,68,2621.58407
0.0,19,2621.604352
0.89166665,39,2621.649387
0.0,22,2621.662945
0.8666667,48,2621.669752
0.0,6,2621.669752
0.0,2,2621.675459
0.0,6,2621.687801
0.0,26,2621.766295
0.0,37,2621.82028
0.0,14,2621.834491
0.0,18,2621.834491
0.0,9,2621.856772
0.0,2,2621.869689
0.0,14,2621.943792
0.0,15,2621.95364
0.8277778,62,2621.959536
0.0,4,2621.963076
0.88611114,41,2621.971398
0.0,4,2621.980332
0.86388886,49,2622.034789
0.0,9,2622.055815
0.0,9,2622.066699
0.0,8,2622.074637
0.0,4,2622.130557
0.0,4,2622.14959
0.0,17,2622.169631
0.0,19,2622.223479
0.0,4,2622.236443
0.75,90,2622.243836
0.86388886,49,2622.243836
0.0,8,2622.310356
0.87222224,46,2622.313269
0.0,8,2622.318012
0.0,2,2622.320062
0.85833335,51,2622.330331
0.0,4,2622.332935
0.0,14,2622.341137
0.0,7,2622.402999
0.0,13,2622.402999
0.0,2,2622.410685
0.8972222,37,2622.414693
0.78333336,78,2622.417742
0.9,36,2622.427451
0.0,6,2622.431483
0.0,8,2622.477729
0.0,5,2622.484759
0.0,9,2622.492374
0.0,14,2622.4974
0.0,2,2622.503506
0.0,6,2622.523743
0.0,15,2622.586742
0.8833333,42,2657.781652
0.8888889,40,2657.894736
0.8472222,55,2657.904775
0.86944443,47,2657.990023
0.875,45,2658.000425
0.8888889,40,2658.004435
0.0,2,2658.011506
0.83055556,61,2658.068014
0.86944443,47,2658.084594
0.0,2,2658.132851
0.9027778,35,2658.148366
0.7416667,93,2658.148366
0.88611114,41,2658.156412
0.88611114,41,2658.273369
0.9027778,35,2658.284031
0.8527778,53,2658.303489
0.86388886,49,2658.349411
0.8972222,37,2658.353161
0.90833336,33,2658.353161
0.0,4,2658.363096
0.89166665,39,2658.369126
0.86388886,49,2658.454605
0.9138889,31,2658.454605
0.0,17,2658.461771
0.0,2,2658.461771
0.91944444,29,2658.524374
0.90833336,33,2658.542331
0.8972222,37,2658.547348
0.0,2,2658.592642
0.875,45,2658.596651
0.8888889,40,2658.632822
0.89444447,38,2658.708869
0.8972222,37,2658.710877
0.0,23,2658.755418
0.87222224,46,2658.783324
0.90833336,33,2658.783324
0.0,2,2658.790025
0.88611114,41,2658.790025
0.90555555,34,2658.927325
0.8666667,48,2658.931352
0.8361111,59,2658.931352
0.89166665,39,2658.981794
0.0,2,2658.981794
0.88055557,43,2658.999623
0.9027778,35,2659.008788
0.0,4,2659.010797
0.89166665,39,2659.059767
0.84166664,57,2659.158854
0.0,2,2659.165596
0.8972222,37,2659.22289
0.88611114,41,2659.234683
0.9,36,2659.319386
0.0,2,2659.325026
0.84166664,57,2659.415816
0.9,36,2659.420725
0.8111111,68,2659.427601
0.83055556,61,2659.433172
0.86388886,49,2659.551327
0.7416667,93,2659.571808
0.87222224,46,2659.621466
0.9027778,35,2659.640304
0.80277777,71,2659.65398
0.8972222,37,2659.700572
0.875,45,2659.713053
0.0,2,2659.717621
0.9138889,31,2659.737597
0.0,7,2659.781417
0.0,18,2659.798465
0.8361111,59,2659.807784
0.8972222,37,2659.81756
0.8972222,37,2659.88466
0.0,22,2659.892452
0.89166665,39,2659.953614
0.82222223,64,2660.039975
0.9138889,31,2660.110632
0.87777776,44,2660.125246
0.8972222,37,2660.133794
0.825,63,2660.193472
0.8277778,62,2660.215299
0.8055556,70,2660.269821
0.91944444,29,2660.347486
0.8277778,62,2660.353829
0.89166665,39,2660.435703
0.85555553,52,2660.447742
0.83055556,61,2660.503687
0.89444447,38,2660.50978
0.7777778,80,2660.575989
0.8472222,55,2660.59
0.8972222,37,2660.593899
0.87777776,44,2660.610825
0.9138889,31,2660.676468
0.0,12,2660.676468
0.8972222,37,2660.677474
0.8888889,40,2660.807765
0.8888889,40,2660.814507
0.0,7,2660.87756
0.87777776,44,2660.890905
0.88611114,41,2660.89415
0.91944444,29,2660.897659
0.8972222,37,2660.969831
0.87222224,46,2660.972547
0.88055557,43,2661.025872
0.9,36,2661.045899
0.91944444,29,2661.111935
0.0,14,2661.12957
0.89166665,39,2661.188247
0.88055557,43,2661.195673
0.90833336,33,2661.213586
0.89444447,38,2661.21767
0.84166664,57,2661.263341
0.91944444,29,2661.288392
0.8527778,53,2661.342511
0.0,2,2661.347515
0.8888889,40,2661.437729
0.90833336,33,2661.44424
0.8611111,50,2661.44775
0.8972222,37,2661.44775
0.0,2,2661.493563
0.89444447,38,2661.493563
0.85555553,52,2661.51262
0.9,36,2661.581651
0.875,45,2661.588416
0.0,4,2661.595196
0.0,2,2661.600233
0.0,2,2661.607682
0.89166665,39,2661.685257
0.8972222,37,2661.685257
0.0,35,2661.730619
0.0,2,2661.732625
0.0,2,2661.740295
0.8666667,48,2661.812648
0.90833336,33,2661.816661
0.875,45,2661.819696
0.8527778,53,2661.821701
0.0,16,2661.835896
0.9027778,35,2661.845464
0.8972222,37,2661.953468
0.89444447,38,2661.958791
0.9027778,35,2662.064354
0.88611114,41,2662.067364
0.8888889,40,2662.071147
0.88055557,43,2662.071147
0.0,2,2662.077827
0.0,2,2662.123715
0.9027778,35,2662.161934
0.83055556,61,2662.215898
0.8361111,59,2662.230462
0.87777776,44,2662.234228
0.90833336,33,2662.293905
0.9,36,2662.300949
0.8972222,37,2662.359883
0.86944443,47,2662.375706
0.9138889,31,2662.379752
0.9,36,2662.466955
0.88611114,41,2662.529896
0.0,11,2662.545265
0.87777776,44,2662.597512
0.8833333,42,2662.617804
0.85833335,51,2662.627718
0.86388886,49,2662.697515
0.7916667,75,2662.697515
0.8472222,55,2662.755097
0.88611114,41,2662.783363
0.9,36,2662.783363
0.0,2,2662.790129
0.0,4,2662.841566
0.9111111,32,2662.853426
0.0,2,2662.86068
0.85833335,51,2662.939551
0.85833335,51,2663.0099
0.86944443,47,2663.029557
0.85833335,51,2663.042481
0.8888889,40,2663.097364
0.0,11,2663.107479
0.8833333,42,2663.111512
0.90833336,33,2663.171433
0.8055556,70,2663.201484
0.0,19,2663.256636
0.84444445,56,2663.256636
0.90833336,33,2663.275886
0.0,20,2663.283437
0.8666667,48,2663.336557
0.88055557,43,2663.363866
0.0,2,2663.371403
0.9138889,31,2663.442207
0.9138889,31,2663.451599
0.0,11,2663.45763
0.90833336,33,2663.519575
0.8194444,65,2663.537411
0.88611114,41,2663.591614
0.8527778,53,2663.603828
0.8527778,53,2663.677706
0.0,2,2663.687787
0.8666667,48,2663.758813
0.86388886,49,2663.777875
0.0,2,2663.824382
0.85833335,51,2663.841959
0.83055556,61,2663.847425
0.875,45,2663.854938
0.85833335,51,2663.900576
0.85,54,2663.973286
0.0,4,2663.987763
0.87222224,46,2663.996168
0.89166665,39,2664.0022
0.0,15,2664.089963
0.8611111,50,2664.151948
0.88611114,41,2664.193142
0.87222224,46,2664.197653
0.8666667,48,2664.197653
0.87777776,44,2664.311783
0.8888889,40,2664.40213
0.76666665,84,2664.426562
0.88611114,41,2664.469728
0.8111111,68,2664.477791
0.86388886,49,2664.485605
0.90555555,34,2664.502192
0.85,54,2664.553725
0.84166664,57,2664.592103
0.9,36,2664.67405
0.88055557,43,2664.761682
0.0,2,2664.77072
0.0,2,2664.775463
0.89166665,39,2664.820601
0.85555553,52,2664.82971
0.0,2,2664.833754
0.0,2,2664.839787
0.875,45,2664.84674
0.90833336,33,2664.899709
0.825,63,2664.919541
0.81666666,66,2664.934974
0.90555555,34,2665.009496
0.8972222,37,2665.08414
0.7888889,76,2665.08414
0.0,2,2665.09326
0.8666667,48,2665.142559
0.88611114,41,2665.15593
0.0,8,2665.220774
0.9111111,32,2665.235245
0.0,8,2665.247341
0.84444445,56,2665.300851
0.8527778,53,2665.308736
0.9,36,2665.331757
0.0,2,2665.377409
0.88611114,41,2665.39755
0.8361111,59,2665.483547
0.88611114,41,2665.493086
0.7277778,98,2665.495093
0.0,4,2665.547714
0.8527778,53,2665.645269
0.87222224,46,2665.651526
0.87222224,46,2665.709694
0.8,72,2665.779431
0.0,4,2665.79177
0.87777776,44,2665.799819
0.0,2,2665.799819
0.86388886,49,2665.867691
0.89444447,38,2665.888802
0.9138889,31,2665.891241
0.8972222,37,2665.891241
0.71666664,102,2665.950613
0.9027778,35,2666.036351
0.90833336,33,2666.10012
0.8611111,50,2666.139952
0.725,99,2666.143171
0.9027778,35,2666.143171
0.89444447,38,2666.19198
0.88611114,41,2666.21966
0.85555553,52,2666.282569
0.0,2,2666.290261
0.9138889,31,2666.362408
0.88055557,43,2666.375296
0.8972222,37,2666.389944
0.0,11,2666.452919
0.86388886,49,2666.467553
0.8055556,70,2666.522488
0.0,10,2666.598529
0.8277778,62,2666.601856
0.9166667,30,2666.607582
0.8388889,58,2666.673638
0.87222224,46,2666.675851
0.7861111,77,2666.750686
0.8833333,42,2666.764833
0.0,16,2666.767394
0.0,2,2666.770941
0.85,54,2666.826221
0.0,26,2666.841094
0.0,10,2666.91432
0.8611111,50,2666.924891
0.9138889,31,2666.934623
0.85,54,2666.943767
0.8388889,58,2666.988808
0.89444447,38,2667.017361
0.88611114,41,2667.025934
0.88611114,41,2667.083162
0.86944443,47,2667.233837
0.86388886,49,2667.249756
0.0,6,2667.310382
0.8388889,58,2667.334433
0.86388886,49,2667.334433
0.85555553,52,2667.389866
0.8194444,65,2667.392928
0.84444445,56,2667.465378
0.9027778,35,2667.549833
0.90833336,33,2667.567567
0.89444447,38,2667.642822
0.6861111,113,2667.650279
0.81666666,66,2667.658791
0.8833333,42,2667.658791
0.85,54,2667.720651
0.89166665,39,2667.720651
0.91944444,29,2667.72943
0.9138889,31,2667.794408
0.0,30,2667.872322
0.9166667,30,2667.90132
0.88611114,41,2667.960609
0.0,6,2667.963739
0.875,45,2668.031833
0.8333333,60,2668.046619
0.8833333,42,2668.05659
0.0,8,2668.112844
0.8138889,67,2668.129436
0.8111111,68,2668.199526
0.0,13,2668.209771
0.8888889,40,2668.213586
0.0,15,2668.303495
0.88611114,41,2668.356931
0.89166665,39,2668.369524
0.82222223,64,2668.379597
0.0,2,2668.385645
0.8333333,60,2668.437582
0.0,2,2668.444593
0.74722224,91,2668.463365
0.8972222,37,2668.544225
0.8972222,37,2668.604853
0.8277778,62,2668.627586
0.8972222,37,2668.633401
0.0,2,2668.633401
0.8666667,48,2668.696781
0.0,17,2668.705428
0.7888889,76,2668.705428
0.0,2,2668.712847
0.8361111,59,2668.829841
0.85,54,2668.837899
0.0,2,2668.84465
0.88055557,43,2668.84769
0.90555555,34,2668.8576
0.9027778,35,2668.860369
0.9138889,31,2668.864379
0.0,15,2668.936607
0.0,2,2668.942132
0.8833333,42,2668.991576
0.8888889,40,2668.991576
0.90833336,33,2669.064763
0.9027778,35,2669.117409
0.89444447,38,2669.18947
0.89166665,39,2669.18947
0.85833335,51,2669.265565
0.88611114,41,2669.284518
0.86944443,47,2669.293053
0.0,4,2669.346886
0.8666667,48,2669.346886
0.88055557,43,2669.362854
0.0,4,2669.376407
0.0,37,2669.431398
0.89166665,39,2669.439142
0.8611111,50,2669.442517
0.8972222,37,2669.505727
0.0,10,2669.510239
0.0,2,2669.517655
0.8888889,40,2669.537538
0.90833336,33,2669.537538
0.0,10,2669.590387
0.88055557,43,2669.607624
0.9138889,31,2669.610705
0.85833335,51,2669.727394
0.91944444,29,2669.737778
0.86944443,47,2669.740884
0.8611111,50,2669.815201
0.88055557,43,2669.821736
0.90555555,34,2669.827602
0.0,2,2669.835422
0.87777776,44,2669.841944
0.9027778,35,2669.949716
0.85,54,2669.957457
0.0,2,2669.957457
0.8972222,37,2669.963494
0.875,45,2670.032687
0.0,11,2670.040318
0.0,39,2670.055721
0.88055557,43,2670.065967
0.0,4,2670.119412
0.88055557,43,2670.131638
0.875,45,2670.133644
0.0,2,2670.137651
0.9138889,31,2670.227516
0.86944443,47,2670.279415
0.0,2,2670.287432
0.8527778,53,2670.299746
0.8972222,37,2670.307481
0.89444447,38,2670.36964
0.85555553,52,2670.373217
0.0,14,2670.375131
0.8972222,37,2670.38551
0.0,12,2670.453587
0.8666667,48,2670.459671
0.8888889,40,2670.524734
0.88611114,41,2670.601913
0.86388886,49,2670.62235
0.88611114,41,2670.629983
0.0,4,2670.683719
0.8888889,40,2670.710404
0.90833336,33,2670.714413
0.875,45,2670.761366
0.8527778,53,2670.761366
0.0,11,2670.761366
0.8333333,60,2670.774351
0.0,9,2670.846838
0.0,2,2670.853406
0.0,17,2670.859262
0.88611114,41,2670.861334
0.0,4,2670.872175
0.8888889,40,2670.917748
0.0,13,2670.950408
0.0,2,2670.957596
0.9027778,35,2671.003723
0.0,4,2671.012368
0.88611114,41,2671.019657
0.89166665,39,2671.019657
0.85555553,52,2671.089591
0.8972222,37,2671.100428
0.9166667,30,2671.104438
0.9027778,35,2671.226622
0.8972222,37,2671.240849
0.87222224,46,2671.307741
0.90833336,33,2671.310174
0.81666666,66,2671.314186
0.8527778,53,2671.317467
0.86944443,47,2671.393975
0.91944444,29,2671.399658
0.0,6,2671.45559
0.82222223,64,2706.857437
0.88611114,41,2706.867505
0.88611114,41,2706.944735
0.85555553,52,2707.02013
0.8833333,42,2707.029631
0.8833333,42,2707.134361
0.88611114,41,2707.147386
0.8527778,53,2707.15344
0.7888889,76,2707.164154
0.775,81,2707.172471
0.8527778,53,2707.27735
0.87777776,44,2707.287595
0.80277777,71,2707.426081
0.8527778,53,2707.433214
0.8388889,58,2707.442827
0.84444445,56,2707.492184
0.8111111,68,2707.585405
0.8138889,67,2707.591687
0.8361111,59,2707.661701
0.89166665,39,2707.740495
0.7916667,75,2707.747518
0.84444445,56,2707.825094
0.81666666,66,2707.884531
0.875,45,2707.889944
0.87777776,44,2707.894752
0.89166665,39,2707.912058
0.0,26,2707.912058
0.7916667,75,2707.92259
0.88611114,41,2707.995937
0.8972222,37,2708.112437
0.90555555,34,2708.122854
0.875,45,2708.132996
0.8527778,53,2708.139203
0.8527778,53,2708.256079
0.82222223,64,2708.26031
0.85,54,2708.333797
0.8111111,68,2708.337957
0.88611114,41,2708.410722
0.85,54,2708.481483
0.85,54,2708.499661
0.8194444,65,2708.507705
0.87777776,44,2708.615139
0.825,63,2708.64339
0.8472222,55,2708.651716
0.81666666,66,2708.653722
0.86944443,47,2708.784792
0.8361111,59,2708.830769
0.85833335,51,2708.86151
0.8138889,67,2708.97483
0.89166665,39,2708.983218
0.8611111,50,2708.983218
0.88055557,43,2708.992667
0.8833333,42,2709.073296
0.8361111,59,2709.075908
0.88611114,41,2709.153585
0.8527778,53,2709.159799
0.89444447,38,2709.231019
0.875,45,2709.261308
0.84444445,56,2709.340415
0.8472222,55,2709.387825
0.86944443,47,2709.401497
0.8888889,40,2709.417691
0.88055557,43,2709.471562
0.83055556,61,2709.49001
0.85833335,51,2709.561043
0.8888889,40,2709.637543
0.86944443,47,2709.652496
0.8277778,62,2709.707747
0.875,45,2709.739072
0.84166664,57,2709.807369
0.87222224,46,2709.807369
0.82222223,64,2709.815413
0.88611114,41,2709.822858
0.87777776,44,2709.927479
0.9166667,30,2709.940813
0.875,45,2709.94947
0.87222224,46,2709.964168
0.90833336,33,2710.036222
0.89166665,39,2710.039533
0.88611114,41,2710.0476
0.8888889,40,2710.171487
0.89166665,39,2710.180666
0.83055556,61,2710.186717
0.9027778,35,2710.187722
0.90833336,33,2710.251535
0.85555553,52,2710.266674
0.89166665,39,2710.319034
0.88055557,43,2710.323048
0.90833336,33,2710.411398
0.88611114,41,2710.427786
0.88611114,41,2710.48488
0.875,45,2710.563737
0.8833333,42,2710.581486
0.8333333,60,2710.590889
0.8611111,50,2710.637534
0.85833335,51,2710.651473
0.8972222,37,2710.656165
0.8888889,40,2710.7905
0.8527778,53,2710.797397
0.8972222,37,2710.808372
0.8111111,68,2710.869499
0.87222224,46,2710.885479
0.84444445,56,2710.945583
0.8666667,48,2710.949335
0.825,63,2711.037421
0.88611114,41,2711.04966
0.88055557,43,2711.154546
0.88611114,41,2711.164224
0.84166664,57,2711.179855
0.8055556,70,2711.253847
0.85833335,51,2711.263024
0.83055556,61,2711.334985
0.86944443,47,2711.341532
0.86388886,49,2711.399786
0.85555553,52,2711.499699
0.8611111,50,2711.510171
0.88611114,41,2711.510171
0.875,45,2711.57591
0.81666666,66,2711.57946
0.8611111,50,2711.660252
0.8333333,60,2711.739809
0.88611114,41,2711.797489
0.875,45,2711.817745
0.8388889,58,2711.897767
0.8611111,50,2711.897767
0.7722222,82,2711.904704
0.80833334,69,2712.017463
0.88611114,41,2712.027625
0.8361111,59,2712.030655
0.85833335,51,2712.041514
0.87222224,46,2712.110323
0.86388886,49,2712.217667
0.8388889,58,2712.28271
0.88611114,41,2712.284717
0.87777776,44,2712.346432
0.8194444,65,2712.347439
0.8666667,48,2712.370719
0.85555553,52,2712.454743
0.9027778,35,2712.571034
0.8,72,2712.574966
0.86944443,47,2712.59516
0.89166665,39,2712.656474
0.87222224,46,2712.681452
0.88611114,41,2712.736642
0.9027778,35,2712.825217
0.0,26,2712.829811
0.8972222,37,2712.844607
0.78333336,78,2712.892763
0.8472222,55,2712.901894
0.8666667,48,2712.90699
0.89444447,38,2712.969397
0.8972222,37,2712.977138
0.91944444,29,2713.127554
0.85833335,51,2713.129577
0.86944443,47,2713.133585
0.88055557,43,2713.137731
0.8138889,67,2713.244533
0.84166664,57,2713.251567
0.825,63,2713.259185
0.8277778,62,2713.344621
0.9027778,35,2713.363054
0.89166665,39,2713.416737
0.8666667,48,2713.440112
0.89166665,39,2713.499815
0.84444445,56,2713.504453
0.88611114,41,2713.51611
0.88611114,41,2713.52164
0.87222224,46,2713.634405
0.8888889,40,2713.634405
0.87222224,46,2713.732841
0.8666667,48,2713.811327
0.8527778,53,2713.822436
0.9138889,31,2713.822436
0.81666666,66,2713.822436
0.8972222,37,2713.885719
0.85,54,2713.889471
0.8333333,60,2713.891556
0.90833336,33,2714.04982
0.8888889,40,2714.10377
0.88611114,41,2714.107586
0.8472222,55,2714.111625
0.86388886,49,2714.133011
0.86388886,49,2714.13612
0.8611111,50,2714.204415
0.86388886,49,2714.204415
0.89166665,39,2714.34081
0.88055557,43,2714.360991
0.875,45,2714.362995
0.87222224,46,2714.434394
0.84166664,57,2714.439447
0.8527778,53,2714.531167
0.79444444,74,2714.613027
0.80277777,71,2714.669441
0.86388886,49,2714.669441
0.88055557,43,2714.742692
0.8472222,55,2714.751425
0.86388886,49,2714.756144
0.81666666,66,2714.819842
0.86944443,47,2714.840649
0.875,45,2714.917
0.87777776,44,2714.96984
0.86944443,47,2714.980255
0.8888889,40,2715.006134
0.8888889,40,2715.075146
0.85833335,51,2715.078204
0.8361111,59,2715.139865
0.8611111,50,2715.169486
0.86944443,47,2715.247833
0.87777776,44,2715.264009
0.85833335,51,2715.317467
0.86944443,47,2715.40667
0.8833333,42,2715.413421
0.86388886,49,2715.415425
0.8472222,55,2715.541552
0.775,81,2715.547569
0.85833335,51,2715.552742
0.8527778,53,2715.614733
0.85555553,52,2715.625685
0.89444447,38,2715.633265
0.8527778,53,2715.722142
0.84166664,57,2715.786386
0.8972222,37,2715.787394
0.87777776,44,2715.864967
0.84166664,57,2715.943076
0.8611111,50,2715.953674
0.85,54,2715.958579
0.88611114,41,2716.041214
0.85833335,51,2716.090008
0.8138889,67,2716.099874
0.85833335,51,2716.113665
0.88055557,43,2716.164402
0.90833336,33,2716.185285
0.85555553,52,2716.271463
0.8472222,55,2716.335213
0.9111111,32,2716.342495
0.8527778,53,2716.415926
0.85833335,51,2716.429581
0.84444445,56,2716.435125
0.875,45,2716.501414
0.85,54,2716.511153
0.87777776,44,2716.647715
0.8611111,50,2716.660856
0.87777776,44,2716.719665
0.825,63,2716.720981
0.86944443,47,2716.742619
0.8972222,37,2716.746631
0.8833333,42,2716.75166
0.84166664,57,2716.817786
0.88055557,43,2716.935472
0.8611111,50,2716.947728
0.88611114,41,2716.950987
0.86944443,47,2716.969817
0.88611114,41,2717.009672
0.87222224,46,2717.061527
0.875,45,2717.065546
0.8833333,42,2717.22188
0.8333333,60,2717.22188
0.8833333,42,2717.235959
0.88055557,43,2717.235959
0.875,45,2717.306167
0.89166665,39,2717.312051
0.86388886,49,2717.364568
0.875,45,2717.369606
0.8833333,42,2717.503418
0.875,45,2717.525584
0.85555553,52,2717.533221
0.86388886,49,2717.580443
0.8972222,37,2717.593568
0.85833335,51,2717.667401
0.83055556,61,2717.692312
0.83055556,61,2717.74768
0.875,45,2717.842467
0.8527778,53,2717.846476
0.87222224,46,2717.855638
0.87222224,46,2717.912764
0.8833333,42,2717.931457
0.8888889,40,2717.994642
0.875,45,2718.027562
0.76944447,83,2718.101717
0.87777776,44,2718.159417
0.8972222,37,2718.163428
0.88611114,41,2718.232542
0.8388889,58,2718.260437
0.82222223,64,2718.267454
0.8527778,53,2718.333574
0.8972222,37,2718.40087
0.88611114,41,2718.404653
0.83055556,61,2718.463898
0.88055557,43,2718.487444
0.8333333,60,2718.557701
0.87777776,44,2718.563975
0.88611114,41,2718.581555
0.8527778,53,2718.627393
0.8388889,58,2718.776776
0.83055556,61,2718.784701
0.8527778,53,2718.78774
0.86944443,47,2718.790357
0.86944443,47,2718.861233
0.875,45,2718.879388
0.85,54,2718.887445
0.84166664,57,2718.957346
0.9138889,31,2719.079494
0.8666667,48,2719.083538
0.8527778,53,2719.092421
0.8527778,53,2719.101499
0.8611111,50,2719.167436
0.8361111,59,2719.169472
0.8666667,48,2719.18752
0.86944443,47,2719.261839
0.8972222,37,2719.352625
0.9,36,2719.41751
0.8527778,53,2719.432449
0.8388889,58,2719.483876
0.85,54,2719.49411
0.86944443,47,2719.511809
0.8611111,50,2719.590609
0.87222224,46,2719.656397
0.79444444,74,2719.65939
0.88055557,43,2719.744903
0.83055556,61,2719.815463
0.84166664,57,2719.817469
0.8666667,48,2719.828465
0.89166665,39,2719.880715
0.8277778,62,2719.899572
0.8888889,40,2719.914505
0.89444447,38,2719.987654
0.9027778,35,2720.053638
0.90833336,33,2720.062011
0.80833334,69,2720.130689
0.85555553,52,2720.149547
0.8833333,42,2720.195414
0.8527778,53,2720.214955
0.87777776,44,2720.222183
0.89166665,39,2756.021403
0.8972222,37,2756.045935
0.87777776,44,2756.11857
0.8833333,42,2756.14343
0.88055557,43,2756.212139
0.90833336,33,2756.229857
0.8888889,40,2756.232913
0.87777776,44,2756.280213
0.85,54,2756.298842
0.8888889,40,2756.384414
0.8666667,48,2756.397746
0.8527778,53,2756.522416
0.88611114,41,2756.526451
0.86944443,47,2756.527456
0.0,2,2756.532855
0.89166665,39,2756.545363
0.8527778,53,2756.620824
0.825,63,2756.689564
0.8611111,50,2756.709276
0.8666667,48,2756.714972
0.88055557,43,2756.808167
0.8611111,50,2756.87745
0.85555553,52,2756.892214
0.8472222,55,2756.985837
0.90833336,33,2756.990234
0.86388886,49,2757.00798
0.88611114,41,2757.061437
0.8527778,53,2757.086713
0.8666667,48,2757.17765
0.9027778,35,2757.241343
0.84166664,57,2757.313369
0.88055557,43,2757.331511
0.8527778,53,2757.335521
0.81666666,66,2757.400711
0.875,45,2757.402715
0.84166664,57,2757.405736
0.8888889,40,2757.475631
0.8972222,37,2757.487853
0.90833336,33,2757.617519
0.87777776,44,2757.633192
0.8277778,62,2757.709805
0.9,36,2757.713813
0.8888889,40,2757.713813
0.8611111,50,2757.715817
0.85,54,2757.735992
0.8111111,68,2757.786508
0.8972222,37,2757.875082
0.9027778,35,2757.951427
0.8472222,55,2757.961686
0.88611114,41,2757.970354
0.8833333,42,2758.017473
0.87777776,44,2758.043904
0.8833333,42,2758.049653
0.8361111,59,2758.114349
0.9,36,2758.123529
0.90833336,33,2758.208396
0.875,45,2758.261921
0.8972222,37,2758.261921
0.90833336,33,2758.282389
0.8972222,37,2758.289624
0.84166664,57,2758.351573
0.87222224,46,2758.413713
0.875,45,2758.422353
0.9138889,31,2758.437575
0.8972222,37,2758.495036
0.89444447,38,2758.515469
0.85555553,52,2758.52545
0.8888889,40,2758.567741
0.90833336,33,2758.572263
0.8888889,40,2758.667688
0.87222224,46,2758.781106
0.8527778,53,2758.784332
0.89444447,38,2758.786631
0.825,63,2758.793406
0.86944443,47,2758.81213
0.8472222,55,2758.885509
0.875,45,2758.953041
0.80277777,71,2758.963663
0.88611114,41,2759.043151
0.90833336,33,2759.043151
0.86388886,49,2759.105469
0.8527778,53,2759.121775
0.8333333,60,2759.195746
0.88055557,43,2759.267496
0.8972222,37,2759.292723
0.84166664,57,2759.351321
0.88055557,43,2759.355672
0.88611114,41,2759.367409
0.7916667,75,2759.381267
0.85,54,2759.492498
0.88611114,41,2759.525307
0.9,36,2759.53169
0.84444445,56,2759.584049
0.8972222,37,2759.607794
0.89166665,39,2759.667998
0.8611111,50,2759.672342
0.85555553,52,2759.680947
0.89166665,39,2759.74781
0.88611114,41,2759.811702
0.88611114,41,2759.81754
0.9111111,32,2759.825291
0.90833336,33,2759.850026
0.9027778,35,2759.906609
0.9027778,35,2759.915657
0.84166664,57,2759.930693
0.9138889,31,2760.013674
0.875,45,2760.06384
0.875,45,2760.093521
0.85,54,2760.167099
0.8972222,37,2760.183007
0.8666667,48,2760.237638
0.86944443,47,2760.246075
0.8472222,55,2760.251607
0.89166665,39,2760.315429
0.87777776,44,2760.337425
0.9,36,2760.414494
0.8388889,58,2760.497338
0.875,45,2760.511184
0.88611114,41,2760.511184
0.86944443,47,2760.563873
0.85,54,2760.567381
0.8833333,42,2760.577759
0.9,36,2760.581787
0.88611114,41,2760.759668
0.84444445,56,2760.767684
0.88611114,41,2760.772371
0.8972222,37,2760.772371
0.90555555,34,2760.777798
0.8833333,42,2760.793936
0.89444447,38,2760.793936
0.8611111,50,2760.841581
0.8972222,37,2761.027456
0.8833333,42,2761.047593
0.88611114,41,2761.047593
0.8666667,48,2761.109645
0.8833333,42,2761.111649
0.875,45,2761.121395
0.84166664,57,2761.127789
0.875,45,2761.131816
0.90555555,34,2761.29959
0.89166665,39,2761.29959
0.8666667,48,2761.31374
0.9027778,35,2761.317803
0.88611114,41,2761.329179
0.8666667,48,2761.332728
0.89444447,38,2761.335713
0.86388886,49,2761.422977
0.9027778,35,2761.55158
0.89444447,38,2761.563809
0.9027778,35,2761.584019
0.9027778,35,2761.590776
0.89444447,38,2761.638483
0.86944443,47,2761.656546
0.88611114,41,2761.735697
0.8277778,62,2761.746223
0.88611114,41,2761.823188
0.8666667,48,2761.89441
0.87222224,46,2761.912987
0.8611111,50,2761.91953
0.86944443,47,2761.922372
0.88055557,43,2761.969471
0.87777776,44,2762.053456
0.8888889,40,2762.083798
0.8361111,59,2762.15787
0.88611114,41,2762.163989
0.8888889,40,2762.22715
0.8833333,42,2762.237625
0.8833333,42,2762.24191
0.86388886,49,2762.250778
0.88055557,43,2762.329047
0.90555555,34,2762.463763
0.8666667,48,2762.476029
0.8333333,60,2762.486583
0.8972222,37,2762.489362
0.85555553,52,2762.538413
0.8611111,50,2762.552726
0.9027778,35,2762.559849
0.85555553,52,2762.572367
0.89444447,38,2762.699624
0.87777776,44,2762.767801
0.87222224,46,2762.793073
0.85555553,52,2762.841161
0.8527778,53,2762.850645
0.875,45,2762.850645
0.8472222,55,2762.937532
0.8888889,40,2762.951779
0.81666666,66,2762.955677
0.9027778,35,2763.067356
0.85833335,51,2763.085297
0.88055557,43,2763.101664
0.88055557,43,2763.101664
0.90833336,33,2763.174417
0.84166664,57,2763.177434
0.86944443,47,2763.247425
0.87777776,44,2763.249449
0.89166665,39,2763.368697
0.9111111,32,2763.377381
0.86944443,47,2763.379408
0.87222224,46,2763.395186
0.8388889,58,2763.400642
0.89166665,39,2763.400642
0.90555555,34,2763.461651
0.9,36,2763.464536
0.88055557,43,2763.660949
0.8611111,50,2763.660949
0.8833333,42,2763.664114
0.8666667,48,2763.681633
0.87777776,44,2763.683637
0.8388889,58,2763.73094
0.87222224,46,2763.735791
0.79444444,74,2763.827579
0.89444447,38,2763.906074
0.9027778,35,2763.917434
0.88055557,43,2763.922319
0.87777776,44,2763.986387
0.87777776,44,2763.995311
0.8333333,60,2764.055875
0.89166665,39,2764.074724
0.84166664,57,2764.077739
0.88055557,43,2764.185665
0.88611114,41,2764.194039
0.8527778,53,2764.299518
0.88055557,43,2764.301523
0.88611114,41,2764.31147
0.8361111,59,2764.385662
0.8666667,48,2764.395347
0.84444445,56,2764.45987
0.85833335,51,2764.532722
0.8833333,42,2764.557698
0.83055556,61,2764.61374
0.86388886,49,2764.618977
0.88611114,41,2764.638978
0.89166665,39,2764.68152
0.85,54,2764.691089
0.86388886,49,2764.789282
0.88055557,43,2764.864288
0.8472222,55,2764.877692
0.89166665,39,2764.942145
0.87777776,44,2764.947661
0.86388886,49,2765.007702
0.8388889,58,2765.015403
0.9027778,35,2765.0244
0.7916667,75,2765.107394
0.8833333,42,2765.180986
0.85833335,51,2765.195245
0.88055557,43,2765.252917
0.8972222,37,2765.259739
0.89166665,39,2765.274339
0.86944443,47,2765.328619
0.84166664,57,2765.334707
0.8972222,37,2765.377461
0.85833335,51,2765.526144
0.88055557,43,2765.53169
0.88611114,41,2765.53169
0.9027778,35,2765.587448
0.8472222,55,2765.598543
0.9027778,35,2765.604021
0.86944443,47,2765.611374
0.84444445,56,2765.6957
0.89444447,38,2765.78162
0.9,36,2765.838718
0.9,36,2765.859799
0.8666667,48,2765.86491
0.86388886,49,2765.867418
0.88055557,43,2765.871173
0.88055557,43,2765.98945
0.83055556,61,2766.003747
0.90833336,33,2766.080329
0.8666667,48,2766.088999
0.88055557,43,2766.14963
0.86944443,47,2766.167807
0.84166664,57,2766.171572
0.8527778,53,2766.231257
0.87222224,46,2766.314246
0.8888889,40,2766.329941
0.8333333,60,2766.386995
0.86388886,49,2766.407597
0.87777776,44,2766.410439
0.875,45,2766.477395
0.8888889,40,2766.484931
0.86388886,49,2766.49546
0.9,36,2766.553864
0.875,45,2766.639288
0.9027778,35,2766.649464
0.8666667,48,2766.707644
0.89166665,39,2766.732003
0.85833335,51,2766.783708
0.88611114,41,2766.794901
0.9027778,35,2766.794901
0.83055556,61,2766.884711
0.9,36,2766.895139
0.8611111,50,2766.97158
0.87222224,46,2767.038732
0.8972222,37,2767.051542
0.88055557,43,2767.069569
0.85555553,52,2767.127426
0.85833335,51,2767.132492
0.87777776,44,2767.21754
0.85,54,2767.281871
0.88055557,43,2767.293684
0.9027778,35,2767.293684
0.875,45,2767.312859
0.86388886,49,2767.416823
0.86388886,49,2767.430514
0.8666667,48,2767.430514
0.88611114,41,2767.454095
0.88055557,43,2767.540139
0.86944443,47,2767.593349
0.875,45,2767.605628
0.8138889,67,2767.695685
0.88611114,41,2767.699769
0.88055557,43,2767.705604
0.85555553,52,2767.761846
0.9027778,35,2767.780994
0.90833336,33,2767.838918
0.8472222,55,2767.845858
0.85555553,52,2767.931685
0.9,36,2767.937697
0.89444447,38,2767.942101
0.88055557,43,2768.009865
0.89166665,39,2768.071129
0.875,45,2768.071129
0.9027778,35,2768.077358
0.88055557,43,2768.149416
0.89166665,39,2768.179811
0.8972222,37,2768.179811
0.9027778,35,2768.251564
0.8666667,48,2768.271451
0.8972222,37,2768.333339
0.875,45,2768.362996
0.9138889,31,2768.42501
0.8472222,55,2768.4422
0.85833335,51,2768.501427
0.8611111,50,2768.56742
0.88611114,41,2768.579508
0.85555553,52,2768.597795
0.87777776,44,2768.601846
0.8972222,37,2768.60385
0.91944444,29,2768.661024
0.8527778,53,2768.761416
0.89166665,39,2768.815686
0.8611111,50,2768.82642
0.9027778,35,2768.83693
0.8972222,37,2768.838952
0.84444445,56,2768.922287
0.8666667,48,2768.922287
0.89166665,39,2769.044906
0.89166665,39,2769.104144
0.8527778,53,2769.11272
0.86388886,49,2769.134045
0.78055555,79,2769.134045
0.8527778,53,2769.13605
0.89444447,38,2769.18442
0.8527778,53,2769.269423
0.875,45,2769.349437
0.86944443,47,2769.427711
0.8611111,50,2769.430744
0.88611114,41,2769.430744
0.89166665,39,2769.434785
0.87777776,44,2769.440699
0.86388886,49,2769.499485
0.85555553,52,2802.671943
0.87777776,44,2802.681688
0.90833336,33,2802.723408
0.89166665,39,2802.745075
0.8833333,42,2802.751636
0.8666667,48,2802.819369
0.86388886,49,2802.82772
0.88055557,43,2802.82772
0.90833336,33,2802.897509
0.9027778,35,2802.911577
0.90555555,34,2802.911577
0.9027778,35,2802.985683
0.8888889,40,2802.996978
0.89166665,39,2803.062588
0.86388886,49,2803.144392
0.8972222,37,2803.153463
0.8666667,48,2803.215735
0.8388889,58,2803.215735
0.90555555,34,2803.225799
0.8666667,48,2803.232344
0.88611114,41,2803.279217
0.87222224,46,2803.37418
0.90833336,33,2803.37418
0.9,36,2803.39286
0.90833336,33,2803.44574
0.9,36,2803.475099
0.89166665,39,2803.477609
0.88055557,43,2803.520281
0.8972222,37,2803.52741
0.9027778,35,2803.620143
0.90833336,33,2803.633662
0.87777776,44,2803.691225
0.89444447,38,2803.700692
0.8888889,40,2803.786936
0.875,45,2803.803548
0.87222224,46,2803.803548
0.90833336,33,2803.859577
0.88611114,41,2803.962817
0.9027778,35,2803.969879
0.81666666,66,2803.981378
0.88611114,41,2803.992018
0.9027778,35,2804.080131
0.875,45,2804.138633
0.8833333,42,2804.144511
0.8833333,42,2804.156257
0.89166665,39,2804.242392
0.86388886,49,2804.295601
0.8666667,48,2804.303672
0.8388889,58,2804.377717
0.88611114,41,2804.379738
0.89166665,39,2804.392793
0.8888889,40,2804.39945
0.87777776,44,2804.466148
0.90555555,34,2804.534379
0.8888889,40,2804.539033
0.8888889,40,2804.565366
0.9,36,2804.620678
0.90833336,33,2804.624525
0.89166665,39,2804.630767
0.89166665,39,2804.654117
0.9138889,31,2804.727736
0.8972222,37,2804.787717
0.8611111,50,2804.801856
0.88611114,41,2804.868022
0.90555555,34,2804.873721
0.9138889,31,2804.883942
0.88055557,43,2804.893757
0.86944443,47,2804.94943
0.88611114,41,2805.031657
0.90833336,33,2805.036501
0.89166665,39,2805.044339
0.90833336,33,2805.061821
0.9027778,35,2805.13542
0.90833336,33,2805.145661
0.88611114,41,2805.157855
0.87222224,46,2805.203917
0.9027778,35,2805.315661
0.88611114,41,2805.315661
0.86388886,49,2805.379546
0.85555553,52,2805.393664
0.89166665,39,2805.404717
0.9027778,35,2805.410475
0.89444447,38,2805.455288
0.88611114,41,2805.467578
0.9027778,35,2805.567451
0.9027778,35,2805.641405
0.875,45,2805.643474
0.88055557,43,2805.653858
0.9,36,2805.65963
0.9,36,2805.661636
0.8888889,40,2805.717784
0.8972222,37,2805.717784
0.90833336,33,2805.799709
0.9138889,31,2805.862946
0.9138889,31,2805.865607
0.90833336,33,2805.889811
0.9027778,35,2805.895479
0.8833333,42,2805.98973
0.8666667,48,2805.991741
0.9111111,32,2806.039666
0.86388886,49,2806.053576
0.89444447,38,2806.132283
0.89166665,39,2806.159771
0.8666667,48,2806.205032
0.91944444,29,2806.220883
0.86944443,47,2806.224916
0.9027778,35,2806.304165
0.87777776,44,2806.327055
0.86944443,47,2806.327055
0.89166665,39,2806.403506
0.89444447,38,2806.477597
0.88055557,43,2806.493038
0.8972222,37,2806.497452
0.85833335,51,2806.59353
0.9027778,35,2806.597412
0.88055557,43,2806.605317
0.9027778,35,2806.725327
0.88055557,43,2806.725327
0.84444445,56,2806.738714
0.89166665,39,2806.751974
0.89444447,38,2806.751974
0.9166667,30,2806.824486
0.8972222,37,2806.835044
0.86388886,49,2806.917549
0.8972222,37,2806.986274
0.9027778,35,2806.995098
0.8888889,40,2806.999946
0.9138889,31,2807.063719
0.8833333,42,2807.077584
0.89444447,38,2807.109771
0.9111111,32,2807.169723
0.9027778,35,2807.254658
0.8194444,65,2807.259772
0.8833333,42,2807.287678
0.8972222,37,2807.339903
0.89166665,39,2807.355402
0.8972222,37,2807.419986
0.84444445,56,2807.423591
0.8888889,40,2807.448783
0.89166665,39,2807.519886
0.88055557,43,2807.535943
0.8972222,37,2807.543517
0.89166665,39,2807.602556
0.89166665,39,2807.621158
0.90833336,33,2807.623195
0.8972222,37,2807.680319
0.88055557,43,2807.767644
0.9138889,31,2807.804728
0.89166665,39,2807.809775
0.88055557,43,2807.896118
0.0,11,2807.900176
0.8888889,40,2807.96795
0.8666667,48,2807.974579
0.875,45,2807.981957
0.8833333,42,2807.983965
0.89166665,39,2808.063552
0.90833336,33,2808.127428
0.87777776,44,2808.131193
0.89166665,39,2808.147656
0.9,36,2808.21091
0.9027778,35,2808.224682
0.89444447,38,2808.237618
0.86944443,47,2808.300162
0.89166665,39,2808.317386
0.9027778,35,2808.377506
0.89444447,38,2808.382653
0.9,36,2808.457657
0.87777776,44,2808.461684
0.90833336,33,2808.475102
0.8888889,40,2808.48325
0.90555555,34,2808.609347
0.89166665,39,2808.619457
0.8611111,50,2808.619457
0.9138889,31,2808.634308
0.8611111,50,2808.637821
0.88055557,43,2808.713846
0.0,22,2808.774091
0.88055557,43,2808.777641
0.84444445,56,2808.867548
0.89166665,39,2808.88143
0.90833336,33,2808.893782
0.8888889,40,2808.899999
0.86944443,47,2808.989641
0.89166665,39,2809.041324
0.88055557,43,2809.077775
0.87777776,44,2809.125313
0.8972222,37,2809.142871
0.9138889,31,2809.14739
0.89444447,38,2809.161783
0.9,36,2809.167663
0.8972222,37,2809.263019
0.89166665,39,2809.317397
0.9027778,35,2809.338979
0.90833336,33,2809.389426
0.9138889,31,2809.401474
0.8972222,37,2809.408789
0.89166665,39,2809.424576
0.86944443,47,2809.429642
0.8833333,42,2809.559676
0.9027778,35,2809.571888
0.89444447,38,2809.571888
0.90555555,34,2809.617833
0.8388889,58,2809.643503
0.9027778,35,2809.651408
0.87777776,44,2809.699496
0.8888889,40,2809.705009
0.9027778,35,2809.803068
0.9027778,35,2809.809904
0.88611114,41,2809.871638
0.8888889,40,2809.875117
0.9027778,35,2809.94571
0.8833333,42,2809.955256
0.87222224,46,2809.963784
0.90833336,33,2810.042828
0.84444445,56,2810.059541
0.9,36,2810.065045
0.88611114,41,2810.144455
0.875,45,2810.205564
0.88055557,43,2810.243108
0.86944443,47,2810.302717
0.85555553,52,2810.302717
0.89444447,38,2810.307736
0.9,36,2810.319599
0.9138889,31,2810.375503
0.8611111,50,2810.39785
0.89166665,39,2810.463153
0.9027778,35,2810.55173
0.8888889,40,2810.55173
0.86388886,49,2810.602274
0.8833333,42,2810.607792
0.9027778,35,2810.615602
0.85555553,52,2810.633551
0.8972222,37,2810.684839
0.89166665,39,2810.709554
0.8972222,37,2810.79577
0.9027778,35,2810.799503
0.9027778,35,2810.850693
0.88055557,43,2810.857795
0.8888889,40,2810.860919
0.9138889,31,2810.865755
0.9027778,35,2810.870989
0.86944443,47,2811.00764
0.9027778,35,2811.012476
0.89444447,38,2811.070359
0.0,11,2811.087503
0.8972222,37,2811.094285
0.87222224,46,2811.155156
0.87222224,46,2811.159624
0.86388886,49,2811.159624
0.875,45,2811.167399
0.88055557,43,2811.304351
0.9027778,35,2811.314346
0.88055557,43,2811.316351
0.9138889,31,2811.323615
0.90833336,33,2811.37008
0.8972222,37,2811.381428
0.9,36,2811.390972
0.0,4,2811.399879
0.80833334,69,2811.544983
0.90555555,34,2811.565651
0.9,36,2811.565651
0.90555555,34,2811.572802
0.88611114,41,2811.624365
0.875,45,2811.629797
0.9138889,31,2811.634354
0.88055557,43,2811.713884
0.89444447,38,2811.817553
0.9027778,35,2811.827588
0.88611114,41,2811.89256
0.8972222,37,2811.90162
0.87777776,44,2811.913061
0.8611111,50,2811.999434
0.84444445,56,2812.024695
0.86944443,47,2812.037749
0.89166665,39,2812.117701
0.88055557,43,2812.205933
0.87222224,46,2812.20947
0.88055557,43,2812.259754
0.9027778,35,2812.264004
0.8388889,58,2812.269541
0.88611114,41,2812.346997
0.88611114,41,2812.35756
0.9166667,30,2812.490088
0.86944443,47,2812.497611
0.8972222,37,2812.505237
0.9027778,35,2812.554516
0.89444447,38,2812.569
0.87777776,44,2812.573013
0.8972222,37,2812.649322
0.9027778,35,2812.653336
0.9027778,35,2812.749768
0.9111111,32,2812.819833
0.88055557,43,2812.823746
0.89444447,38,2812.83129
0.875,45,2812.841091
0.8972222,37,2812.905613
0.89166665,39,2812.908407
0.8361111,59,2812.924658
0.9111111,32,2813.029476
0.87222224,46,2813.044179
0.89166665,39,2813.049736
0.90833336,33,2813.053745
0.9,36,2813.053745
0.89166665,39,2813.13334
0.8972222,37,2813.14668
0.85833335,51,2813.217835
0.9138889,31,2813.280092
0.9027778,35,2813.300027
0.9027778,35,2813.300027
0.88055557,43,2813.302034
0.8833333,42,2813.311637
0.8972222,37,2813.393588
0.88611114,41,2813.463828
0.9027778,35,2813.530628
0.875,45,2813.550171
0.8972222,37,2813.557529
0.9,36,2813.557529
0.87777776,44,2813.620746
0.875,45,2813.638823
0.89166665,39,2813.651589
0.9111111,32,2813.764584
0.86944443,47,2813.794819
0.8388889,58,2813.844873
0.90833336,33,2813.851848
0.85833335,51,2813.869837
0.9,36,2813.872692
0.8388889,58,2813.924653
0.85555553,52,2813.932425
0.8666667,48,2814.065741
0.9027778,35,2814.065741
0.8888889,40,2814.076202
0.8972222,37,2814.137661
0.85833335,51,2814.145291
0.9027778,35,2814.145291
0.88611114,41,2814.149907
0.0,11,2814.227473
0.87777776,44,2814.230711
0.91944444,29,2814.247849
0.9027778,35,2814.310393
0.90555555,34,2814.317861
0.90555555,34,2814.365871
0.89444447,38,2814.432607
0.8611111,50,2814.509581
0.8833333,42,2814.521527
0.86944443,47,2814.573232
0.89166665,39,2814.593662
0.86944443,47,2814.599297
0.8888889,40,2814.599881
0.88055557,43,2814.670728
0.89166665,39,2814.677782
0.90833336,33,2814.752787
0.89444447,38,2814.757833
0.9027778,35,2814.838256
0.8833333,42,2814.853888
0.86388886,49,2814.899933
0.87222224,46,2814.914736
0.87222224,46,2814.994588
0.87222224,46,2814.999676
0.88611114,41,2815.015899
0.88611114,41,2815.06071
0.9,36,2815.085335
0.0,11,2815.091872
0.89166665,39,2815.147971
0.8888889,40,2815.157769
0.8888889,40,2815.1716
0.9027778,35,2815.257684
0.86944443,47,2815.315526
0.8611111,50,2815.319613
0.90833336,33,2815.385037
0.8833333,42,2815.387547
0.8972222,37,2815.387547
0.875,45,2815.394378
0.8666667,48,2815.485481
0.9,36,2815.551639
0.9,36,2815.630213
0.89444447,38,2815.633462
0.8472222,55,2815.635468
0.8611111,50,2815.639499
0.8666667,48,2815.701805
0.85555553,52,2815.723685
0.89444447,38,2815.737503
0.875,45,2815.844326
0.9138889,31,2815.848469
0.88055557,43,2815.926013
0.8972222,37,2815.935018
0.8611111,50,2815.947664
0.89444447,38,2815.956688
0.8361111,59,2816.017867
0.8833333,42,2816.022243
0.89166665,39,2816.106464
0.875,45,2816.121833
0.9111111,32,2816.125074
0.8888889,40,2816.183806
0.8972222,37,2816.192583
0.8972222,37,2816.201629
0.89166665,39,2816.273855
0.88055557,43,2816.324344
0.8972222,37,2816.344616
0.9027778,35,2816.35519
0.90555555,34,2816.35519
0.9138889,31,2816.411997
0.9027778,35,2816.417592
0.8972222,37,2816.438503
0.9111111,32,2816.49341
0.9027778,35,2816.517551
0.91944444,29,2816.569766
0.9111111,32,2816.580752
0.8972222,37,2816.586298
0.90833336,33,2816.669574
0.88055557,43,2816.672727
0.9027778,35,2816.727617
0.86388886,49,2816.735711
0.90555555,34,2816.747701
0.0,11,2852.027581
0.0,15,2852.031614
0.89166665,39,2852.043476
0.88055557,43,2852.044711
0.88055557,43,2852.106099
0.9138889,31,2852.111473
0.9166667,30,2852.197522
0.875,45,2852.207862
0.9111111,32,2852.272271
0.9138889,31,2852.272271
0.0,2,2852.279817
0.88611114,41,2852.286754
0.90833336,33,2852.294197
0.88055557,43,2852.327867
0.9,36,2852.337745
0.90833336,33,2852.395667
0.9,36,2852.414902
0.0,9,2852.423557
0.9138889,31,2852.429446
0.9138889,31,2852.465735
0.9166667,30,2852.472301
0.9138889,31,2852.484622
0.9027778,35,2852.493093
0.9138889,31,2852.493093
0.91944444,29,2852.595231
0.9138889,31,2852.60771
0.8888889,40,2852.619772
0.9027778,35,2852.665586
0.9138889,31,2852.673839
0.88611114,41,2852.677412
0.9027778,35,2852.686912
0.89444447,38,2852.687422
0.90833336,33,2852.763575
0.90833336,33,2852.823429
0.9138889,31,2852.843027
0.9138889,31,2852.893352
0.90833336,33,2852.902986
0.9138889,31,2852.907503
0.9027778,35,2852.919816
0.85555553,52,2852.974732
0.91944444,29,2852.980879
0.9027778,35,2853.049587
0.9138889,31,2853.057827
0.9138889,31,2853.067403
0.90833336,33,2853.117744
0.9138889,31,2853.129425
0.89444447,38,2853.139767
0.91944444,29,2853.142862
0.90555555,34,2853.197868
0.9138889,31,2853.225598
0.90833336,33,2853.225598
0.9138889,31,2853.269744
0.91944444,29,2853.29147
0.90833336,33,2853.295572
0.91944444,29,2853.301608
0.91944444,29,2853.360411
0.8833333,42,2853.411605
0.9138889,31,2853.427613
0.9138889,31,2853.489897
0.8972222,37,2853.489897
0.9111111,32,2853.497523
0.8833333,42,2853.497523
0.89444447,38,2853.557536
0.9027778,35,2853.57312
0.9138889,31,2853.625445
0.9,36,2853.625445
0.9138889,31,2853.654776
0.90833336,33,2853.69777
0.0,2,2853.70493
0.90833336,33,2853.70493
0.9027778,35,2853.71254
0.9,36,2853.809826
0.8972222,37,2853.832002
0.9138889,31,2853.834008
0.9027778,35,2853.881772
0.9138889,31,2853.911678
0.9,36,2853.913682
0.90833336,33,2853.917689
0.9138889,31,2853.917689
0.9138889,31,2853.981565
0.9111111,32,2854.038406
0.9138889,31,2854.038406
0.9,36,2854.099583
0.9138889,31,2854.117791
0.89444447,38,2854.13782
0.8972222,37,2854.13782
0.8972222,37,2854.174547
0.0,2,2854.181637
0.8972222,37,2854.201435
0.9027778,35,2854.263545
0.9027778,35,2854.263545
0.0,2,2854.268671
0.90833336,33,2854.286206
0.91944444,29,2854.293093
0.9027778,35,2854.36291
0.9027778,35,2854.36291
0.90833336,33,2854.364945
0.0,2,2854.406666
0.8972222,37,2854.43363
0.90833336,33,2854.435635
0.90555555,34,2854.481401
0.0,2,2854.485994
0.90555555,34,2854.496841
0.9,36,2854.507757
0.9138889,31,2854.559786
0.9111111,32,2854.566422
0.9138889,31,2854.573574
0.90555555,34,2854.647601
0.9138889,31,2854.653929
0.89166665,39,2854.69786
0.9166667,30,2854.69786
0.9138889,31,2854.715431
0.91944444,29,2854.727712
0.0,13,2854.768083
0.9111111,32,2854.784421
0.88055557,43,2854.850506
0.91944444,29,2854.854732
0.91944444,29,2854.866647
0.90833336,33,2854.87853
0.9111111,32,2854.927637
0.9138889,31,2854.944383
0.8972222,37,2854.956269
0.9111111,32,2854.996006
0.8972222,37,2855.083937
0.8888889,40,2855.090436
0.8972222,37,2855.099486
0.9027778,35,2855.107833
0.90555555,34,2855.153484
0.91944444,29,2855.153484
0.90833336,33,2855.181082
0.90833336,33,2855.185096
0.9,36,2855.305629
0.90833336,33,2855.30966
0.9027778,35,2855.30966
0.91944444,29,2855.313668
0.9027778,35,2855.321702
0.9027778,35,2855.335737
0.9027778,35,2855.399654
0.9,36,2855.406814
0.90833336,33,2855.519767
0.90833336,33,2855.534189
0.8972222,37,2855.534189
0.8972222,37,2855.5377
0.89166665,39,2855.538118
0.89444447,38,2855.617613
0.9138889,31,2855.6214
0.88611114,41,2855.703001
0.9138889,31,2855.72276
0.91944444,29,2855.729424
0.9166667,30,2855.733431
0.9138889,31,2855.782532
0.8972222,37,2855.802986
0.9,36,2855.864528
0.9027778,35,2855.864528
0.9166667,30,2855.961747
0.90833336,33,2855.963753
0.89166665,39,2855.963753
0.9138889,31,2855.973696
0.9138889,31,2856.031798
0.88611114,41,2856.037548
0.0,13,2856.04451
0.9138889,31,2856.052474
0.90555555,34,2856.061841
0.0,11,2856.117819
0.91944444,29,2856.1461
0.91944444,29,2856.191004
0.8972222,37,2856.205096
0.9138889,31,2856.275434
0.8972222,37,2856.284234
0.90833336,33,2856.29132
0.9138889,31,2856.294534
0.9111111,32,2856.309767
0.91944444,29,2856.367524
0.9027778,35,2856.438614
0.9138889,31,2856.465899
0.89166665,39,2856.465899
0.9,36,2856.527883
0.9027778,35,2856.529907
0.9,36,2856.5395
0.90833336,33,2856.547522
0.9,36,2856.612176
0.9111111,32,2856.627714
0.9138889,31,2856.691372
0.90833336,33,2856.697524
0.90833336,33,2856.763025
0.9138889,31,2856.767538
0.0,2,2856.776815
0.9138889,31,2856.776815
0.9,36,2856.781184
0.9,36,2856.856009
0.90555555,34,2856.865558
0.9111111,32,2856.883547
0.9,36,2856.947401
0.9111111,32,2856.966579
0.91944444,29,2856.969606
0.9138889,31,2856.976608
0.88055557,43,2857.057058
0.9111111,32,2857.059595
0.90833336,33,2857.127629
0.88611114,41,2857.135668
0.90833336,33,2857.190361
0.9138889,31,2857.195083
0.9138889,31,2857.199613
0.9027778,35,2857.206929
0.91944444,29,2857.331848
0.89166665,39,2857.331848
0.87777776,44,2857.351689
0.90833336,33,2857.354758
0.91944444,29,2857.362855
0.9138889,31,2857.364894
0.9,36,2857.417611
0.89166665,39,2857.442575
0.9138889,31,2857.515693
0.90833336,33,2857.524099
0.90833336,33,2857.587494
0.9138889,31,2857.587494
0.8972222,37,2857.597866
0.0,2,2857.607455
0.89444447,38,2857.661803
0.89166665,39,2857.676931
0.8972222,37,2857.697569
0.9111111,32,2857.759968
0.9027778,35,2857.777402
0.90833336,33,2857.857272
0.88611114,41,2857.857879
0.8833333,42,2857.859913
0.89166665,39,2857.907451
0.90555555,34,2857.949672
0.91944444,29,2857.954886
0.91944444,29,2857.979922
0.91944444,29,2858.033552
0.9138889,31,2858.124387
0.9138889,31,2858.131447
0.90555555,34,2858.135454
0.9027778,35,2858.135454
0.9138889,31,2858.139567
0.90555555,34,2858.196043
0.90833336,33,2858.210494
0.91944444,29,2858.214505
0.9138889,31,2858.344206
0.90833336,33,2858.36327
0.8972222,37,2858.37749
0.91944444,29,2858.382058
0.90555555,34,2858.424829
0.8888889,40,2858.429865
0.8888889,40,2858.432813
0.88611114,41,2858.507626
0.9138889,31,2858.535733
0.9027778,35,2858.610076
0.9166667,30,2858.612082
0.9138889,31,2858.623483
0.9111111,32,2858.623483
0.9138889,31,2858.627496
0.875,45,2858.701542
0.9027778,35,2858.71385
0.91944444,29,2858.759871
0.91944444,29,2858.792634
0.9138889,31,2858.851162
0.9027778,35,2858.851162
0.9166667,30,2858.851162
0.9027778,35,2858.865448
0.9138889,31,2858.92947
0.90833336,33,2858.954912
0.88611114,41,2859.021816
0.9111111,32,2859.027653
0.91944444,29,2859.032851
0.90555555,34,2859.091405
0.9027778,35,2859.095597
0.9138889,31,2859.095597
0.91944444,29,2859.113225
0.9027778,35,2859.197674
0.9138889,31,2859.254471
0.90555555,34,2859.260398
0.9027778,35,2859.275482
0.9138889,31,2859.280046
0.9111111,32,2859.284076
0.90833336,33,2859.288612
0.89444447,38,2859.363327
0.9166667,30,2859.432143
0.91944444,29,2859.432143
0.89166665,39,2859.44415
0.9138889,31,2859.502196
0.9166667,30,2859.504873
0.9166667,30,2859.50748
0.90555555,34,2859.50748
0.9111111,32,2859.590134
0.91944444,29,2859.653661
0.9138889,31,2859.731652
0.88055557,43,2859.740302
0.90833336,33,2859.74231
0.9027778,35,2859.744316
0.89166665,39,2859.755062
0.85833335,51,2859.821807
0.90833336,33,2859.821807
0.91944444,29,2859.91079
0.8833333,42,2859.912857
0.91944444,29,2859.916866
0.91944444,29,2859.919897
0.90833336,33,2859.929553
0.90833336,33,2860.009987
0.88055557,43,2860.056556
0.8833333,42,2860.077623
0.91944444,29,2860.083742
0.91944444,29,2860.085747
0.9111111,32,2860.137782
0.9,36,2860.163709
0.8888889,40,2860.211602
0.91944444,29,2860.227416
0.8972222,37,2860.29972
0.91944444,29,2860.304464
0.9138889,31,2860.304464
0.90555555,34,2860.37887
0.9138889,31,2860.397003
0.875,45,2860.40154
0.90833336,33,2860.407571
0.9,36,2860.46983
0.91944444,29,2860.485768
0.9138889,31,2860.492973
0.89166665,39,2860.554695
0.9166667,30,2860.56317
0.91944444,29,2860.626225
0.89166665,39,2860.651577
0.91944444,29,2860.705923
0.8972222,37,2860.71348
0.90555555,34,2860.715483
0.85833335,51,2860.727598
0.9138889,31,2860.784127
0.0,2,2860.791659
0.9,36,2860.793665
0.90833336,33,2860.81578
0.9,36,2860.933616
0.90833336,33,2860.945289
0.0,4,2860.947793
0.89444447,38,2860.950994
0.89166665,39,2860.950994
0.87222224,46,2860.954054
0.9138889,31,2860.960768
0.9138889,31,2861.023567
0.0,11,2861.032661
0.88611114,41,2861.050967
0.9138889,31,2861.159447
0.9138889,31,2861.165952
0.90555555,34,2861.171499
0.8972222,37,2861.186677
0.8972222,37,2861.230907
0.9111111,32,2861.240163
0.90555555,34,2861.249616
0.9111111,32,2861.255032
0.9138889,31,2861.343076
0.9138889,31,2861.413807
0.91944444,29,2861.413807
0.9138889,31,2861.427426
0.88055557,43,2861.42945
0.9166667,30,2861.433458
0.87222224,46,2861.487821
0.87777776,44,2861.56272
0.9027778,35,2861.579546
0.91944444,29,2861.590582
0.91944444,29,2861.590582
0.90833336,33,2861.659774
0.8972222,37,2861.715496
0.88611114,41,2861.724165
0.8833333,42,2861.746851
0.91944444,29,2861.807403
0.9138889,31,2861.814154
0.8972222,37,2861.822695
0.87777776,44,2861.829888
0.91944444,29,2861.87758
0.91944444,29,2861.896243
0.9138889,31,2861.913278
0.91944444,29,2861.974546
0.91944444,29,2862.011878
0.90833336,33,2862.064526
0.91944444,29,2862.088118
0.9027778,35,2862.114988
0.89166665,39,2862.126774
0.9138889,31,2862.167822
0.9138889,31,2862.180806
0.9138889,31,2862.197447
0.0,2,2862.204732
0.90833336,33,2862.269593
0.9138889,31,2862.269593
0.9,36,2862.34979
0.0,11,2862.351794
0.90833336,33,2862.351794
0.9111111,32,2862.359832
0.9166667,30,2862.367388
0.89444447,38,2862.414194
0.9027778,35,2862.454689
0.0,12,2862.454689
0.90833336,33,2862.515583
0.91944444,29,2862.582472
0.90555555,34,2862.592716
0.90555555,34,2862.592716
0.91944444,29,2862.599571
0.89444447,38,2862.601577
0.0,2,2862.606756
0.90833336,33,2862.683775
0.9027778,35,2862.690004
0.9138889,31,2862.695021
0.90833336,33,2862.806184
0.8888889,40,2862.819818
0.9,36,2862.829319
0.89444447,38,2862.833362
0.87777776,44,2862.884152
0.9027778,35,2862.905886
0.0,4,2862.917798
0.89444447,38,2862.920699
0.89166665,39,2862.974766
0.8972222,37,2863.061623
0.9027778,35,2863.067685
0.9027778,35,2863.081273
0.9111111,32,2863.084328
0.9,36,2863.087858
0.9027778,35,2863.173385
0.8972222,37,2863.175536
0.8972222,37,2863.234362
0.9138889,31,2863.260078
0.90833336,33,2863.260078
0.91944444,29,2863.309624
0.9,36,2863.333506
0.90555555,34,2863.333506
0.91944444,29,2863.403821
0.9138889,31,2863.405857
0.9027778,35,2863.477622
0.90833336,33,2863.496022
0.90833336,33,2863.500762
0.91944444,29,2863.549128
0.87777776,44,2863.572108
0.88611114,41,2863.628196
0.9138889,31,2863.628196
0.9027778,35,2863.640313
0.9138889,31,2863.723638
0.90833336,33,2863.723638
0.8833333,42,2863.733686
0.90555555,34,2863.741977
0.9166667,30,2863.794565
0.9166667,30,2863.812695
0.90833336,33,2863.870735
0.8972222,37,2863.875912
0.90833336,33,2863.95758
0.90833336,33,2863.95758
0.90833336,33,2863.969561
0.9166667,30,2863.979861
0.90555555,34,2863.9819
0.9027778,35,2864.054986
0.91944444,29,2864.054986
0.9138889,31,2864.065211
0.91944444,29,2864.177482
0.89444447,38,2864.192853
0.8888889,40,2864.199672
0.8972222,37,2864.199672
0.89166665,39,2864.215588
0.9138889,31,2864.257727
0.9138889,31,2864.257727
0.89166665,39,2864.294481
0.9138889,31,2864.40274
0.90833336,33,2864.40274
0.9166667,30,2864.417714
0.9166667,30,2864.423814
0.8972222,37,2864.427441
0.875,45,2864.432814
0.9138889,31,2864.500741
0.875,45,2864.509565
0.9138889,31,2864.58124
0.90833336,33,2864.58525
0.91944444,29,2864.588166
0.9138889,31,2864.633621
0.88611114,41,2864.723595
0.8972222,37,2864.741793
0.86388886,49,2864.745802
0.9027778,35,2864.745802
0.91944444,29,2864.79963
0.90833336,33,2864.821346
0.0,19,2864.885739
0.89166665,39,2864.885739
0.875,45,2864.899537
0.9138889,31,2864.907294
0.9166667,30,2864.966496
0.0,20,2864.972986
0.9,36,2864.982448
0.88611114,41,2865.05979
0.91944444,29,2865.066115
0.9138889,31,2865.071309
0.0,4,2865.124956
0.9138889,31,2865.133129
0.90833336,33,2865.133129
0.9111111,32,2865.201488
0.89444447,38,2865.214058
0.90555555,34,2865.219085
0.9138889,31,2865.288411
0.9166667,30,2865.316751
0.90833336,33,2865.320936
0.89166665,39,2865.320936
0.90833336,33,2865.369719
0.90555555,34,2865.399809
0.9027778,35,2865.460797
0.0,17,2865.460797
0.9138889,31,2865.474182
0.0,2,2865.481476
0.8833333,42,2865.481476
0.90555555,34,2865.556989
0.8972222,37,2865.563591
0.8972222,37,2900.857546
0.90555555,34,2900.875567
0.9027778,35,2900.942259
0.8972222,37,2900.967483
0.89166665,39,2901.01468
0.0,2,2901.021315
0.86388886,49,2901.029557
0.9,36,2901.042179
0.90833336,33,2901.049439
0.8888889,40,2901.099954
0.90833336,33,2901.107895
0.9166667,30,2901.117431
0.91944444,29,2901.177425
0.9138889,31,2901.196424
0.9138889,31,2901.244085
0.9138889,31,2901.260468
0.90833336,33,2901.272609
0.9138889,31,2901.279788
0.90555555,34,2901.335084
0.90833336,33,2901.347403
0.9138889,31,2901.362568
0.9111111,32,2901.423768
0.8972222,37,2901.484774
0.90833336,33,2901.484774
0.9138889,31,2901.49956
0.9027778,35,2901.503574
0.91944444,29,2901.517504
0.90833336,33,2901.561191
0.90555555,34,2901.654657
0.8833333,42,2901.65783
0.9166667,30,2901.665874
0.9166667,30,2901.665874
0.90555555,34,2901.733688
0.91944444,29,2901.742434
0.9027778,35,2901.745478
0.90833336,33,2901.751512
0.9111111,32,2901.871516
0.90833336,33,2901.871516
0.9138889,31,2901.874285
0.9138889,31,2901.874285
0.9138889,31,2901.901748
0.9166667,30,2901.965617
0.91944444,29,2901.971647
0.0,2,2901.977403
0.89166665,39,2901.994581
0.90833336,33,2902.076784
0.9027778,35,2902.123522
0.8972222,37,2902.133527
0.91944444,29,2902.140927
0.88611114,41,2902.1476
0.90833336,33,2902.1476
0.90833336,33,2902.201489
0.9138889,31,2902.213573
0.90833336,33,2902.333286
0.9,36,2902.335287
0.9138889,31,2902.382046
0.9138889,31,2902.389254
0.90833336,33,2902.395272
0.8972222,37,2902.395272
0.9,36,2902.461086
0.8888889,40,2902.481433
0.90833336,33,2902.561696
0.90555555,34,2902.567708
0.9138889,31,2902.577876
0.90833336,33,2902.579921
0.90555555,34,2902.627704
0.8888889,40,2902.633771
0.91944444,29,2902.636896
0.90833336,33,2902.714547
0.90833336,33,2902.789353
0.9111111,32,2902.793421
0.91944444,29,2902.793421
0.91944444,29,2902.811191
0.9138889,31,2902.811191
0.91944444,29,2902.813228
0.9027778,35,2902.813228
0.91944444,29,2902.887772
0.91944444,29,2902.970971
0.90555555,34,2903.022522
0.91944444,29,2903.027832
0.9138889,31,2903.037775
0.89444447,38,2903.041865
0.9027778,35,2903.051905
0.0,4,2903.055139
0.89166665,39,2903.097656
0.91944444,29,2903.107747
0.91944444,29,2903.19778
0.8972222,37,2903.207815
0.9138889,31,2903.257398
0.89444447,38,2903.267653
0.91944444,29,2903.279901
0.9027778,35,2903.285949
0.8972222,37,2903.290947
0.89444447,38,2903.355412
0.9166667,30,2903.42979
0.91944444,29,2903.452271
0.89444447,38,2903.505478
0.9138889,31,2903.519887
0.90833336,33,2903.519887
0.0,2,2903.527719
0.90833336,33,2903.530775
0.87222224,46,2903.53966
0.9027778,35,2903.590868
0.9111111,32,2903.61798
0.9138889,31,2903.693643
0.8972222,37,2903.697652
0.9166667,30,2903.701681
0.9138889,31,2903.751253
0.91944444,29,2903.757565
0.9027778,35,2903.768395
0.90833336,33,2903.781447
0.9,36,2903.854614
0.9138889,31,2903.912799
0.90833336,33,2903.925343
0.90833336,33,2903.927849
0.9138889,31,2903.931377
0.90833336,33,2903.988113
0.9111111,32,2903.99505
0.9138889,31,2904.00461
0.90833336,33,2904.084264
0.9166667,30,2904.089568
0.9111111,32,2904.151712
0.9111111,32,2904.156558
0.9027778,35,2904.167714
0.9138889,31,2904.175403
0.9027778,35,2904.181445
0.90833336,33,2904.238202
0.9138889,31,2904.311467
0.90833336,33,2904.327626
0.90833336,33,2904.390157
0.90555555,34,2904.390157
0.91944444,29,2904.397652
0.9138889,31,2904.397652
0.90833336,33,2904.416684
0.9138889,31,2904.422374
0.9138889,31,2904.495579
0.90833336,33,2904.55991
0.9138889,31,2904.581559
0.8972222,37,2904.638036
0.91944444,29,2904.638036
0.89444447,38,2904.64098
0.8972222,37,2904.646088
0.9138889,31,2904.647594
0.90833336,33,2904.732226
0.9027778,35,2904.801595
0.9138889,31,2904.810886
0.91944444,29,2904.819433
0.91944444,29,2904.822646
0.9138889,31,2904.822646
0.90833336,33,2904.829838
0.90555555,34,2904.881528
0.90555555,34,2904.962107
0.90833336,33,2905.038098
0.91944444,29,2905.038098
0.8972222,37,2905.040694
0.9138889,31,2905.044875
0.9111111,32,2905.044875
0.9138889,31,2905.050412
0.91944444,29,2905.057782
0.9111111,32,2905.144356
0.9138889,31,2905.217627
0.91944444,29,2905.217627
0.9138889,31,2905.220968
0.9138889,31,2905.224876
0.9138889,31,2905.271627
0.9138889,31,2905.279857
0.89444447,38,2905.281863
0.0,2,2905.285871
0.9138889,31,2905.42745
0.9138889,31,2905.434763
0.90833336,33,2905.434763
0.875,45,2905.444207
0.9,36,2905.44754
0.90833336,33,2905.44754
0.9138889,31,2905.453573
0.9,36,2905.509534
0.91944444,29,2905.610035
0.9138889,31,2905.655275
0.9027778,35,2905.66392
0.9138889,31,2905.669446
0.9111111,32,2905.669446
0.9138889,31,2905.676851
0.9027778,35,2905.682497
0.9138889,31,2905.690043
0.0,2,2905.738303
0.91944444,29,2905.83527
0.9111111,32,2905.851447
0.91944444,29,2905.854286
0.8972222,37,2905.854286
0.90833336,33,2905.90217
0.90555555,34,2905.904758
0.90833336,33,2905.912881
0.90833336,33,2905.931575
0.9138889,31,2906.055535
0.91944444,29,2906.066358
0.91944444,29,2906.070093
0.90833336,33,2906.082121
0.90833336,33,2906.091955
0.9027778,35,2906.140148
0.90833336,33,2906.147568
0.9027778,35,2906.165929
0.9138889,31,2906.238175
0.91944444,29,2906.24479
0.90833336,33,2906.295181
0.90833336,33,2906.32527
0.9138889,31,2906.327776
0.9138889,31,2906.330861
0.9138889,31,2906.337615
0.8972222,37,2906.41764
0.90833336,33,2906.485607
0.89166665,39,2906.499781
0.9,36,2906.542199
0.9138889,31,2906.547392
0.90833336,33,2906.549417
0.9111111,32,2906.553572
0.9138889,31,2906.556606
0.90833336,33,2906.643551
0.9027778,35,2906.723561
0.9166667,30,2906.731612
0.9111111,32,2906.731612
0.9027778,35,2906.734551
0.9138889,31,2906.738871
0.9027778,35,2906.78448
0.90555555,34,2906.791551
0.90833336,33,2906.877556
0.9138889,31,2906.947519
0.9138889,31,2906.957181
0.9138889,31,2906.95982
0.90833336,33,2906.963711
0.9138889,31,2906.963711
0.91944444,29,2906.970927
0.90833336,33,2906.976211
0.8972222,37,2907.099781
0.9138889,31,2907.109671
0.91944444,29,2907.119747
0.9138889,31,2907.125226
0.90555555,34,2907.174507
0.90833336,33,2907.179697
0.9027778,35,2907.192831
0.8888889,40,2907.252248
0.9138889,31,2907.282993
0.91944444,29,2907.336991
0.91944444,29,2907.347421
0.9111111,32,2907.351446
0.8972222,37,2907.354065
0.91944444,29,2907.363661
0.9027778,35,2907.421347
0.9138889,31,2907.447504
0.91944444,29,2907.513073
0.91944444,29,2907.534264
0.91944444,29,2907.579527
0.90555555,34,2907.592501
0.89166665,39,2907.595511
0.90833336,33,2907.599901
0.9138889,31,2907.599901
0.9166667,30,2907.662659
0.90555555,34,2907.738144
0.0,2,2907.742894
0.91944444,29,2907.742894
0.90833336,33,2907.815837
0.8972222,37,2907.815837
0.9027778,35,2907.825598
0.90833336,33,2907.825598
0.91944444,29,2907.831707
0.8972222,37,2907.838492
0.9138889,31,2907.929196
0.90833336,33,2907.975805
0.91944444,29,2907.996897
0.90833336,33,2908.057834
0.90833336,33,2908.057834
0.8972222,37,2908.060761
0.89444447,38,2908.081867
0.8972222,37,2908.08593
0.9027778,35,2908.187611
0.8972222,37,2908.187611
0.9,36,2908.209845
0.91944444,29,2908.215036
0.9138889,31,2908.219291
0.90833336,33,2908.225944
0.8972222,37,2908.301616
0.9,36,2908.301616
0.91944444,29,2908.366209
0.90833336,33,2908.379288
0.91944444,29,2908.444634
0.9138889,31,2908.446638
0.90833336,33,2908.449664
0.8833333,42,2908.51218
0.9111111,32,2908.527763
0.9,36,2908.542958
0.91944444,29,2908.598478
0.90833336,33,2908.598478
0.91944444,29,2908.617797
0.9,36,2908.681733
0.8972222,37,2908.6878
0.90833336,33,2908.699427
0.9027778,35,2908.767438
0.9138889,31,2908.767438
0.9111111,32,2908.782848
0.9111111,32,2908.782848
0.8972222,37,2908.861927
0.91944444,29,2908.865953
0.9027778,35,2908.925549
0.9138889,31,2908.930945
0.9138889,31,2908.995865
0.91944444,29,2909.004268
0.9,36,2909.011062
0.9027778,35,2909.02371
0.9138889,31,2909.095582
0.9138889,31,2909.107717
0.8972222,37,2909.111748
0.90833336,33,2909.160883
0.9138889,31,2909.175197
0.9138889,31,2909.230817
0.90555555,34,2909.233938
0.9138889,31,2909.245826
0.91944444,29,2909.267545
0.91944444,29,2909.32667
0.91944444,29,2909.330872
0.91944444,29,2909.339624
0.9138889,31,2909.405666
0.90833336,33,2909.426294
0.90833336,33,2909.429829
0.90833336,33,2909.481091
0.9138889,31,2909.496723
0.9138889,31,2909.513632
0.9138889,31,2909.517641
0.90555555,34,2909.575724
0.91944444,29,2909.581874
0.90555555,34,2909.66246
0.90833336,33,2909.66246
0.90833336,33,2909.672256
0.9138889,31,2909.737575
0.9,36,2909.740933
0.9111111,32,2909.744943
0.9138889,31,2909.801924
0.91944444,29,2909.802927
0.0,2,2909.809798
0.9111111,32,2909.900821
0.8972222,37,2909.917862
0.90555555,34,2909.917862
0.91944444,29,2909.969132
0.9111111,32,2909.972222
0.8972222,37,2909.994413
0.91944444,29,2909.994413
0.8972222,37,2910.051491
0.9027778,35,2910.145416
0.9111111,32,2910.151456
0.90833336,33,2910.154603
0.91944444,29,2910.154603
0.9111111,32,2910.165652
0.9166667,30,2910.222349
0.90555555,34,2910.236705
0.90833336,33,2910.251606
0.9138889,31,2910.329676
0.91944444,29,2910.333688
0.9138889,31,2910.380079
0.90833336,33,2910.402055
0.89166665,39,2910.406683
0.9138889,31,2910.409724
0.90833336,33,2910.465711
0.90833336,33,2910.481677
0.9111111,32,2910.561901
0.90833336,33,2910.561901
0.90833336,33,2910.570893
0.91944444,29,2910.625805
0.9027778,35,2910.64088
0.89444447,38,2910.647399
0.9027778,35,2910.703881
0.9027778,35,2910.720897
0.91944444,29,2910.740518
0.90555555,34,2910.796733
0.9166667,30,2910.805439
0.89166665,39,2910.861088
0.9138889,31,2910.86513
0.9111111,32,2910.875355
0.91944444,29,2910.881424
0.9138889,31,2910.943763
0.9138889,31,2910.989651
0.9138889,31,2911.013858
0.9138889,31,2911.081672
0.9,36,2911.081672
0.90833336,33,2911.147514
0.89166665,39,2911.161036
0.8833333,42,2911.161036
0.90833336,33,2911.170874
0.0,5,2911.232958
0.91944444,29,2911.235547
0.9027778,35,2911.239595
0.9138889,31,2911.312845
0.9138889,31,2911.312845
0.91944444,29,2911.386277
0.90833336,33,2911.405396
0.89444447,38,2911.409433
0.9111111,32,2911.428421
0.9027778,35,2911.481517
0.9027778,35,2911.483521
0.90833336,33,2911.511974
0.90555555,34,2911.557873
0.9138889,31,2911.581587
0.9138889,31,2911.657808
0.89444447,38,2911.657808
0.8972222,37,2911.657808
0.9138889,31,2911.671358
0.9138889,31,2911.675207
0.9138889,31,2911.739893
0.89166665,39,2911.810911
0.9027778,35,2911.819202
0.9138889,31,2911.884662
0.91944444,29,2911.892291
0.90833336,33,2911.892291
0.90833336,33,2911.909842
0.89166665,39,2911.91288
0.88611114,41,2911.994977
0.90833336,33,2912.033584
0.9027778,35,2912.049621
0.9138889,31,2912.067663
0.9138889,31,2912.067663
0.8833333,42,2912.139925
0.0,2,2912.145543
0.89444447,38,2912.152032
0.8888889,40,2912.194705
0.9138889,31,2912.213707
0.9138889,31,2912.215712
0.9027778,35,2912.287925
0.9138889,31,2912.291549
0.90555555,34,2912.299621
0.91944444,29,2912.36076
0.91944444,29,2912.369886
0.9138889,31,2912.373133
0.9138889,31,2912.438049
0.90833336,33,2912.447848
0.9138889,31,2912.511771
0.90833336,33,2912.515541
0.91944444,29,2912.515541
0.9138889,31,2912.593107
0.90833336,33,2912.597117
0.89166665,39,2912.609699
0.90833336,33,2912.625316
0.9138889,31,2912.627823
0.90833336,33,2912.704249
0.9027778,35,2912.750611
0.91944444,29,2912.775324
0.875,45,2912.785876
0.90555555,34,2912.791193
0.90833336,33,2912.86749
0.9027778,35,2912.870945
0.88611114,41,2912.873476
0.90833336,33,2912.943673
0.9138889,31,2912.947514
0.9166667,30,2913.015757
0.9027778,35,2913.023382
0.90833336,33,2913.029751
0.91944444,29,2913.093776
0.90833336,33,2913.112495
0.9027778,35,2913.112495
0.9138889,31,2913.175502
0.90833336,33,2913.188119
0.91944444,29,2913.212008
0.9111111,32,2913.25469
0.90833336,33,2913.271188
0.90833336,33,2913.291032
0.90833336,33,2913.349597
0.90833336,33,2913.349597
0.9027778,35,2913.413604
0.90833336,33,2913.417612
0.9166667,30,2913.431489
0.9111111,32,2913.440562
0.91944444,29,2913.447703
0.0,2,2913.497692
0.91944444,29,2913.527851
0.9138889,31,2913.535471
0.8972222,37,2913.577531
0.91944444,29,2913.59377
0.9111111,32,2913.609751
0.9138889,31,2913.661578
0.9027778,35,2913.686264
0.9138889,31,2913.686264
0.9027778,35,2913.764932
0.90833336,33,2913.766936
0.90833336,33,2913.769464
0.91944444,29,2913.829375
0.90833336,33,2913.829375
0.90833336,33,2913.851299
0.9138889,31,2913.907784
0.90833336,33,2913.912527
0.91944444,29,2913.979512
0.9111111,32,2913.990591
0.9138889,31,2913.990591
0.9166667,30,2914.001643
0.9138889,31,2914.006243
0.90833336,33,2914.079597
0.91944444,29,2914.081602
0.91944444,29,2914.088834
0.91944444,29,2914.170259
0.9,36,2914.239827
0.90555555,34,2914.247557
0.90833336,33,2914.257553
0.9027778,35,2914.26703
0.9027778,35,2914.336076
0.89166665,39,2914.35179
0.89166665,39,2914.399573
0.9166667,30,2914.411245
0.90833336,33,2914.435419
0.9138889,31,2914.481116
0.9,36,2914.487509
0.90555555,34,2914.504176
0.9027778,35,2914.583474
0.9027778,35,2951.700873
0.90555555,34,2951.70488
0.9138889,31,2951.70488
0.89166665,39,2951.832881
0.8833333,42,2951.852676
0.88611114,41,2951.867978
0.8527778,53,2951.927749
0.9027778,35,2951.94971
0.88055557,43,2951.957686
0.88611114,41,2952.014064
0.88055557,43,2952.033671
0.8972222,37,2952.137597
0.8611111,50,2952.206633
0.89444447,38,2952.280094
0.85833335,51,2952.306559
0.84166664,57,2952.309863
0.88055557,43,2952.314472
0.88611114,41,2952.317484
0.85833335,51,2952.368876
0.85833335,51,2952.50365
0.86944443,47,2952.564948
0.87777776,44,2952.581585
0.88055557,43,2952.647677
0.875,45,2952.649701
0.86944443,47,2952.653838
0.88055557,43,2952.655811
0.86944443,47,2952.661858
0.9027778,35,2952.796046
0.8972222,37,2952.823364
0.85833335,51,2952.880658
0.90833336,33,2952.882663
0.8972222,37,2952.893305
0.9027778,35,2952.897814
0.88611114,41,2952.952739
0.875,45,2952.957783
0.8972222,37,2953.05
0.88611114,41,2953.131004
0.88611114,41,2953.143364
0.88611114,41,2953.153733
0.89166665,39,2953.153733
0.9027778,35,2953.195482
0.86944443,47,2953.203822
0.88611114,41,2953.213484
0.875,45,2953.350902
0.89166665,39,2953.371037
0.9138889,31,2953.375219
0.90833336,33,2953.379852
0.89166665,39,2953.387686
0.88611114,41,2953.447718
0.88611114,41,2953.45786
0.86388886,49,2953.531883
0.89166665,39,2953.605407
0.88611114,41,2953.679805
0.88055557,43,2953.679805
0.875,45,2953.783535
0.8472222,55,2953.787642
0.8972222,37,2953.793219
0.8361111,59,2953.867606
0.8111111,68,2953.867606
0.875,45,2953.943706
0.89166665,39,2953.955353
0.8888889,40,2953.959894
0.9138889,31,2953.974963
0.90833336,33,2954.031483
0.86388886,49,2954.112732
0.89166665,39,2954.112732
0.8888889,40,2954.115779
0.9027778,35,2954.185605
0.875,45,2954.205228
0.8972222,37,2954.247619
0.9027778,35,2954.259646
0.8527778,53,2954.279592
0.8972222,37,2954.347817
0.88611114,41,2954.361652
0.9111111,32,2954.431689
0.88611114,41,2954.437517
0.0,2,2954.441444
0.9138889,31,2954.441444
0.8527778,53,2954.48761
0.88055557,43,2954.50412
0.89166665,39,2954.564711
0.89166665,39,2954.605376
0.88055557,43,2954.678675
0.89166665,39,2954.736032
0.89166665,39,2954.738234
0.90833336,33,2954.763845
0.88055557,43,2954.812798
0.86388886,49,2954.817776
0.8194444,65,2954.904145
0.9027778,35,2954.930798
0.85833335,51,2954.979755
0.88055557,43,2954.979755
0.8972222,37,2954.981779
0.88055557,43,2955.072848
0.88611114,41,2955.080142
0.88055557,43,2955.084174
0.8972222,37,2955.155221
0.90833336,33,2955.176489
0.89444447,38,2955.226056
0.86944443,47,2955.300596
0.86944443,47,2955.304167
0.9027778,35,2955.311713
0.9027778,35,2955.320843
0.88611114,41,2955.385097
0.88611114,41,2955.480277
0.86944443,47,2955.551563
0.84166664,57,2955.556523
0.89166665,39,2955.561663
0.89166665,39,2955.571784
0.88611114,41,2955.571784
0.9027778,35,2955.58941
0.88055557,43,2955.63152
0.89166665,39,2955.731435
0.9027778,35,2955.747483
0.9027778,35,2955.792681
0.8972222,37,2955.811886
0.875,45,2955.821914
0.88055557,43,2955.934907
0.91944444,29,2955.947858
0.8527778,53,2955.947858
0.8361111,59,2956.027889
0.89166665,39,2956.088163
0.875,45,2956.095448
0.88055557,43,2956.153634
0.8666667,48,2956.177476
0.88611114,41,2956.240322
0.86944443,47,2956.247431
0.88611114,41,2956.31745
0.8527778,53,2956.322552
0.9027778,35,2956.322552
0.875,45,2956.40381
0.88611114,41,2956.410523
0.88055557,43,2956.49544
0.88611114,41,2956.513736
0.87777776,44,2956.557542
0.90833336,33,2956.561603
0.9027778,35,2956.564229
0.86944443,47,2956.64683
0.88055557,43,2956.720463
0.9138889,31,2956.73894
0.89166665,39,2956.747049
0.85,54,2956.806392
0.8972222,37,2956.810994
0.86944443,47,2956.837736
0.88611114,41,2956.907607
0.8472222,55,2956.911668
0.90555555,34,2956.972478
0.9027778,35,2956.982778
0.89166665,39,2957.051
0.8527778,53,2957.055315
0.86944443,47,2957.122083
0.88611114,41,2957.199663
0.88611114,41,2957.207696
0.8472222,55,2957.220651
0.88611114,41,2957.231055
0.875,45,2957.290082
0.8972222,37,2957.293154
0.9138889,31,2957.302607
0.88611114,41,2957.309759
0.89166665,39,2957.433509
0.8972222,37,2957.443084
0.88055557,43,2957.449658
0.88055557,43,2957.513597
0.88611114,41,2957.592093
0.88611114,41,2957.59969
0.86944443,47,2957.59969
0.90833336,33,2957.670425
0.8361111,59,2957.67961
0.8972222,37,2957.697835
0.88611114,41,2957.775396
0.8472222,55,2957.848534
0.89166665,39,2957.863733
0.8972222,37,2957.9325
0.85833335,51,2957.940802
0.8972222,37,2957.944619
0.8472222,55,2957.962939
0.88055557,43,2958.02746
0.9027778,35,2958.091063
0.90833336,33,2958.124525
0.90833336,33,2958.173005
0.8472222,55,2958.183746
0.85833335,51,2958.199825
0.89166665,39,2958.25578
0.875,45,2958.257624
0.90833336,33,2958.283725
0.88055557,43,2958.330794
0.9138889,31,2958.357652
0.9027778,35,2958.42084
0.88055557,43,2958.430733
0.8972222,37,2958.441631
0.8972222,37,2958.497501
0.89166665,39,2958.507428
0.89166665,39,2958.573719
0.88611114,41,2958.589077
0.8972222,37,2958.669138
0.8972222,37,2958.688481
0.8527778,53,2958.737499
0.89166665,39,2958.753791
0.89166665,39,2958.761668
0.8472222,55,2958.820412
0.88611114,41,2958.834908
0.8972222,37,2958.834908
0.89166665,39,2958.961474
0.86944443,47,2958.965699
0.89166665,39,2958.968948
0.88055557,43,2959.037083
0.88611114,41,2959.040747
0.8972222,37,2959.044759
0.8972222,37,2959.059676
0.88055557,43,2959.120528
0.90833336,33,2959.240108
0.88055557,43,2959.240108
0.88611114,41,2959.240108
0.86944443,47,2959.297806
0.8888889,40,2959.314054
0.875,45,2959.325247
0.89166665,39,2959.384602
0.91944444,29,2959.45965
0.8472222,55,2959.45965
0.9138889,31,2959.465796
0.8972222,37,2959.543007
0.86944443,47,2959.559983
0.9027778,35,2959.562027
0.89166665,39,2959.562027
0.90833336,33,2959.614964
0.9027778,35,2959.717644
0.89166665,39,2959.74125
0.9027778,35,2959.82073
0.9027778,35,2959.82073
0.875,45,2959.875402
0.875,45,2959.89197
0.8888889,40,2959.893718
0.8194444,65,2959.89978
0.88055557,43,2959.982447
0.88055557,43,2960.061856
0.9027778,35,2960.077799
0.89166665,39,2960.089933
0.9138889,31,2960.131459
0.875,45,2960.163587
0.88611114,41,2960.167595
0.875,45,2960.226987
0.89166665,39,2960.24944
0.88611114,41,2960.31568
0.9111111,32,2960.319703
0.8972222,37,2960.370867
0.88055557,43,2960.380946
0.9138889,31,2960.409863
0.875,45,2960.474616
0.86944443,47,2960.479669
0.8972222,37,2960.533801
0.9138889,31,2960.54241
0.8972222,37,2960.621496
0.8972222,37,2960.627664
0.875,45,2960.633699
0.875,45,2960.720961
0.875,45,2960.793418
0.88611114,41,2960.793418
0.88611114,41,2960.799486
0.85833335,51,2960.810745
0.9027778,35,2960.859837
0.88055557,43,2960.938787
0.86388886,49,2960.95596
0.8972222,37,2960.970429
0.89166665,39,2961.050763
0.8972222,37,2961.05374
0.89166665,39,2961.10408
0.86944443,47,2961.107873
0.85833335,51,2961.119115
0.8972222,37,2961.187901
0.875,45,2961.200791
0.86388886,49,2961.285561
0.88611114,41,2961.343914
0.89166665,39,2961.3559
0.875,45,2961.361443
0.89444447,38,2961.439111
0.8527778,53,2961.443128
0.85833335,51,2961.451546
0.88055557,43,2961.511638
0.9027778,35,2961.52539
0.8972222,37,2961.605107
0.88611114,41,2961.605107
0.8972222,37,2961.607722
0.88611114,41,2961.725555
0.89166665,39,2961.733587
0.9027778,35,2961.736602
0.88055557,43,2961.736602
0.88055557,43,2961.817503
0.90833336,33,2961.821856
0.89166665,39,2961.883563
0.8888889,40,2961.883563
0.90833336,33,2961.967548
0.86388886,49,2962.055768
0.8972222,37,2962.061873
0.85833335,51,2962.065881
0.8472222,55,2962.067884
0.89166665,39,2962.071688
0.89166665,39,2962.137641
0.875,45,2962.157765
0.88611114,41,2962.226816
0.9138889,31,2962.299509
0.875,45,2962.37134
0.9027778,35,2962.380905
0.86944443,47,2962.387579
0.86944443,47,2962.393895
0.8472222,55,2962.456267
0.88055557,43,2962.467749
0.9027778,35,2962.467749
0.88055557,43,2962.570418
0.86944443,47,2962.652324
0.9027778,35,2962.695821
0.85833335,51,2962.720352
0.8888889,40,2962.724356
0.85833335,51,2962.727408
0.88055557,43,2962.733438
0.825,63,2962.795357
0.88055557,43,2962.870872
0.9027778,35,2962.889521
0.9111111,32,2962.953713
0.88055557,43,2962.957878
0.875,45,2963.029671
0.86388886,49,2963.043664
0.86388886,49,2963.095971
0.86944443,47,2963.111224
0.88611114,41,2963.126242
0.8833333,42,2963.187362
0.88055557,43,2963.2541
0.875,45,2963.257909
0.88611114,41,2963.280602
0.89166665,39,2963.343955
0.8972222,37,2963.349514
0.85833335,51,2963.41348
0.88611114,41,2963.42757
0.88055557,43,2963.497462
0.8972222,37,2963.508526
0.88055557,43,2963.522016
0.86944443,47,2963.601634
0.875,45,2963.659812
0.9027778,35,2963.667658
0.87222224,46,2963.669683
0.86388886,49,2963.741656
0.8972222,37,2963.75524
0.86944443,47,2963.777869
0.8472222,55,2963.892963
0.88611114,41,2963.897508
0.875,45,2963.897508
0.88611114,41,2963.903543
0.88055557,43,2963.913658
0.8972222,37,2963.965772
0.875,45,2964.044323
0.90833336,33,2964.135476
0.8527778,53,2964.135476
0.8972222,37,2964.140274
0.88055557,43,2964.152827
0.88611114,41,2964.21164
0.86944443,47,2964.214671
0.86388886,49,2964.320503
0.87222224,46,2964.354939
0.8972222,37,2964.412585
0.8972222,37,2964.419896
0.9027778,35,2964.4836
0.86944443,47,2964.487609
0.9138889,31,2964.507535
0.88055557,43,2964.511559
0.86388886,49,2964.511559
0.89166665,39,2964.647579
0.88055557,43,2964.695225
0.8972222,37,2964.707789
0.8472222,55,2964.715824
0.88611114,41,2964.722527
0.8972222,37,2964.731578
0.88055557,43,2964.792525
0.86388886,49,2964.855736
0.9138889,31,2964.888616
0.89166665,39,2964.947696
0.9027778,35,2964.961573
0.86388886,49,2964.975617
0.87777776,44,2965.040155
0.85833335,51,2965.046168
0.88611114,41,2965.051419
0.89166665,39,2965.107826
0.9027778,35,2965.128696
0.9027778,35,2965.1854
0.88611114,41,2965.255237
0.88611114,41,2965.269704
0.9027778,35,2965.276583
0.86388886,49,2965.367485
0.89166665,39,2965.413404
0.85833335,51,2965.430641
0.8388889,58,2965.440298
0.88611114,41,2965.507707
0.89166665,39,2965.522801
0.8361111,59,2965.572909
0.86388886,49,2999.64503
0.9111111,32,2999.711821
0.8888889,40,2999.715829
0.87777776,44,2999.729573
0.9,36,2999.739588
0.9138889,31,2999.790781
0.8833333,42,2999.879833
0.875,45,2999.903388
0.9138889,31,2999.905856
0.86944443,47,2999.965446
0.9138889,31,2999.965446
0.90833336,33,2999.982018
0.89166665,39,2999.983522
0.875,45,2999.988474
0.89166665,39,3000.125265
0.8833333,42,3000.200365
0.875,45,3000.20745
0.9111111,32,3000.20745
0.88611114,41,3000.213493
0.0,2,3000.213493
0.8972222,37,3000.217546
0.88611114,41,3000.27754
0.86944443,47,3000.280665
0.88611114,41,3000.388412
0.9111111,32,3000.441667
0.90833336,33,3000.449475
0.89166665,39,3000.507422
0.8888889,40,3000.513453
0.89166665,39,3000.52535
0.84444445,56,3000.597596
0.85833335,51,3000.612133
0.90833336,33,3000.620236
0.90833336,33,3000.674073
0.90833336,33,3000.68727
0.89444447,38,3000.763796
0.8972222,37,3000.845597
0.87222224,46,3000.849623
0.85833335,51,3000.855147
0.9027778,35,3000.855147
0.9,36,3000.863519
0.9138889,31,3000.870567
0.8833333,42,3000.943084
0.9111111,32,3000.957911
0.91944444,29,3001.040977
0.9138889,31,3001.040977
0.89444447,38,3001.101716
0.9027778,35,3001.101716
0.8972222,37,3001.117613
0.88611114,41,3001.181794
0.9027778,35,3001.202715
0.86944443,47,3001.270028
0.8888889,40,3001.341007
0.88611114,41,3001.345019
0.89444447,38,3001.356906
0.88611114,41,3001.426442
0.9,36,3001.429521
0.86944443,47,3001.429521
0.88055557,43,3001.519783
0.8972222,37,3001.527699
0.8972222,37,3001.606033
0.90555555,34,3001.606033
0.88611114,41,3001.615408
0.90555555,34,3001.669559
0.9027778,35,3001.678659
0.9,36,3001.756857
0.85555553,52,3001.765755
0.9138889,31,3001.777649
0.90833336,33,3001.824309
0.87222224,46,3001.833068
0.8972222,37,3001.846821
0.9,36,3001.901798
0.8888889,40,3001.922294
0.8888889,40,3002.012816
0.87777776,44,3002.077904
0.9027778,35,3002.09101
0.87777776,44,3002.097023
0.86944443,47,3002.100601
0.9166667,30,3002.143737
0.85555553,52,3002.167519
0.875,45,3002.170048
0.90833336,33,3002.23816
0.9,36,3002.32763
0.89166665,39,3002.3878
0.85833335,51,3002.408515
0.875,45,3002.411525
0.8666667,48,3002.470929
0.8888889,40,3002.474942
0.9027778,35,3002.484027
0.8666667,48,3002.497636
0.8972222,37,3002.57597
0.90555555,34,3002.581538
0.0,19,3002.583542
0.9027778,35,3002.645307
0.88611114,41,3002.661716
0.9027778,35,3002.661716
0.89166665,39,3002.73991
0.8666667,48,3002.789514
0.9138889,31,3002.795838
0.9138889,31,3002.810308
0.87777776,44,3002.891535
0.90833336,33,3002.899599
0.88055557,43,3002.956813
0.89166665,39,3002.959842
0.9027778,35,3003.033864
0.8972222,37,3003.033864
0.9027778,35,3003.051045
0.90833336,33,3003.127721
0.85555553,52,3003.139416
0.8888889,40,3003.192423
0.8972222,37,3003.199452
0.8666667,48,3003.279715
0.89166665,39,3003.281719
0.8833333,42,3003.309923
0.86944443,47,3003.309923
0.9,36,3003.361283
0.90833336,33,3003.426746
0.8833333,42,3003.477514
0.8888889,40,3003.487938
0.9027778,35,3003.563022
0.9027778,35,3003.675758
0.8666667,48,3003.675758
0.8833333,42,3003.683546
0.875,45,3003.692906
0.9,36,3003.703335
0.9,36,3003.75435
0.8888889,40,3003.776129
0.90555555,34,3003.82622
0.9,36,3003.923048
0.89166665,39,3003.923048
0.88055557,43,3003.932545
0.88055557,43,3004.003321
0.8833333,42,3004.007895
0.89166665,39,3004.017434
0.87777776,44,3004.091146
0.82222223,64,3004.139373
0.89444447,38,3004.162858
0.8972222,37,3004.181357
0.875,45,3004.234799
0.8972222,37,3004.249739
0.88611114,41,3004.303293
0.9,36,3004.327637
0.86944443,47,3004.333662
0.9138889,31,3004.388047
0.88611114,41,3004.395857
0.90833336,33,3004.40473
0.89444447,38,3004.474659
0.88055557,43,3004.547681
0.88611114,41,3004.559722
0.8888889,40,3004.623089
0.9027778,35,3004.629627
0.9138889,31,3004.633635
0.9166667,30,3004.657577
0.8833333,42,3004.661613
0.91944444,29,3004.727879
0.90555555,34,3004.793447
0.81666666,66,3004.795516
0.90833336,33,3004.811799
0.89166665,39,3004.875039
0.8888889,40,3004.879841
0.8972222,37,3004.894518
0.89166665,39,3004.945383
0.9027778,35,3004.960765
0.90833336,33,3005.038326
0.8888889,40,3005.046039
0.87222224,46,3005.101616
0.90555555,34,3005.107889
0.9027778,35,3005.115696
0.90833336,33,3005.137707
0.9138889,31,3005.253441
0.9138889,31,3005.25791
0.85833335,51,3005.277661
0.90833336,33,3005.28078
0.8277778,62,3005.329629
0.89444447,38,3005.339699
0.89166665,39,3005.353342
0.9,36,3005.361832
0.8972222,37,3005.474826
0.9027778,35,3005.491975
0.87222224,46,3005.563527
0.88611114,41,3005.571027
0.8972222,37,3005.575038
0.8972222,37,3005.587818
0.8388889,58,3005.671266
0.9138889,31,3005.725233
0.89444447,38,3005.729838
0.8361111,59,3005.747575
0.8972222,37,3005.804329
0.9111111,32,3005.807842
0.89444447,38,3005.815073
0.88055557,43,3005.81769
0.0,17,3005.933867
0.89166665,39,3005.941297
0.87777776,44,3006.007802
0.875,45,3006.007802
0.8888889,40,3006.014505
0.9027778,35,3006.019962
0.89166665,39,3006.033644
0.87777776,44,3006.099773
0.9138889,31,3006.115657
0.9138889,31,3006.204758
0.8972222,37,3006.26191
0.86388886,49,3006.269743
0.88611114,41,3006.275263
0.9111111,32,3006.295061
0.89166665,39,3006.295061
0.87777776,44,3006.295061
0.90833336,33,3006.351867
0.9027778,35,3006.440274
0.90833336,33,3006.493333
0.8972222,37,3006.499925
0.89444447,38,3006.517512
0.8972222,37,3006.572494
0.89444447,38,3006.576244
0.89444447,38,3006.597527
0.8472222,55,3006.672265
0.8972222,37,3006.679809
0.9138889,31,3006.740187
0.8972222,37,3006.744
0.88055557,43,3006.757614
0.9027778,35,3006.769409
0.8888889,40,3006.829654
0.90833336,33,3006.900965
0.85833335,51,3006.925429
0.89166665,39,3006.974632
0.9,36,3006.980751
0.89166665,39,3006.996056
0.89444447,38,3007.006276
0.89444447,38,3007.057863
0.9138889,31,3007.085588
0.8833333,42,3007.08749
0.9138889,31,3007.211736
0.89166665,39,3007.215744
0.88055557,43,3007.224818
0.875,45,3007.224818
0.8972222,37,3007.224818
0.8888889,40,3007.299548
0.90833336,33,3007.306105
0.89166665,39,3007.366383
0.9,36,3007.457452
0.89444447,38,3007.469718
0.91944444,29,3007.520003
0.9138889,31,3007.520003
0.86944443,47,3007.529766
0.87222224,46,3007.537633
0.8611111,50,3007.549907
0.88611114,41,3007.623265
0.90555555,34,3007.687643
0.91944444,29,3007.703316
0.90555555,34,3007.709867
0.91944444,29,3007.709867
0.89444447,38,3007.763453
0.9027778,35,3007.781525
0.90833336,33,3007.847578
0.84166664,57,3007.853601
0.90833336,33,3007.915786
0.90833336,33,3007.935654
0.90555555,34,3007.939667
0.9138889,31,3007.997803
0.85833335,51,3008.051389
0.9,36,3008.108899
0.9027778,35,3008.112909
0.8333333,60,3008.179665
0.8833333,42,3008.197856
0.90833336,33,3008.259492
0.8833333,42,3008.264886
0.88055557,43,3008.273766
0.90555555,34,3008.353245
0.90555555,34,3008.357561
0.9138889,31,3008.377055
0.85833335,51,3008.4331
0.87222224,46,3008.522124
0.88055557,43,3008.531931
0.87777776,44,3008.537785
0.90555555,34,3008.589691
0.85,54,3008.614665
0.87222224,46,3008.667805
0.87777776,44,3008.681786
0.875,45,3008.697576
0.90833336,33,3008.74915
0.8888889,40,3008.780324
0.89166665,39,3008.823497
0.9,36,3008.82802
0.90555555,34,3008.850995
0.9,36,3008.905417
0.8888889,40,3008.999555
0.85833335,51,3009.009755
0.87222224,46,3009.011501
0.9027778,35,3009.081059
0.88611114,41,3009.081059
0.875,45,3009.087778
0.875,45,3009.09153
0.9,36,3009.137835
0.9,36,3009.247587
0.91944444,29,3009.253266
0.87777776,44,3009.303581
0.88055557,43,3009.310791
0.9,36,3009.324976
0.89166665,39,3009.375246
0.88055557,43,3009.380772
0.89166665,39,3009.387613
0.9,36,3009.493673
0.88611114,41,3009.540818
0.8888889,40,3009.555289
0.90833336,33,3009.562814
0.89444447,38,3009.566822
0.875,45,3009.566822
0.9111111,32,3009.56995
0.8666667,48,3009.677415
0.8833333,42,3009.76495
0.90555555,34,3009.777703
0.875,45,3009.784784
0.89444447,38,3009.784784
0.8833333,42,3009.834354
0.87222224,46,3009.857564
0.90833336,33,3009.862829
0.825,63,3009.980588
0.9,36,3009.991074
0.9138889,31,3009.996268
0.87222224,46,3010.077818
0.90833336,33,3010.077818
0.875,45,3010.081848
0.85833335,51,3010.169042
0.86388886,49,3010.185508
0.88055557,43,3010.265383
0.87222224,46,3010.329597
0.8666667,48,3010.339689
0.88611114,41,3010.395817
0.8888889,40,3010.395817
0.9138889,31,3010.411466
0.875,45,3010.477556
0.84166664,57,3010.489602
0.89166665,39,3010.509814
0.8972222,37,3010.562995
0.89166665,39,3010.645575
0.875,45,3010.645575
0.9027778,35,3010.645575
0.87777776,44,3010.661073
0.90555555,34,3010.669643
0.9138889,31,3010.73637
0.88055557,43,3010.750223
0.88611114,41,3010.818933
0.9027778,35,3010.879596
0.8972222,37,3010.899819
0.8833333,42,3010.899819
0.88055557,43,3010.906035
0.88611114,41,3010.966575
0.89444447,38,3010.979928
0.85555553,52,3011.10748
0.91944444,29,3011.10748
0.86388886,49,3011.127433
0.9138889,31,3011.181694
0.8611111,50,3011.185701
0.8972222,37,3011.189742
0.8666667,48,3011.201819
0.86388886,49,3011.205544
0.9027778,35,3011.320027
0.91944444,29,3011.323932
0.89166665,39,3011.333877
0.9027778,35,3011.403518
0.9138889,31,3011.410632
0.8888889,40,3011.421068
0.87777776,44,3011.477887
0.87222224,46,3011.49779
0.9138889,31,3011.550659
0.8833333,42,3011.579665
0.86944443,47,3011.632219
0.8972222,37,3011.6415
0.8888889,40,3011.657806
0.9,36,3011.657806
0.8888889,40,3011.725019
0.89444447,38,3011.741534
0.8666667,48,3011.853721
0.8972222,37,3011.857287
0.88055557,43,3011.864291
0.90833336,33,3011.867802
0.9,36,3011.879616
0.8833333,42,3011.883624
0.90833336,33,3011.942435
0.88611114,41,3012.020885
0.91944444,29,3012.043859
0.9,36,3012.091866
0.9138889,31,3012.099441
0.89444447,38,3012.107785
0.9027778,35,3012.110814
0.9138889,31,3012.117836
0.88055557,43,3012.117836
0.8888889,40,3012.249819
0.91944444,29,3012.255622
0.8888889,40,3012.31181
0.89166665,39,3012.32026
0.9138889,31,3012.32026
0.8972222,37,3012.36697
0.8888889,40,3012.4309
0.84444445,56,3012.515832
0.9138889,31,3012.541537
0.88611114,41,3012.587554
0.88611114,41,3012.596214
0.9111111,32,3012.616307
0.875,45,3012.667618
0.86944443,47,3012.667618
0.875,45,3012.679671
0.89166665,39,3012.756374
0.90555555,34,3012.768694
0.9,36,3012.819619
0.89166665,39,3012.824021
0.89166665,39,3012.889677
0.89166665,39,3012.905297
0.8833333,42,3012.926106
0.86944443,47,3012.970389
0.9138889,31,3012.970389
0.89166665,39,3013.049733
0.89444447,38,3013.068962
0.8972222,37,3013.133573
0.85,54,3013.156151
0.9,36,3013.205364
0.87222224,46,3013.2135
0.89166665,39,3013.219977
0.86388886,49,3047.761465
0.9,36,3047.761465
0.9027778,35,3047.84307
0.9138889,31,3047.854344
0.85833335,51,3047.869535
0.90833336,33,3047.874012
0.90833336,33,3047.92271
0.90833336,33,3047.949614
0.87222224,46,3048.001361
0.9138889,31,3048.025508
0.87222224,46,3048.035645
0.9138889,31,3048.094224
0.9111111,32,3048.094224
0.9,36,3048.161691
0.9138889,31,3048.186705
0.85,54,3048.192425
0.89166665,39,3048.241524
0.9138889,31,3048.257943
0.9138889,31,3048.274843
0.88611114,41,3048.319806
0.9138889,31,3048.342009
0.88611114,41,3048.347555
0.9166667,30,3048.403656
0.90833336,33,3048.431282
0.8888889,40,3048.48627
0.89444447,38,3048.506336
0.90833336,33,3048.511868
0.9027778,35,3048.515877
0.90833336,33,3048.576471
0.91944444,29,3048.581911
0.87222224,46,3048.665317
0.90833336,33,3048.674949
0.91944444,29,3048.731654
0.9027778,35,3048.741941
0.90555555,34,3048.743944
0.85,54,3048.809852
0.9027778,35,3048.815941
0.85,54,3048.916886
0.87777776,44,3048.975397
0.8833333,42,3048.979933
0.8972222,37,3048.990737
0.90833336,33,3049.0455
0.9138889,31,3049.0455
0.85555553,52,3049.071573
0.85555553,52,3049.084102
0.90833336,33,3049.201323
0.91944444,29,3049.205339
0.8888889,40,3049.21476
0.9027778,35,3049.225366
0.85555553,52,3049.27989
0.8666667,48,3049.281894
0.9,36,3049.307831
0.8611111,50,3049.383674
0.9111111,32,3049.447805
0.8972222,37,3049.451828
0.875,45,3049.523715
0.90833336,33,3049.544727
0.86388886,49,3049.59993
0.86944443,47,3049.603937
0.86388886,49,3049.616199
0.9111111,32,3049.619521
0.9138889,31,3049.633763
0.9166667,30,3049.633763
0.90833336,33,3049.721555
0.9138889,31,3049.789482
0.9138889,31,3049.841835
0.90833336,33,3049.846764
0.88611114,41,3049.861713
0.9027778,35,3049.877491
0.825,63,3049.96786
0.8611111,50,3050.022099
0.88611114,41,3050.030159
0.9027778,35,3050.040466
0.9027778,35,3050.052892
0.9,36,3050.112647
0.9027778,35,3050.127609
0.87222224,46,3050.134375
0.90833336,33,3050.204329
0.8972222,37,3050.263032
0.9027778,35,3050.273786
0.89166665,39,3050.277795
0.9111111,32,3050.337737
0.89444447,38,3050.339768
0.9111111,32,3050.351292
0.9111111,32,3050.427632
0.88611114,41,3050.427632
0.9111111,32,3050.449844
0.91944444,29,3050.454493
0.9138889,31,3050.519362
0.8833333,42,3050.580693
0.91944444,29,3050.605213
0.87777776,44,3050.605213
0.9166667,30,3050.669863
0.86388886,49,3050.675806
0.88611114,41,3050.683815
0.9027778,35,3050.687749
0.89444447,38,3050.801565
0.87777776,44,3050.804533
0.88611114,41,3050.872309
0.89444447,38,3050.888887
0.86944443,47,3050.89644
0.88055557,43,3050.952078
0.88611114,41,3050.958636
0.87777776,44,3050.964774
0.9,36,3051.037629
0.90555555,34,3051.106004
0.9138889,31,3051.11038
0.90555555,34,3051.126647
0.89166665,39,3051.19962
0.8972222,37,3051.19962
0.80277777,71,3051.267589
0.91944444,29,3051.274975
0.85555553,52,3051.274975
0.9027778,35,3051.336176
0.87222224,46,3051.339757
0.8888889,40,3051.369648
0.88611114,41,3051.457808
0.9027778,35,3051.508921
0.90833336,33,3051.508921
0.8666667,48,3051.522434
0.9138889,31,3051.524461
0.88055557,43,3051.58429
0.9,36,3051.589917
0.90833336,33,3051.61184
0.91944444,29,3051.7091
0.89166665,39,3051.798366
0.86944443,47,3051.798899
0.8888889,40,3051.798899
0.89444447,38,3051.851593
0.90833336,33,3051.85761
0.85833335,51,3051.862828
0.88611114,41,3051.867849
0.875,45,3051.99469
0.90833336,33,3052.004161
0.90833336,33,3052.004161
0.90555555,34,3052.007674
0.9027778,35,3052.059898
0.9027778,35,3052.07363
0.9,36,3052.07363
0.8666667,48,3052.149556
0.90555555,34,3052.234059
0.89444447,38,3052.237773
0.9027778,35,3052.237773
0.88611114,41,3052.296217
0.8972222,37,3052.312979
0.87777776,44,3052.326684
0.88611114,41,3052.329713
0.9027778,35,3052.384451
0.9166667,30,3052.409739
0.9027778,35,3052.472081
0.89444447,38,3052.481058
0.9027778,35,3052.532657
0.9138889,31,3052.549912
0.9027778,35,3052.552837
0.89444447,38,3052.611626
0.90555555,34,3052.645576
0.9138889,31,3052.705753
0.8611111,50,3052.712021
0.8972222,37,3052.716029
0.9,36,3052.777433
0.8972222,37,3052.794818
0.88611114,41,3052.809562
0.9027778,35,3052.813571
0.9138889,31,3052.865799
0.91944444,29,3052.950657
0.87777776,44,3053.017534
0.86944443,47,3053.021151
0.9027778,35,3053.028921
0.9,36,3053.049814
0.9111111,32,3053.107653
0.8277778,62,3053.136204
0.9111111,32,3053.191662
0.8388889,58,3053.21418
0.8888889,40,3053.286005
0.9138889,31,3053.287642
0.88055557,43,3053.294306
0.8833333,42,3053.300801
0.89444447,38,3053.352938
0.90833336,33,3053.361813
0.90833336,33,3053.377445
0.91944444,29,3053.45983
0.88055557,43,3053.510834
0.90555555,34,3053.514916
0.88055557,43,3053.593724
0.8833333,42,3053.596671
0.9111111,32,3053.603145
0.875,45,3053.672143
0.85555553,52,3053.686194
0.8972222,37,3053.743542
0.87777776,44,3053.781806
0.87222224,46,3053.831908
0.9027778,35,3053.831908
0.90555555,34,3053.838785
0.89444447,38,3053.844803
0.9111111,32,3053.854199
0.89166665,39,3053.972071
0.8666667,48,3053.985368
0.90555555,34,3053.994228
0.89166665,39,3054.063869
0.9,36,3054.067877
0.88055557,43,3054.076106
0.87222224,46,3054.131536
0.88055557,43,3054.143374
0.91944444,29,3054.16104
0.8888889,40,3054.229527
0.89166665,39,3054.283706
0.9138889,31,3054.297442
0.9,36,3054.301468
0.875,45,3054.377839
0.8972222,37,3054.387862
0.88055557,43,3054.395906
0.9166667,30,3054.486178
0.86388886,49,3054.536349
0.90833336,33,3054.543826
0.89166665,39,3054.547909
0.8527778,53,3054.615616
0.90833336,33,3054.625856
0.8972222,37,3054.632138
0.9,36,3054.647965
0.9138889,31,3054.717588
0.9138889,31,3054.731835
0.875,45,3054.802833
0.9027778,35,3054.863586
0.8666667,48,3054.864589
0.90555555,34,3054.864589
0.88055557,43,3054.880853
0.9,36,3054.884864
0.89444447,38,3054.959946
0.9,36,3054.969554
0.9027778,35,3055.038953
0.9138889,31,3055.107865
0.8972222,37,3055.111691
0.8972222,37,3055.111691
0.86944443,47,3055.189688
0.88611114,41,3055.194906
0.90555555,34,3055.211847
0.87777776,44,3055.272955
0.9138889,31,3055.295132
0.9111111,32,3055.303704
0.87777776,44,3055.361092
0.8833333,42,3055.375294
0.90833336,33,3055.379859
0.8972222,37,3055.454315
0.86944443,47,3055.509672
0.9138889,31,3055.519482
0.9138889,31,3055.52536
0.88611114,41,3055.531886
0.9111111,32,3055.583674
0.9,36,3055.616054
0.88055557,43,3055.683732
0.91944444,29,3055.689789
0.9,36,3055.695836
0.9138889,31,3055.745652
0.9111111,32,3055.75877
0.90833336,33,3055.775227
0.8611111,50,3055.859924
0.89444447,38,3055.914198
0.9111111,32,3055.965095
0.9138889,31,3055.972938
0.8972222,37,3055.979485
0.90833336,33,3056.049894
0.91944444,29,3056.057157
0.88611114,41,3056.072884
0.89166665,39,3056.177644
0.9,36,3056.18617
0.90833336,33,3056.18617
0.89166665,39,3056.27128
0.8833333,42,3056.274323
0.90555555,34,3056.277833
0.8972222,37,3056.334115
0.90833336,33,3056.334115
0.89444447,38,3056.467527
0.89444447,38,3056.522301
0.91944444,29,3056.52996
0.9027778,35,3056.555358
0.91944444,29,3056.555358
0.9027778,35,3056.562816
0.8611111,50,3056.615905
0.9,36,3056.633013
0.91944444,29,3056.734402
0.9166667,30,3056.757623
0.90833336,33,3056.767585
0.9138889,31,3056.839207
0.9138889,31,3056.850049
0.90555555,34,3056.854066
0.9138889,31,3056.863552
0.9027778,35,3056.936141
0.9166667,30,3057.029992
0.9,36,3057.059675
0.88055557,43,3057.063695
0.90833336,33,3057.11981
0.9138889,31,3057.125257
0.90833336,33,3057.12591
0.9,36,3057.12591
0.9,36,3057.213676
0.9166667,30,3057.254616
0.90833336,33,3057.32979
0.91944444,29,3057.334059
0.90555555,34,3057.387747
0.9027778,35,3057.396677
0.9027778,35,3057.397753
0.8972222,37,3057.48202
0.8527778,53,3057.486126
0.8888889,40,3057.552766
0.9027778,35,3057.571532
0.90555555,34,3057.582918
0.88611114,41,3057.633889
0.8888889,40,3057.652716
0.875,45,3057.667621
0.9,36,3057.727873
0.8972222,37,3057.727873
0.89166665,39,3057.809936
0.9027778,35,3057.827704
0.9111111,32,3057.886168
0.9138889,31,3057.899582
0.88611114,41,3057.901587
0.86388886,49,3057.905848
0.9111111,32,3057.969816
0.89166665,39,3057.996723
0.9111111,32,3058.053896
0.9138889,31,3058.06944
0.9138889,31,3058.08606
0.89444447,38,3058.166795
0.90833336,33,3058.169496
0.88611114,41,3058.221597
0.9,36,3058.244461
0.84166664,57,3058.307582
0.88611114,41,3058.314529
0.89444447,38,3058.317538
0.8888889,40,3058.382199
0.90833336,33,3058.411643
0.8972222,37,3058.41365
0.875,45,3058.475591
0.89166665,39,3058.499606
0.9166667,30,3058.555456
0.9111111,32,3058.560339
0.89444447,38,3058.571159
0.8972222,37,3058.645638
0.90833336,33,3058.664385
0.9138889,31,3058.724506
0.9138889,31,3058.741544
0.87222224,46,3058.74759
0.8972222,37,3058.808471
0.9111111,32,3058.808471
0.89166665,39,3058.820866
0.89444447,38,3058.907537
0.90555555,34,3058.910478
0.90833336,33,3058.924383
0.89444447,38,3058.999932
0.89166665,39,3059.010878
0.90833336,33,3059.010878
0.90555555,34,3059.067625
0.87222224,46,3059.098812
0.9111111,32,3059.14249
0.9138889,31,3059.161472
0.89166665,39,3059.174409
0.9138889,31,3059.2448
0.9111111,32,3059.260908
0.8833333,42,3059.333898
0.86944443,47,3059.340856
0.9138889,31,3059.344367
0.9027778,35,3059.358266
0.90833336,33,3059.410964
0.9166667,30,3059.415026
0.90555555,34,3059.526299
0.89166665,39,3059.526299
0.9138889,31,3059.587768
0.9111111,32,3059.587768
0.9,36,3059.597616
0.91944444,29,3059.604103
0.9027778,35,3059.616001
0.9138889,31,3059.616001
0.90555555,34,3059.754895
0.91944444,29,3059.765733
0.8972222,37,3059.765733
0.90555555,34,3059.814521
0.9138889,31,3059.817532
0.91944444,29,3059.821603
0.9,36,3059.847241
0.8388889,58,3059.963678
0.8972222,37,3059.986075
0.90555555,34,3059.999564
0.8888889,40,3060.049102
0.89166665,39,3060.056331
0.86388886,49,3060.079577
0.89444447,38,3060.081582
0.84166664,57,3060.202937
0.9111111,32,3060.284057
0.9027778,35,3060.287632
0.86388886,49,3060.338266
0.88055557,43,3060.342325
0.9111111,32,3060.354494
0.87222224,46,3060.423689
0.89166665,39,3060.425695
0.91944444,29,3060.529628
0.9,36,3060.536192
0.9,36,3060.539843
0.8972222,37,3060.593891
0.90833336,33,3060.623525
0.9027778,35,3060.667678
0.87777776,44,3060.674104
0.825,63,3060.674104
0.90833336,33,3060.767848
0.89444447,38,3060.829769
0.87222224,46,3060.852774
0.9111111,32,3060.857525
0.90833336,33,3060.864231
0.89444447,38,3060.921734
0.87777776,44,3060.933764
0.91944444,29,3060.940737
0.8138889,67,3061.021622
0.89166665,39,3061.081856
0.90833336,33,3061.087712
0.8972222,37,3061.098047
0.91944444,29,3061.100683
0.9027778,35,3061.103998
0.8972222,37,3061.174646
0.87222224,46,3061.253774
0.89166665,39,3061.310366
0.9111111,32,3061.314445
0.9138889,31,3061.325468
0.9166667,30,3061.3999
0.875,45,3061.411073
0.88055557,43,3061.411073
0.85555553,52,3061.417594
0.90833336,33,3061.484741
0.9138889,31,3061.507803
0.88611114,41,3061.563649
0.88611114,41,3061.567661
0.9166667,30,3061.582567
0.89444447,38,3061.64922
0.9,36,3061.64922
0.88055557,43,3061.653234
0.9138889,31,3061.659822
0.9111111,32,3061.774089
0.9027778,35,3061.779892
0.87222224,46,3096.00248
0.89444447,38,3096.061513
0.90833336,33,3096.073666
0.89444447,38,3096.090517
0.9111111,32,3096.175377
0.8666667,48,3096.179907
0.9111111,32,3096.226134
0.83055556,61,3096.255697
0.89166665,39,3096.307785
0.90833336,33,3096.311813
0.8972222,37,3096.340153
0.8472222,55,3096.417623
0.9111111,32,3096.417623
0.89444447,38,3096.473903
0.9138889,31,3096.497473
0.9027778,35,3096.502464
0.90555555,34,3096.507661
0.8611111,50,3096.556075
0.9166667,30,3096.57076
0.8888889,40,3096.697824
0.8833333,42,3096.705855
0.91944444,29,3096.712116
0.91944444,29,3096.720249
0.90833336,33,3096.720249
0.90555555,34,3096.786268
0.8833333,42,3096.789849
0.8361111,59,3096.857512
0.9111111,32,3096.890567
0.9027778,35,3096.945709
0.88055557,43,3096.961406
0.9111111,32,3096.970188
0.87222224,46,3097.027678
0.8972222,37,3097.031709
0.91944444,29,3097.038779
0.8527778,53,3097.052463
0.9111111,32,3097.119396
0.91944444,29,3097.123312
0.90833336,33,3097.193991
0.90555555,34,3097.207825
0.9111111,32,3097.215347
0.9111111,32,3097.263414
0.9,36,3097.275329
0.90555555,34,3097.286494
0.9138889,31,3097.342725
0.9111111,32,3097.349908
0.91944444,29,3097.421643
0.9,36,3097.429761
0.90833336,33,3097.447818
0.9166667,30,3097.447818
0.89166665,39,3097.507879
0.9027778,35,3097.523932
0.9138889,31,3097.527471
0.9166667,30,3097.529502
0.9138889,31,3097.607531
0.9138889,31,3097.682235
0.91944444,29,3097.690276
0.89166665,39,3097.690276
0.89444447,38,3097.747478
0.91944444,29,3097.756081
0.8972222,37,3097.776841
0.88611114,41,3097.827581
0.89444447,38,3097.860869
0.9111111,32,3097.920764
0.9027778,35,3097.926104
0.9,36,3097.933691
0.90833336,33,3097.946587
0.8972222,37,3098.02545
0.84166664,57,3098.10535
0.9027778,35,3098.10535
0.9138889,31,3098.113888
0.86388886,49,3098.15972
0.91944444,29,3098.16993
0.8972222,37,3098.16993
0.8972222,37,3098.181513
0.90555555,34,3098.261966
0.90555555,34,3098.343942
0.91944444,29,3098.349505
0.9027778,35,3098.355077
0.90833336,33,3098.355077
0.9138889,31,3098.415246
0.89444447,38,3098.42975
0.8611111,50,3098.443779
0.9111111,32,3098.563082
0.91944444,29,3098.563082
0.91944444,29,3098.577764
0.8666667,48,3098.577764
0.89444447,38,3098.625213
0.88055557,43,3098.640255
0.9,36,3098.6495
0.8833333,42,3098.725437
0.91944444,29,3098.734602
0.9111111,32,3098.744326
0.90833336,33,3098.804564
0.9,36,3098.813522
0.9027778,35,3098.878287
0.90833336,33,3098.878287
0.89166665,39,3098.878287
0.9138889,31,3098.967854
0.90555555,34,3098.967854
0.86388886,49,3099.047728
0.89444447,38,3099.049751
0.9166667,30,3099.057916
0.90833336,33,3099.107893
0.8972222,37,3099.121476
0.8361111,59,3099.208698
0.90833336,33,3099.281981
0.90833336,33,3099.290401
0.89444447,38,3099.299942
0.8472222,55,3099.359549
0.8472222,55,3099.359549
0.88611114,41,3099.37211
0.87222224,46,3099.451002
0.88611114,41,3099.521591
0.89166665,39,3099.543188
0.9138889,31,3099.550681
0.8972222,37,3099.557995
0.9111111,32,3099.602885
0.8666667,48,3099.620555
0.88611114,41,3099.620555
0.9138889,31,3099.631018
0.9138889,31,3099.743397
0.9166667,30,3099.747719
0.89166665,39,3099.750569
0.91944444,29,3099.77778
0.91944444,29,3099.83175
0.875,45,3099.846312
0.87777776,44,3099.852391
0.91944444,29,3099.924453
0.9138889,31,3099.92746
0.8527778,53,3099.937889
0.90555555,34,3099.987822
0.9111111,32,3100.010861
0.9138889,31,3100.016903
0.90555555,34,3100.087662
0.91944444,29,3100.145196
0.88055557,43,3100.151475
0.89166665,39,3100.180005
0.91944444,29,3100.229707
0.89444447,38,3100.234401
0.8972222,37,3100.238329
0.8972222,37,3100.263047
0.9138889,31,3100.315682
0.9138889,31,3100.411708
0.8833333,42,3100.419055
0.9138889,31,3100.419055
0.9138889,31,3100.424311
0.87222224,46,3100.427819
0.89444447,38,3100.48309
0.91944444,29,3100.497805
0.87777776,44,3100.574489
0.91944444,29,3100.637862
0.90833336,33,3100.64767
0.8972222,37,3100.669054
0.89166665,39,3100.717743
0.89166665,39,3100.721732
0.89166665,39,3100.749509
0.91944444,29,3100.755576
0.86944443,47,3100.815544
0.9138889,31,3100.838269
0.9138889,31,3100.844048
0.90833336,33,3100.92225
0.9027778,35,3100.973031
0.8888889,40,3100.97758
0.90555555,34,3101.009622
0.8888889,40,3101.060492
0.88055557,43,3101.074225
0.90555555,34,3101.079757
0.91944444,29,3101.159881
0.89444447,38,3101.176105
0.89166665,39,3101.231641
0.84166664,57,3101.237917
0.91944444,29,3101.24447
0.9027778,35,3101.321158
0.86944443,47,3101.337945
0.8888889,40,3101.386193
0.89444447,38,3101.41152
0.90833336,33,3101.467569
0.9138889,31,3101.467569
0.9138889,31,3101.549775
0.88055557,43,3101.557648
0.85833335,51,3101.557648
0.90555555,34,3101.581962
0.8888889,40,3101.635688
0.8972222,37,3101.657607
0.9,36,3101.705906
0.89444447,38,3101.713444
0.9111111,32,3101.733343
0.90833336,33,3101.74309
0.88055557,43,3101.818864
0.9,36,3101.8219
0.9138889,31,3101.882541
0.87777776,44,3101.90243
0.90833336,33,3101.904758
0.88055557,43,3101.977109
0.9,36,3101.979029
0.89444447,38,3102.032247
0.9111111,32,3102.045413
0.90555555,34,3102.049941
0.89166665,39,3102.132355
0.90555555,34,3102.145536
0.9,36,3102.14754
0.91944444,29,3102.227846
0.88611114,41,3102.272566
0.88055557,43,3102.276573
0.90833336,33,3102.286011
0.8888889,40,3102.289901
0.91944444,29,3102.35777
0.9138889,31,3102.368921
0.89166665,39,3102.385711
0.9138889,31,3102.463735
0.9027778,35,3102.53269
0.8833333,42,3102.534697
0.8666667,48,3102.615685
0.8611111,50,3102.615685
0.8833333,42,3102.636912
0.89444447,38,3102.676384
0.91944444,29,3102.679912
0.8611111,50,3102.691775
0.91944444,29,3102.709397
0.90833336,33,3102.759514
0.9027778,35,3102.847813
0.89444447,38,3102.857544
0.91944444,29,3102.857544
0.9138889,31,3102.860121
0.90555555,34,3102.867943
0.9027778,35,3102.925661
0.89166665,39,3103.010337
0.88055557,43,3103.014424
0.9138889,31,3103.122602
0.9138889,31,3103.127855
0.8888889,40,3103.145822
0.9,36,3103.151848
0.9138889,31,3103.152925
0.8833333,42,3103.203074
0.90833336,33,3103.291658
0.88611114,41,3103.321367
0.90555555,34,3103.325679
0.90555555,34,3103.367562
0.90833336,33,3103.383588
0.9138889,31,3103.39174
0.89444447,38,3103.404765
0.84444445,56,3103.537695
0.8833333,42,3103.542471
0.89166665,39,3103.603959
0.89444447,38,3103.603959
0.8972222,37,3103.603959
0.9111111,32,3103.614061
0.89444447,38,3103.623344
0.875,45,3103.714669
0.91944444,29,3103.790987
0.89166665,39,3103.801528
0.89444447,38,3103.859641
0.8888889,40,3103.874074
0.8611111,50,3103.876707
0.9166667,30,3103.939661
0.85833335,51,3103.94521
0.8666667,48,3103.951668
0.9,36,3104.027678
0.9,36,3104.045109
0.9166667,30,3104.095246
0.9138889,31,3104.10234
0.8888889,40,3104.115431
0.9138889,31,3104.173071
0.90833336,33,3104.173071
0.89444447,38,3104.184325
0.91944444,29,3104.255391
0.89166665,39,3104.273752
0.9138889,31,3104.277761
0.90555555,34,3104.279791
0.90833336,33,3104.354746
0.88055557,43,3104.410838
0.9,36,3104.4154
0.9027778,35,3104.493869
0.9027778,35,3104.522609
0.8833333,42,3104.583112
0.9138889,31,3104.585691
0.91944444,29,3104.593529
0.8666667,48,3104.597638
0.80833334,69,3104.601665
0.9111111,32,3104.645451
0.9138889,31,3104.677549
0.9027778,35,3104.829723
0.90833336,33,3104.839874
0.8972222,37,3104.84761
0.91944444,29,3104.917975
0.85555553,52,3104.942473
0.87222224,46,3104.95092
0.8277778,62,3104.998543
0.85555553,52,3105.009515
0.9138889,31,3105.099789
0.8972222,37,3105.129839
0.88611114,41,3105.129839
0.9111111,32,3105.133448
0.8972222,37,3105.224994
0.90555555,34,3105.230078
0.8972222,37,3105.236284
0.8972222,37,3105.293039
0.90555555,34,3105.399837
0.89444447,38,3105.415212
0.9,36,3105.495342
0.8611111,50,3105.547929
0.9027778,35,3105.559939
0.88611114,41,3105.565955
0.825,63,3105.565955
0.875,45,3105.577533
0.91944444,29,3105.659545
0.86944443,47,3105.755131
0.9166667,30,3105.766017
0.8972222,37,3105.772572
0.90833336,33,3105.831767
0.89444447,38,3105.840318
0.9138889,31,3105.85786
0.8388889,58,3105.931578
0.91944444,29,3105.982073
0.89166665,39,3106.009914
0.91944444,29,3106.016581
0.9138889,31,3106.084873
0.88611114,41,3106.095504
0.7777778,80,3106.144285
0.83055556,61,3106.179515
0.9,36,3106.247682
0.91944444,29,3106.25393
0.8833333,42,3106.261896
0.89444447,38,3106.339185
0.9111111,32,3106.341932
0.9111111,32,3106.353369
0.9111111,32,3106.36338
0.9166667,30,3106.435973
0.91944444,29,3106.441742
0.9138889,31,3106.446276
0.91944444,29,3106.44889
0.8972222,37,3106.573465
0.90555555,34,3106.585531
0.90833336,33,3106.65057
0.9138889,31,3106.658734
0.90833336,33,3106.660764
0.86388886,49,3106.662769
0.8277778,62,3106.74093
0.86944443,47,3106.74783
0.91944444,29,3106.829392
0.91944444,29,3106.840246
0.91944444,29,3106.846433
0.90833336,33,3106.89591
0.85833335,51,3106.907609
0.9111111,32,3106.969956
0.84444445,56,3106.979494
0.9027778,35,3106.987652
0.89166665,39,3107.079668
0.89444447,38,3107.083677
0.9138889,31,3107.149805
0.90833336,33,3107.21347
0.8611111,50,3107.22121
0.8666667,48,3107.226334
0.84444445,56,3107.261594
0.8472222,55,3107.359807
0.9027778,35,3107.359807
0.9,36,3107.431854
0.90555555,34,3107.488144
0.8527778,53,3107.507175
0.9027778,35,3107.511736
0.88055557,43,3107.567483
0.87222224,46,3107.575537
0.9111111,32,3107.584553
0.90833336,33,3107.587449
0.9027778,35,3107.674769
0.90555555,34,3107.685744
0.90833336,33,3107.739786
0.90555555,34,3107.747864
0.9138889,31,3107.765315
0.9027778,35,3107.770158
0.8972222,37,3107.83954
0.89166665,39,3107.850247
0.9166667,30,3107.909543
0.89166665,39,3107.924511
0.90833336,33,3107.927521
0.9138889,31,3107.989594
0.8888889,40,3108.001644
0.87777776,44,3108.077659
0.875,45,3108.144825
0.875,45,3108.152631
0.90555555,34,3108.161962
0.88055557,43,3108.17212
0.89444447,38,3108.17212
0.9111111,32,3108.23365
0.89166665,39,3108.241647
0.90833336,33,3108.309824
0.91944444,29,3108.329969
0.90555555,34,3108.379046
0.9111111,32,3108.400518
0.90555555,34,3108.407716
0.89166665,39,3108.413766
0.9027778,35,3108.476192
0.89166665,39,3108.55559
0.9138889,31,3108.559619
0.8472222,55,3108.568853
0.91944444,29,3108.615036
0.87777776,44,3108.633225
0.9027778,35,3108.641597
0.90833336,33,3108.697698
0.87222224,46,3108.713069
0.90833336,33,3108.787832
0.9138889,31,3108.789856
0.9,36,3108.793866
0.9138889,31,3108.793866
0.9138889,31,3108.8604
0.9111111,32,3108.874224
0.9138889,31,3108.941567
0.88611114,41,3108.973073
0.90833336,33,3109.031875
0.9027778,35,3109.045831
0.9027778,35,3109.045831
0.90833336,33,3109.061787
0.9111111,32,3109.132843
0.8472222,55,3109.182524
0.91944444,29,3109.182524
0.84166664,57,3109.26511
0.9027778,35,3109.273895
0.87222224,46,3109.33772
0.89166665,39,3109.343755
0.9138889,31,3109.35324
0.9138889,31,3109.361519
0.90833336,33,3109.36752
0.8472222,55,3109.421574
0.9138889,31,3109.448966
0.90833336,33,3109.530578
0.9027778,35,3109.582049
0.875,45,3109.586758
0.90555555,34,3109.604925
0.8888889,40,3109.607496
0.91944444,29,3109.66591
0.85555553,52,3109.736493
0.8666667,48,3109.74077
0.9138889,31,3109.749906
0.9166667,30,3109.824343
0.89444447,38,3109.832214
0.86944443,47,3109.913404
0.8833333,42,3109.924475
0.88611114,41,3109.949908
0.90555555,34,3109.957515
0.90555555,34,3110.019948
0.875,45,3144.027844
0.8972222,37,3144.089135
0.9138889,31,3144.10457
0.9111111,32,3144.1175
0.87222224,46,3144.169187
0.90833336,33,3144.183831
0.8972222,37,3144.19062
0.90833336,33,3144.197664
0.9138889,31,3144.256404
0.91944444,29,3144.263939
0.91944444,29,3144.318959
0.90833336,33,3144.347566
0.90833336,33,3144.357896
0.9166667,30,3144.42795
0.9166667,30,3144.432831
0.9027778,35,3144.437638
0.9138889,31,3144.493828
0.9111111,32,3144.519699
0.8888889,40,3144.57391
0.9138889,31,3144.594057
0.89166665,39,3144.609741
0.9027778,35,3144.661984
0.91944444,29,3144.672088
0.8972222,37,3144.677604
0.85833335,51,3144.758723
0.8972222,37,3144.762735
0.90555555,34,3144.766776
0.91944444,29,3144.769573
0.91944444,29,3144.825339
0.9138889,31,3144.839653
0.9027778,35,3144.905996
0.88611114,41,3144.969696
0.9138889,31,3144.983976
0.91944444,29,3144.983976
0.9138889,31,3144.992846
0.9027778,35,3144.999794
0.9027778,35,3145.061615
0.9138889,31,3145.090807
0.8888889,40,3145.140057
0.91944444,29,3145.153383
0.91944444,29,3145.171974
0.90555555,34,3145.218615
0.8972222,37,3145.2278
0.90555555,34,3145.233835
0.91944444,29,3145.238437
0.90833336,33,3145.319563
0.9111111,32,3145.323452
0.9166667,30,3145.389576
0.89444447,38,3145.396579
0.9166667,30,3145.396579
0.90833336,33,3145.457589
0.90833336,33,3145.471606
0.8833333,42,3145.535266
0.91944444,29,3145.539946
0.9138889,31,3145.551323
0.9166667,30,3145.623586
0.90555555,34,3145.633811
0.90833336,33,3145.637473
0.90555555,34,3145.660981
0.9138889,31,3145.707657
0.9138889,31,3145.735031
0.91944444,29,3145.739938
0.9027778,35,3145.790032
0.9138889,31,3145.816981
0.9027778,35,3145.879193
0.9027778,35,3145.882264
0.90833336,33,3145.897619
0.91944444,29,3145.957925
0.89166665,39,3145.972141
0.91944444,29,3145.978394
0.88611114,41,3146.059034
0.9166667,30,3146.059034
0.91944444,29,3146.147796
0.89166665,39,3146.150213
0.90555555,34,3146.150213
0.88055557,43,3146.164383
0.90833336,33,3146.217685
0.9027778,35,3146.235245
0.9027778,35,3146.311125
0.9027778,35,3146.311125
0.91944444,29,3146.346298
0.9138889,31,3146.393865
0.90833336,33,3146.403652
0.9111111,32,3146.411389
0.90833336,33,3146.477766
0.89444447,38,3146.479788
0.91944444,29,3146.499632
0.91944444,29,3146.499632
0.9166667,30,3146.579914
0.91944444,29,3146.579914
0.91944444,29,3146.59614
0.9138889,31,3146.651609
0.9111111,32,3146.720494
0.90833336,33,3146.729423
0.91944444,29,3146.729423
0.89166665,39,3146.814544
0.91944444,29,3146.819906
0.9111111,32,3146.873972
0.90833336,33,3146.889635
0.9138889,31,3146.896521
0.91944444,29,3146.970156
0.91944444,29,3146.9706
0.9027778,35,3146.981817
0.9138889,31,3147.054459
0.9111111,32,3147.061652
0.9138889,31,3147.069818
0.91944444,29,3147.126058
0.9027778,35,3147.149932
0.9138889,31,3147.176986
0.9,36,3147.236855
0.91944444,29,3147.261869
0.9138889,31,3147.261869
0.91944444,29,3147.311579
0.9138889,31,3147.333078
0.86388886,49,3147.341381
0.9027778,35,3147.402444
0.90833336,33,3147.416644
0.9111111,32,3147.471218
0.91944444,29,3147.484674
0.91944444,29,3147.494272
0.9027778,35,3147.507556
0.91944444,29,3147.553146
0.9138889,31,3147.573076
0.91944444,29,3147.591604
0.91944444,29,3147.652282
0.9138889,31,3147.673704
0.91944444,29,3147.687749
0.9111111,32,3147.733328
0.90833336,33,3147.754305
0.90833336,33,3147.761685
0.9166667,30,3147.763689
0.9138889,31,3147.835836
0.8972222,37,3147.840358
0.9138889,31,3147.902393
0.90833336,33,3147.926571
0.90833336,33,3147.929691
0.90833336,33,3148.041162
0.89444447,38,3148.108453
0.9138889,31,3148.127659
0.9111111,32,3148.144409
0.89444447,38,3148.144409
0.8611111,50,3148.147621
0.91944444,29,3148.197937
0.91944444,29,3148.202439
0.9138889,31,3148.229766
0.9111111,32,3148.295845
0.9138889,31,3148.306228
0.91944444,29,3148.371264
0.9138889,31,3148.375116
0.9138889,31,3148.375116
0.9166667,30,3148.382226
0.89166665,39,3148.467133
0.90833336,33,3148.477782
0.91944444,29,3148.547513
0.9027778,35,3148.559459
0.91944444,29,3148.572438
0.9166667,30,3148.624609
0.9,36,3148.635779
0.9,36,3148.641224
0.9138889,31,3148.709889
0.9138889,31,3148.722191
0.91944444,29,3148.803937
0.9027778,35,3148.813981
0.91944444,29,3148.82419
0.88611114,41,3148.82419
0.8972222,37,3148.882772
0.9027778,35,3148.892181
0.9027778,35,3148.917805
0.9027778,35,3148.970831
0.9138889,31,3148.995115
0.91944444,29,3148.999652
0.91944444,29,3149.053803
0.91944444,29,3149.053803
0.89444447,38,3149.145896
0.89444447,38,3149.152516
0.9111111,32,3149.157857
0.9138889,31,3149.164465
0.91944444,29,3149.230162
0.91944444,29,3149.246239
0.90833336,33,3149.246239
0.89166665,39,3149.322963
0.9138889,31,3149.340381
0.9138889,31,3149.394187
0.9027778,35,3149.406451
0.90833336,33,3149.409986
0.91944444,29,3149.474301
0.9111111,32,3149.488142
0.91944444,29,3149.515381
0.8833333,42,3149.515381
0.91944444,29,3149.577945
0.91944444,29,3149.587855
0.91944444,29,3149.600821
0.9,36,3149.661483
0.9111111,32,3149.670757
0.9138889,31,3149.677625
0.9138889,31,3149.741508
0.9138889,31,3149.741508
0.9027778,35,3149.820781
0.91944444,29,3149.824798
0.9,36,3149.835207
0.9111111,32,3149.91126
0.9138889,31,3149.919969
0.9111111,32,3149.928783
0.9138889,31,3149.993269
0.9138889,31,3149.993269
0.91944444,29,3150.025823
0.91944444,29,3150.029859
0.90833336,33,3150.096919
0.91944444,29,3150.104167
0.9111111,32,3150.125244
0.91944444,29,3150.125244
0.9138889,31,3150.197948
0.9138889,31,3150.274232
0.88055557,43,3150.284727
0.91944444,29,3150.291214
0.89444447,38,3150.295794
0.9138889,31,3150.362207
0.9138889,31,3150.362207
0.9166667,30,3150.419196
0.91944444,29,3150.499732
0.85,54,3150.499732
0.90833336,33,3150.505269
0.91944444,29,3150.513635
0.9111111,32,3150.519127
0.91944444,29,3150.5397
0.90833336,33,3150.593562
0.89444447,38,3150.675682
0.9166667,30,3150.68536
0.9138889,31,3150.69109
0.9,36,3150.745595
0.90833336,33,3150.750623
0.88611114,41,3150.768308
0.9027778,35,3150.831838
0.88611114,41,3150.845102
0.90833336,33,3150.913832
0.91944444,29,3150.937873
0.9,36,3150.941892
0.90833336,33,3150.954312
0.86944443,47,3151.014004
0.89444447,38,3151.030816
0.9027778,35,3151.087811
0.91944444,29,3151.092309
0.89166665,39,3151.092309
0.91944444,29,3151.112354
0.90555555,34,3151.173791
0.9166667,30,3151.173791
0.91944444,29,3151.190192
0.91944444,29,3151.244917
0.9138889,31,3151.310212
0.90555555,34,3151.316224
0.90833336,33,3151.319005
0.91944444,29,3151.339689
0.9138889,31,3151.406457
0.91944444,29,3151.418212
0.91944444,29,3151.429804
0.8888889,40,3151.433817
0.91944444,29,3151.499766
0.9138889,31,3151.511786
0.9138889,31,3151.519995
0.90833336,33,3151.519995
0.9138889,31,3151.597841
0.9,36,3151.64648
0.90833336,33,3151.667542
0.91944444,29,3151.68192
0.91944444,29,3151.731941
0.88611114,41,3151.738212
0.91944444,29,3151.745101
0.90555555,34,3151.768639
0.91944444,29,3151.827721
0.9,36,3151.898973
0.9027778,35,3151.914079
0.9138889,31,3151.919627
0.91944444,29,3151.921561
0.90555555,34,3151.978136
0.9,36,3151.993516
0.90833336,33,3152.000715
0.9138889,31,3152.01473
0.91944444,29,3152.073613
0.9138889,31,3152.093604
0.9138889,31,3152.139594
0.90833336,33,3152.143603
0.9138889,31,3152.159092
0.91944444,29,3152.171994
0.9027778,35,3152.227946
0.90833336,33,3152.240343
0.91944444,29,3152.250785
0.91944444,29,3152.321481
0.91944444,29,3152.325053
0.91944444,29,3152.375588
0.875,45,3152.39881
0.90833336,33,3152.400817
0.9027778,35,3152.460099
0.91944444,29,3152.462104
0.90833336,33,3152.467484
0.9166667,30,3152.531849
0.91944444,29,3152.553774
0.9,36,3152.560394
0.90833336,33,3152.63519
0.91944444,29,3152.641878
0.8888889,40,3152.699515
0.90833336,33,3152.705325
0.91944444,29,3152.718889
0.89444447,38,3152.718889
0.90833336,33,3152.78684
0.9027778,35,3152.787627
0.9111111,32,3152.855568
0.91944444,29,3152.872861
0.90555555,34,3152.872861
0.9111111,32,3152.884721
0.91944444,29,3152.887698
0.9138889,31,3152.931616
0.91944444,29,3152.95998
0.91944444,29,3152.95998
0.9138889,31,3153.070871
0.8972222,37,3153.077626
0.90833336,33,3153.079793
0.9138889,31,3153.085222
0.9138889,31,3153.096385
0.9027778,35,3153.102798
0.9166667,30,3153.163377
0.90833336,33,3153.1798
0.91944444,29,3153.264137
0.9138889,31,3153.264137
0.90833336,33,3153.275347
0.9166667,30,3153.320453
0.90833336,33,3153.320453
0.9,36,3153.345442
0.90833336,33,3153.402961
0.88611114,41,3153.418564
0.9138889,31,3153.474182
0.9111111,32,3153.47633
0.91944444,29,3153.486852
0.9111111,32,3153.491394
0.9027778,35,3153.545454
0.90833336,33,3153.56483
0.9027778,35,3153.629403
0.8972222,37,3153.649785
0.9111111,32,3153.653208
0.91944444,29,3153.697639
0.90555555,34,3153.701666
0.9138889,31,3153.701666
0.8972222,37,3153.779884
0.90555555,34,3153.857527
0.91944444,29,3153.863554
0.91944444,29,3153.867823
0.91944444,29,3153.875809
0.9138889,31,3153.879837
0.8611111,50,3153.883772
0.9027778,35,3153.931816
0.9138889,31,3153.959561
0.9111111,32,3154.034743
0.9166667,30,3154.040212
0.90833336,33,3154.045255
0.9138889,31,3154.096002
0.9027778,35,3154.104578
0.90833336,33,3154.104578
0.89444447,38,3154.175602
0.90833336,33,3154.187728
0.9138889,31,3154.257744
0.90833336,33,3154.277496
0.9138889,31,3154.281526
0.91944444,29,3154.283029
0.89444447,38,3154.287538
0.9138889,31,3154.32794
0.90833336,33,3154.363978
0.9138889,31,3154.407618
0.90555555,34,3154.486316
0.91944444,29,3154.486316
0.9138889,31,3154.497895
0.9138889,31,3154.49992
0.90555555,34,3154.505267
0.8972222,37,3154.56132
0.9138889,31,3154.575768
0.9111111,32,3154.579793
0.9166667,30,3154.659749
0.9138889,31,3154.661752
0.9111111,32,3154.726414
0.90833336,33,3154.726414
0.9027778,35,3154.727918
0.90833336,33,3154.747651
0.90833336,33,3154.799947
0.90555555,34,3154.809633
0.9111111,32,3154.876118
0.90833336,33,3154.881674
0.91944444,29,3154.892226
0.9138889,31,3154.897768
0.9111111,32,3154.943961
0.91944444,29,3154.957702
0.90833336,33,3155.03787
0.89166665,39,3155.045399
0.90555555,34,3155.103824
0.9138889,31,3155.110921
0.91944444,29,3155.116934
0.9027778,35,3155.131671
0.8888889,40,3155.131671
0.90833336,33,3155.181872
0.90833336,33,3155.277625
0.89444447,38,3155.28504
0.9138889,31,3155.35102
0.90833336,33,3155.35102
0.9027778,35,3155.35102
0.9138889,31,3155.367003
0.9138889,31,3155.377596
0.8972222,37,3155.385966
0.91944444,29,3155.465065
0.91944444,29,3155.544176
0.90833336,33,3155.557728
0.90833336,33,3155.557728
0.90833336,33,3155.609434
0.9138889,31,3155.614515
0.9138889,31,3155.626207
0.8472222,55,3155.643816
0.8972222,37,3155.721631
0.91944444,29,3155.773519
0.90833336,33,3155.773519
0.90833336,33,3155.784934
0.9166667,30,3155.78839
0.91944444,29,3155.78839
0.9138889,31,3155.85217
0.88611114,41,3155.873371
0.90833336,33,3155.945543
0.9138889,31,3155.947546
0.9,36,3156.007861
0.9138889,31,3156.007861
0.9027778,35,3156.021328
0.90833336,33,3156.085562
0.875,45,3156.087718
0.9138889,31,3156.097785
0.91944444,29,3156.159023
0.91944444,29,3156.162802
0.91944444,29,3156.187706
0.90833336,33,3156.187706
0.9,36,3156.244095
0.91944444,29,3156.260066
0.9138889,31,3156.264075
0.9027778,35,3156.327512
0.91944444,29,3156.333948
0.9138889,31,3156.342213
0.9,36,3156.423426
0.9,36,3156.425433
0.9027778,35,3156.473653
0.91944444,29,3156.475657
0.90833336,33,3156.487789
0.91944444,29,3156.499848
0.89166665,39,3156.579772
0.8972222,37,3156.583285
0.90833336,33,3156.652529
0.91944444,29,3156.664556
0.89444447,38,3156.712434
0.89444447,38,3156.72324
0.90555555,34,3156.732859
0.91944444,29,3156.794225
0.8527778,53,3156.805875
0.9027778,35,3156.81415
0.91944444,29,3156.867537
0.9027778,35,3156.893554
0.90833336,33,3156.897563
0.9138889,31,3156.901736
0.9138889,31,3156.945559
0.9138889,31,3156.967007
0.9111111,32,3157.025876
0.9138889,31,3157.031935
0.90833336,33,3157.050942
0.90833336,33,3157.115638
0.9138889,31,3157.115638
0.90833336,33,3157.117754
0.91944444,29,3157.117754
0.91944444,29,3157.179968
0.91944444,29,3157.196204
0.9111111,32,3157.254768
0.91944444,29,3157.335133
0.89444447,38,3157.335133
0.9138889,31,3157.340786
0.9166667,30,3157.340786
0.90555555,34,3157.351072
0.91944444,29,3157.359548
0.9138889,31,3157.421987
0.9166667,30,3157.437618
0.91944444,29,3157.510584
0.9166667,30,3157.516626
0.9138889,31,3157.519733
0.9138889,31,3157.529834
0.9166667,30,3157.573656
0.89166665,39,3157.579686
0.9138889,31,3157.599737
0.90833336,33,3157.662133
0.9138889,31,3157.735634
0.90833336,33,3157.73903
0.9027778,35,3157.73903
0.91944444,29,3157.745068
0.9,36,3157.759757
0.9111111,32,3157.759757
0.9138889,31,3157.815456
0.90555555,34,3157.885084
0.9138889,31,3157.913096
0.9111111,32,3157.959941
0.90833336,33,3157.963977
0.91944444,29,3157.97351
0.9027778,35,3157.979344
0.90833336,33,3157.987819
0.9111111,32,3192.95388
0.8972222,37,3193.043817
0.9027778,35,3193.072895
0.9027778,35,3193.109607
0.9027778,35,3193.121703
0.87777776,44,3193.19557
0.8833333,42,3193.199598
0.8888889,40,3193.208282
0.8472222,55,3193.212458
0.89444447,38,3193.282795
0.9027778,35,3193.302808
0.87777776,44,3193.384983
0.9,36,3193.427577
0.9027778,35,3193.431607
0.85555553,52,3193.43462
0.8888889,40,3193.450778
0.8666667,48,3193.50959
0.875,45,3193.58793
0.9111111,32,3193.614015
0.8972222,37,3193.660316
0.8527778,53,3193.670775
0.88055557,43,3193.697913
0.8888889,40,3193.745198
0.87222224,46,3193.745605
0.89166665,39,3193.755551
0.90555555,34,3193.779971
0.8888889,40,3193.89013
0.88055557,43,3193.912615
0.8833333,42,3193.917792
0.89166665,39,3193.989912
0.88055557,43,3193.993145
0.8972222,37,3194.043155
0.8611111,50,3194.054064
0.8277778,62,3194.125737
0.89444447,38,3194.157686
0.87777776,44,3194.209766
0.8527778,53,3194.22419
0.8972222,37,3194.236503
0.88055557,43,3194.293539
0.8888889,40,3194.303426
0.8888889,40,3194.3154
0.86944443,47,3194.439556
0.9027778,35,3194.453751
0.88055557,43,3194.469779
0.9,36,3194.473789
0.9,36,3194.480242
0.9027778,35,3194.539583
0.8888889,40,3194.549667
0.88611114,41,3194.611912
0.9,36,3194.689955
0.8833333,42,3194.714714
0.89166665,39,3194.765926
0.87777776,44,3194.777856
0.85833335,51,3194.801044
0.88055557,43,3194.805055
0.89444447,38,3194.865639
0.9166667,30,3194.877911
0.8472222,55,3194.939952
0.89166665,39,3194.971323
0.9027778,35,3195.047823
0.8666667,48,3195.101393
0.89166665,39,3195.105859
0.8666667,48,3195.116482
0.90833336,33,3195.117486
0.86944443,47,3195.195108
0.89166665,39,3195.282015
0.8611111,50,3195.284478
0.8972222,37,3195.305662
0.90555555,34,3195.313439
0.9027778,35,3195.364836
0.89166665,39,3195.368361
0.9027778,35,3195.437924
0.825,63,3195.539996
0.8833333,42,3195.55317
0.89444447,38,3195.560227
0.8888889,40,3195.624866
0.88055557,43,3195.624866
0.89166665,39,3195.624866
0.85,54,3195.632574
0.89166665,39,3195.700881
0.8972222,37,3195.817561
0.89166665,39,3195.868083
0.87222224,46,3195.874116
0.89166665,39,3195.895902
0.8833333,42,3195.944789
0.86944443,47,3195.963271
0.87222224,46,3195.965909
0.88055557,43,3195.977971
0.8972222,37,3196.101547
0.88611114,41,3196.10757
0.90555555,34,3196.10757
0.875,45,3196.10757
0.90833336,33,3196.17186
0.8833333,42,3196.186358
0.89444447,38,3196.194995
0.8833333,42,3196.263732
0.9,36,3196.3579
0.9,36,3196.3579
0.8972222,37,3196.362611
0.88055557,43,3196.412528
0.88611114,41,3196.451987
0.8666667,48,3196.525578
0.875,45,3196.537816
0.875,45,3196.613424
0.90833336,33,3196.626931
0.89166665,39,3196.647751
0.9,36,3196.693181
0.8833333,42,3196.697813
0.9138889,31,3196.7147
0.9027778,35,3196.786428
0.8972222,37,3196.880812
0.85833335,51,3196.887782
0.88055557,43,3196.887782
0.8972222,37,3196.943183
0.89166665,39,3196.954827
0.87777776,44,3196.96003
0.88611114,41,3196.979439
0.8361111,59,3197.153269
0.88611114,41,3197.156296
0.8833333,42,3197.159836
0.875,45,3197.164407
0.8888889,40,3197.171926
0.90833336,33,3197.181799
0.89166665,39,3197.184689
0.8666667,48,3197.251949
0.90833336,33,3197.348128
0.90833336,33,3197.403579
0.8972222,37,3197.403579
0.87777776,44,3197.429833
0.90555555,34,3197.481701
0.86944443,47,3197.481701
0.8833333,42,3197.484791
0.875,45,3197.490046
0.89166665,39,3197.607724
0.9027778,35,3197.611762
0.9111111,32,3197.627676
0.875,45,3197.645982
0.90555555,34,3197.687778
0.90555555,34,3197.691044
0.88611114,41,3197.710446
0.86944443,47,3197.774651
0.90833336,33,3197.851913
0.88611114,41,3197.861552
0.88055557,43,3197.865302
0.90833336,33,3197.869803
0.8833333,42,3197.941859
0.8833333,42,3198.006238
0.86388886,49,3198.009784
0.8972222,37,3198.020817
0.91944444,29,3198.037729
0.9138889,31,3198.091493
0.9027778,35,3198.099563
0.87777776,44,3198.113646
0.88055557,43,3198.219803
0.89444447,38,3198.227402
0.9138889,31,3198.234783
0.89166665,39,3198.242104
0.9166667,30,3198.294534
0.9027778,35,3198.300466
0.85833335,51,3198.311978
0.8888889,40,3198.382388
0.9166667,30,3198.404254
0.9027778,35,3198.467842
0.8833333,42,3198.473882
0.9,36,3198.477526
0.88611114,41,3198.547671
0.9,36,3198.547671
0.88611114,41,3198.553447
0.90833336,33,3198.609063
0.91944444,29,3198.645961
0.8972222,37,3198.728466
0.8611111,50,3198.737952
0.87777776,44,3198.794718
0.89166665,39,3198.815305
0.88055557,43,3198.859542
0.8972222,37,3198.863375
0.875,45,3198.867885
0.9027778,35,3198.887699
0.9027778,35,3198.971606
0.91944444,29,3198.979652
0.88055557,43,3199.050614
0.8972222,37,3199.067649
0.9027778,35,3199.067649
0.8972222,37,3199.119869
0.89444447,38,3199.127972
0.8833333,42,3199.205768
0.8833333,42,3199.289937
0.90833336,33,3199.307522
0.91944444,29,3199.311843
0.9027778,35,3199.315993
0.85555553,52,3199.318531
0.8666667,48,3199.384565
0.8833333,42,3199.389591
0.89166665,39,3199.462186
0.9027778,35,3199.549844
0.88611114,41,3199.605327
0.89166665,39,3199.609239
0.86388886,49,3199.6178
0.8972222,37,3199.628702
0.875,45,3199.628702
0.89166665,39,3199.641886
0.86388886,49,3199.784902
0.8972222,37,3199.791236
0.9027778,35,3199.839612
0.90833336,33,3199.857968
0.88055557,43,3199.875349
0.89166665,39,3199.877603
0.9027778,35,3199.877603
0.87777776,44,3199.925953
0.90555555,34,3200.045204
0.88055557,43,3200.106032
0.90833336,33,3200.116607
0.90555555,34,3200.117612
0.8833333,42,3200.126293
0.85,54,3200.179353
0.8833333,42,3200.189769
0.8833333,42,3200.195788
0.9138889,31,3200.326508
0.8972222,37,3200.335596
0.87777776,44,3200.337601
0.9138889,31,3200.344417
0.89166665,39,3200.437546
0.88611114,41,3200.449629
0.8527778,53,3200.489964
0.85,54,3200.501921
0.90833336,33,3200.571718
0.8972222,37,3200.589924
0.86388886,49,3200.677703
0.9027778,35,3200.681489
0.84166664,57,3200.685499
0.875,45,3200.745094
0.87777776,44,3200.820595
0.90555555,34,3200.837523
0.88611114,41,3200.844878
0.8472222,55,3200.844878
0.90833336,33,3200.928009
0.90833336,33,3200.934656
0.88611114,41,3200.997957
0.8972222,37,3201.005006
0.90833336,33,3201.084143
0.89166665,39,3201.097831
0.86388886,49,3201.150896
0.88055557,43,3201.153044
0.88611114,41,3201.181221
0.89166665,39,3201.244113
0.8972222,37,3201.244113
0.87222224,46,3201.24612
0.89166665,39,3201.344536
0.90555555,34,3201.346542
0.86944443,47,3201.402406
0.8888889,40,3201.411669
0.89166665,39,3201.479534
0.8972222,37,3201.495876
0.88055557,43,3201.55372
0.88611114,41,3201.643418
0.86944443,47,3201.677939
0.875,45,3201.722562
0.9027778,35,3201.726409
0.8138889,67,3201.726409
0.8611111,50,3201.747584
0.87222224,46,3201.814895
0.8972222,37,3201.893429
0.9166667,30,3201.899969
0.85,54,3201.899969
0.8972222,37,3201.911899
0.89166665,39,3201.967898
0.87222224,46,3201.985773
0.89166665,39,3201.987778
0.89166665,39,3202.050697
0.9027778,35,3202.125252
0.88611114,41,3202.137888
0.9,36,3202.143044
0.89444447,38,3202.202765
0.8972222,37,3202.221895
0.85,54,3202.262918
0.8833333,42,3202.273594
0.90555555,34,3202.280973
0.9,36,3202.369906
0.89166665,39,3202.426358
0.87222224,46,3202.431723
0.88611114,41,3202.453153
0.8972222,37,3202.502088
0.8888889,40,3202.536011
0.875,45,3202.589638
0.85,54,3202.600668
0.9027778,35,3202.612203
0.9027778,35,3202.672005
0.8833333,42,3202.687865
0.8972222,37,3202.739923
0.8833333,42,3202.767171
0.89166665,39,3202.815456
0.90833336,33,3202.83319
0.8833333,42,3202.839728
0.87777776,44,3202.892624
0.9166667,30,3202.910891
0.9027778,35,3202.913213
0.8833333,42,3202.921107
0.9027778,35,3202.991514
0.88611114,41,3203.078026
0.88611114,41,3203.139501
0.8527778,53,3203.171887
0.8833333,42,3203.215605
0.88611114,41,3203.215605
0.85833335,51,3203.232159
0.875,45,3203.239155
0.875,45,3203.3098
0.88611114,41,3203.333948
0.9027778,35,3203.376338
0.9138889,31,3203.460227
0.89166665,39,3203.463053
0.89444447,38,3203.475671
0.8611111,50,3203.537508
0.9,36,3203.545264
0.85,54,3203.54962
0.89444447,38,3203.615619
0.89166665,39,3203.615619
0.8972222,37,3203.696719
0.90555555,34,3203.699747
0.8666667,48,3203.771923
0.8972222,37,3203.78441
0.875,45,3203.853987
0.85555553,52,3203.864821
0.9,36,3203.939941
0.8611111,50,3203.939941
0.91944444,29,3203.949588
0.8333333,60,3204.012254
0.86388886,49,3204.018019
0.91944444,29,3204.03381
0.87222224,46,3204.091503
0.88611114,41,3204.112667
0.90833336,33,3204.157724
0.90833336,33,3204.166062
0.8888889,40,3204.183138
0.9138889,31,3204.245336
0.89444447,38,3204.249876
0.8972222,37,3204.253884
0.9138889,31,3204.270851
0.89444447,38,3204.398973
0.89166665,39,3204.407891
0.8972222,37,3204.422552
0.90833336,33,3204.497754
0.8472222,55,3204.505588
0.88611114,41,3204.505588
0.88055557,43,3204.505588
0.875,45,3204.54991
0.9027778,35,3204.644841
0.875,45,3204.667853
0.87777776,44,3204.733934
0.9027778,35,3204.746005
0.8888889,40,3204.75263
0.8833333,42,3204.817923
0.87222224,46,3204.820981
0.86944443,47,3204.822986
0.88611114,41,3204.903398
0.9138889,31,3204.95227
0.875,45,3204.976405
0.8833333,42,3205.040223
0.90833336,33,3205.042228
0.8972222,37,3205.062118
0.88055557,43,3205.117612
0.8388889,58,3205.137495
0.89166665,39,3205.14353
0.9027778,35,3205.14353
0.9138889,31,3205.226668
0.875,45,3205.283883
0.9138889,31,3205.285888
0.88611114,41,3205.373904
0.85,54,3205.377546
0.88055557,43,3205.447974
0.8666667,48,3205.455515
0.87222224,46,3205.455515
0.86944443,47,3205.536094
0.88055557,43,3205.539655
0.86388886,49,3205.600639
0.9027778,35,3205.604651
0.9027778,35,3205.607659
0.90833336,33,3205.680504
0.8972222,37,3205.682509
0.9027778,35,3205.686517
0.9138889,31,3205.759603
0.89166665,39,3205.829987
0.89166665,39,3205.854984
0.89166665,39,3205.860461
0.875,45,3205.909318
0.89166665,39,3205.930784
0.8833333,42,3205.972592
0.8666667,48,3205.995585
0.8972222,37,3206.081002
0.85,54,3206.085012
0.875,45,3206.085012
0.90833336,33,3206.132019
0.8833333,42,3206.144396
0.8972222,37,3206.209692
0.8611111,50,3206.290649
0.90555555,34,3206.316244
0.9,36,3206.320778
0.89444447,38,3206.36775
0.85,54,3206.36775
0.88055557,43,3206.392827
0.90833336,33,3206.401813
0.8833333,42,3206.403817
0.9,36,3241.512444
0.8666667,48,3241.512444
0.8888889,40,3241.516066
0.89166665,39,3241.523181
0.9027778,35,3241.533689
0.90833336,33,3241.533689
0.86388886,49,3241.544978
0.9,36,3241.549756
0.9138889,31,3241.690736
0.90833336,33,3241.69597
0.90833336,33,3241.699996
0.9138889,31,3241.749646
0.9027778,35,3241.7537
0.9027778,35,3241.776076
0.86944443,47,3241.841737
0.87777776,44,3241.841737
0.9138889,31,3241.905341
0.91944444,29,3241.905341
0.9138889,31,3241.913457
0.9027778,35,3241.973117
0.89166665,39,3241.992052
0.8972222,37,3242.007518
0.8888889,40,3242.075847
0.8972222,37,3242.137692
0.89166665,39,3242.142711
0.85833335,51,3242.151067
0.89444447,38,3242.210042
0.8611111,50,3242.225997
0.90833336,33,3242.225997
0.85833335,51,3242.3052
0.88611114,41,3242.366111
0.89166665,39,3242.37898
0.8972222,37,3242.37898
0.89166665,39,3242.437862
0.8888889,40,3242.523986
0.88611114,41,3242.529414
0.8388889,58,3242.609672
0.9,36,3242.630231
0.9138889,31,3242.630231
0.8888889,40,3242.647975
0.84166664,57,3242.707869
0.85555553,52,3242.710998
0.9138889,31,3242.714739
0.88611114,41,3242.78798
0.9138889,31,3242.799914
0.9,36,3242.889973
0.88055557,43,3242.933867
0.87777776,44,3242.937903
0.8972222,37,3242.951306
0.8972222,37,3242.955314
0.8972222,37,3243.029809
0.88055557,43,3243.075696
0.82222223,64,3243.109901
0.9027778,35,3243.157834
0.8972222,37,3243.161708
0.9027778,35,3243.173368
0.875,45,3243.177908
0.8888889,40,3243.231633
0.88611114,41,3243.31966
0.87222224,46,3243.324705
0.9027778,35,3243.379535
0.88055557,43,3243.393745
0.89166665,39,3243.398394
0.9138889,31,3243.403094
0.89444447,38,3243.40764
0.87777776,44,3243.468931
0.88611114,41,3243.594653
0.89444447,38,3243.607782
0.9027778,35,3243.610651
0.8666667,48,3243.614667
0.90555555,34,3243.618943
0.87777776,44,3243.687623
0.9027778,35,3243.69165
0.8833333,42,3243.69165
0.9027778,35,3243.839735
0.89166665,39,3243.842982
0.8972222,37,3243.842982
0.9138889,31,3243.85658
0.8611111,50,3243.919733
0.8972222,37,3243.923892
0.86944443,47,3243.923892
0.87777776,44,3243.947052
0.90833336,33,3244.060812
0.8972222,37,3244.069997
0.8972222,37,3244.072001
0.9138889,31,3244.084363
0.90833336,33,3244.087875
0.89166665,39,3244.137896
0.9027778,35,3244.141671
0.9166667,30,3244.151308
0.9,36,3244.313884
0.9027778,35,3244.334543
0.8972222,37,3244.37961
0.9111111,32,3244.383659
0.8972222,37,3244.392013
0.8888889,40,3244.399553
0.86944443,47,3244.40356
0.8611111,50,3244.411621
0.9027778,35,3244.533785
0.89444447,38,3244.563755
0.9138889,31,3244.605549
0.89444447,38,3244.611524
0.9027778,35,3244.623691
0.90833336,33,3244.623691
0.88055557,43,3244.640457
0.875,45,3244.640457
0.8972222,37,3244.757964
0.90555555,34,3244.826458
0.88055557,43,3244.850057
0.90833336,33,3244.854095
0.89166665,39,3244.857605
0.88611114,41,3244.864407
0.88611114,41,3244.919923
0.8527778,53,3244.925935
0.875,45,3245.04676
0.9,36,3245.04676
0.90833336,33,3245.060422
0.88611114,41,3245.082331
0.8888889,40,3245.122998
0.87777776,44,3245.142961
0.88611114,41,3245.150644
0.8611111,50,3245.22641
0.9111111,32,3245.240367
0.9111111,32,3245.240367
0.90833336,33,3245.29333
0.90833336,33,3245.319857
0.89444447,38,3245.37298
0.89166665,39,3245.399864
0.86944443,47,3245.469028
0.89166665,39,3245.481938
0.8888889,40,3245.526654
0.8833333,42,3245.531409
0.9138889,31,3245.553124
0.875,45,3245.559383
0.8833333,42,3245.617496
0.8972222,37,3245.637665
0.90833336,33,3245.69546
0.89166665,39,3245.769592
0.8888889,40,3245.78026
0.88055557,43,3245.785748
0.91944444,29,3245.789147
0.8972222,37,3245.792665
0.88055557,43,3245.858143
0.88611114,41,3245.930461
0.8972222,37,3245.935487
0.9138889,31,3246.001468
0.8972222,37,3246.015742
0.8972222,37,3246.023814
0.8666667,48,3246.083348
0.8666667,48,3246.104888
0.8888889,40,3246.104888
0.8972222,37,3246.169869
0.9,36,3246.173618
0.89166665,39,3246.26438
0.9138889,31,3246.265886
0.88055557,43,3246.265886
0.87222224,46,3246.337832
0.87777776,44,3246.416078
0.86944443,47,3246.425998
0.88611114,41,3246.430592
0.875,45,3246.478042
0.90833336,33,3246.494862
0.89444447,38,3246.511913
0.89444447,38,3246.511913
0.8972222,37,3246.580268
0.9138889,31,3246.641104
0.90833336,33,3246.661398
0.89166665,39,3246.676008
0.875,45,3246.751494
0.88611114,41,3246.755069
0.8972222,37,3246.793152
0.8972222,37,3246.793152
0.8972222,37,3246.823641
0.88611114,41,3246.887817
0.8972222,37,3246.897866
0.89166665,39,3246.955098
0.9138889,31,3246.964523
0.90833336,33,3246.978377
0.8972222,37,3247.029773
0.88611114,41,3247.03971
0.89444447,38,3247.061892
0.8888889,40,3247.163637
0.9027778,35,3247.167645
0.875,45,3247.17167
0.9027778,35,3247.177963
0.89444447,38,3247.203567
0.9166667,30,3247.26776
0.88611114,41,3247.280765
0.86388886,49,3247.335749
0.9111111,32,3247.361837
0.90833336,33,3247.411804
0.89444447,38,3247.413882
0.8972222,37,3247.413882
0.9138889,31,3247.497591
0.8833333,42,3247.50086
0.8833333,42,3247.594919
0.8472222,55,3247.64311
0.8972222,37,3247.653117
0.89444447,38,3247.655123
0.88611114,41,3247.66258
0.87222224,46,3247.669781
0.9138889,31,3247.68152
0.8972222,37,3247.741553
0.90833336,33,3247.830824
0.89166665,39,3247.836372
0.8972222,37,3247.964509
0.87777776,44,3247.970984
0.88611114,41,3247.97593
0.87777776,44,3247.979977
0.86944443,47,3247.979977
0.89166665,39,3248.002
0.9138889,31,3248.076698
0.8666667,48,3248.161385
0.90833336,33,3248.167737
0.8972222,37,3248.225935
0.89166665,39,3248.242721
0.88611114,41,3248.242721
0.88055557,43,3248.255151
0.8972222,37,3248.262421
0.8972222,37,3248.333301
0.9,36,3248.425372
0.90555555,34,3248.480039
0.88611114,41,3248.489577
0.9027778,35,3248.492707
0.87222224,46,3248.492707
0.90555555,34,3248.495484
0.88611114,41,3248.501593
0.90555555,34,3248.562125
0.89166665,39,3248.692592
0.9027778,35,3248.704879
0.8888889,40,3248.707894
0.89444447,38,3248.71156
0.9027778,35,3248.713309
0.8833333,42,3248.764761
0.90555555,34,3248.770076
0.8611111,50,3248.797644
0.8972222,37,3248.915188
0.90833336,33,3248.923437
0.89444447,38,3248.934189
0.89166665,39,3248.934189
0.90833336,33,3248.937198
0.8833333,42,3248.989877
0.86388886,49,3249.077693
0.875,45,3249.087494
0.91944444,29,3249.150759
0.8972222,37,3249.156776
0.90833336,33,3249.163668
0.89444447,38,3249.169704
0.89166665,39,3249.225832
0.9027778,35,3249.225832
0.89444447,38,3249.320713
0.88611114,41,3249.392663
0.90833336,33,3249.395215
0.8972222,37,3249.403523
0.9027778,35,3249.410587
0.8972222,37,3249.421639
0.9027778,35,3249.471013
0.8972222,37,3249.479433
0.9,36,3249.567893
0.88611114,41,3249.647782
0.89166665,39,3249.654856
0.8972222,37,3249.659663
0.87222224,46,3249.710261
0.9027778,35,3249.710261
0.88611114,41,3249.724812
0.8472222,55,3249.732333
0.88611114,41,3249.829627
0.9138889,31,3249.87163
0.9138889,31,3249.877612
0.90555555,34,3249.894595
0.91944444,29,3249.901123
0.8972222,37,3249.950785
0.9138889,31,3249.95279
0.89166665,39,3249.957806
0.90833336,33,3250.08994
0.8888889,40,3250.105912
0.8833333,42,3250.105912
0.90833336,33,3250.11452
0.88611114,41,3250.1719
0.90833336,33,3250.1719
0.8972222,37,3250.181709
0.89166665,39,3250.18775
0.9138889,31,3250.269639
0.89444447,38,3250.350002
0.90833336,33,3250.359621
0.88055557,43,3250.405676
0.8833333,42,3250.409702
0.90555555,34,3250.416145
0.89444447,38,3250.416145
0.89166665,39,3250.425928
0.90833336,33,3250.493555
0.9166667,30,3250.58187
0.8888889,40,3250.594957
0.9138889,31,3250.636352
0.9027778,35,3250.639878
0.88611114,41,3250.644033
0.9,36,3250.644033
0.9027778,35,3250.73782
0.85555553,52,3250.740858
0.9138889,31,3250.834072
0.89166665,39,3250.842355
0.90833336,33,3250.845056
0.9027778,35,3250.8931
0.89166665,39,3250.8931
0.8972222,37,3250.900732
0.89166665,39,3250.985201
0.875,45,3251.045879
0.90555555,34,3251.128811
0.87777776,44,3251.134878
0.89166665,39,3251.137886
0.8833333,42,3251.137886
0.87777776,44,3251.139907
0.87222224,46,3251.1959
0.88611114,41,3251.234024
0.89444447,38,3251.287753
0.9027778,35,3251.365499
0.9,36,3251.373055
0.89166665,39,3251.385965
0.8833333,42,3251.387971
0.87222224,46,3251.454988
0.88055557,43,3251.466597
0.89444447,38,3251.535907
0.87777776,44,3251.542596
0.9138889,31,3251.551658
0.9111111,32,3251.611326
0.9027778,35,3251.611326
0.90833336,33,3251.613335
0.90833336,33,3251.687577
0.88611114,41,3251.705183
0.9027778,35,3251.766208
0.9027778,35,3251.771946
0.89166665,39,3251.837677
0.9,36,3251.851633
0.88611114,41,3251.869617
0.88611114,41,3251.873627
0.9166667,30,3251.873627
0.90833336,33,3251.987499
0.88611114,41,3251.990826
0.90555555,34,3252.012617
0.90555555,34,3252.12287
0.9,36,3252.130088
0.8972222,37,3252.130088
0.86944443,47,3252.177749
0.875,45,3252.181777
0.91944444,29,3252.201122
0.89166665,39,3252.284974
0.8833333,42,3252.284974
0.9138889,31,3252.366031
0.8972222,37,3252.372326
0.8972222,37,3252.379996
0.89444447,38,3252.431785
0.8666667,48,3252.45376
0.9027778,35,3252.524583
0.8972222,37,3252.531389
0.8472222,55,3252.589831
0.9027778,35,3252.60184
0.8972222,37,3252.615831
0.8833333,42,3252.680124
0.89166665,39,3252.684139
0.90833336,33,3252.689884
0.9027778,35,3252.760547
0.8888889,40,3252.819571
0.9,36,3252.828585
0.9,36,3252.837754
0.9166667,30,3252.854021
0.89166665,39,3252.899893
0.9138889,31,3252.903901
0.9,36,3252.920603
0.89166665,39,3253.009711
0.89166665,39,3253.069439
0.9027778,35,3253.074735
0.8888889,40,3253.078299
0.9138889,31,3253.078299
0.89444447,38,3253.146127
0.8888889,40,3253.156652
0.87777776,44,3253.213814
0.87777776,44,3253.304809
0.9027778,35,3253.307816
0.89166665,39,3253.317652
0.8833333,42,3253.320856
0.8888889,40,3253.323864
0.9138889,31,3253.323864
0.8972222,37,3253.441739
0.86944443,47,3253.447776
0.91944444,29,3253.459234
0.9138889,31,3253.525915
0.89444447,38,3253.545012
0.8833333,42,3253.600714
0.86944443,47,3253.609266
0.87777776,44,3253.615344
0.9027778,35,3253.687527
0.88611114,41,3253.700664
0.8833333,42,3253.759551
0.9027778,35,3253.763478
0.9,36,3253.849574
0.8833333,42,3253.851607
0.88611114,41,3253.858743
0.88055557,43,3253.916251
0.90833336,33,3254.031006
0.87222224,46,3254.033012
0.87222224,46,3254.047744
0.88611114,41,3254.052878
0.9138889,31,3254.100231
0.9138889,31,3254.107749
0.9027778,35,3254.110894
0.88611114,41,3254.195731
0.88055557,43,3254.283287
0.8833333,42,3254.283287
0.9138889,31,3254.285291
0.88611114,41,3254.351565
0.8833333,42,3254.363566
0.85833335,51,3254.369601
0.84444445,56,3254.416854
0.9027778,35,3254.426316
0.9027778,35,3254.50905
0.8972222,37,3254.515643
0.8972222,37,3254.519673
0.9027778,35,3254.580049
0.89444447,38,3254.645806
0.88055557,43,3254.658011
0.8833333,42,3254.670344
0.8888889,40,3254.67334
0.9,36,3254.74466
0.9027778,35,3254.751726
0.9,36,3254.826915
0.87777776,44,3254.829947
0.88611114,41,3290.030548
0.9027778,35,3290.040537
0.88611114,41,3290.046473
0.89444447,38,3290.05276
0.90833336,33,3290.128407
0.8972222,37,3290.137671
0.9138889,31,3290.15071
0.8972222,37,3290.221023
0.90555555,34,3290.301383
0.90555555,34,3290.307673
0.9027778,35,3290.320181
0.8888889,40,3290.369755
0.88055557,43,3290.460348
0.9027778,35,3290.466998
0.875,45,3290.478243
0.90833336,33,3290.533787
0.90833336,33,3290.541056
0.8388889,58,3290.544455
0.9027778,35,3290.555202
0.89166665,39,3290.617902
0.8972222,37,3290.705025
0.87777776,44,3290.7089
0.90555555,34,3290.755592
0.875,45,3290.758978
0.90555555,34,3290.758978
0.8888889,40,3290.769736
0.88055557,43,3290.842009
0.9138889,31,3290.91992
0.90555555,34,3290.933365
0.90833336,33,3290.941509
0.9,36,3290.982872
0.82222223,64,3291.00967
0.9111111,32,3291.017596
0.87222224,46,3291.070117
0.82222223,64,3291.155969
0.8888889,40,3291.22109
0.85833335,51,3291.242017
0.9,36,3291.245306
0.9027778,35,3291.30492
0.88055557,43,3291.317661
0.8361111,59,3291.33209
0.82222223,64,3291.39327
0.88611114,41,3291.411268
0.9138889,31,3291.461751
0.9,36,3291.48006
0.8472222,55,3291.555167
0.8888889,40,3291.561424
0.8972222,37,3291.564514
0.85833335,51,3291.61799
0.875,45,3291.685845
0.89444447,38,3291.693159
0.88055557,43,3291.768886
0.8527778,53,3291.770172
0.9166667,30,3291.793034
0.8888889,40,3291.835612
0.89166665,39,3291.840144
0.8666667,48,3291.869796
0.88611114,41,3291.940736
0.87777776,44,3291.944657
0.91944444,29,3292.02557
0.89166665,39,3292.02557
0.90555555,34,3292.047889
0.90555555,34,3292.049917
0.89166665,39,3292.16419
0.8388889,58,3292.16419
0.9027778,35,3292.181966
0.9138889,31,3292.255265
0.86944443,47,3292.268024
0.8888889,40,3292.270049
0.89166665,39,3292.320238
0.8833333,42,3292.320238
0.9027778,35,3292.395772
0.90833336,33,3292.40776
0.89166665,39,3292.40776
0.9027778,35,3292.497651
0.8888889,40,3292.501213
0.9027778,35,3292.507227
0.88055557,43,3292.569668
0.8666667,48,3292.631593
0.9138889,31,3292.631593
0.9027778,35,3292.631593
0.9138889,31,3292.721592
0.90555555,34,3292.741252
0.9,36,3292.741252
0.85,54,3292.746386
0.9111111,32,3292.814851
0.9027778,35,3292.822752
0.8666667,48,3292.879824
0.87222224,46,3292.896527
0.9111111,32,3292.95997
0.9027778,35,3292.975523
0.875,45,3293.022019
0.86944443,47,3293.049658
0.9027778,35,3293.118716
0.88611114,41,3293.118716
0.875,45,3293.122728
0.9138889,31,3293.122728
0.89444447,38,3293.249822
0.88611114,41,3293.267918
0.9027778,35,3293.274047
0.9138889,31,3293.331053
0.8361111,59,3293.34424
0.8972222,37,3293.347019
0.8888889,40,3293.357792
0.8666667,48,3293.419819
0.90555555,34,3293.439963
0.90833336,33,3293.49081
0.90833336,33,3293.510993
0.9,36,3293.578044
0.9138889,31,3293.597611
0.875,45,3293.64801
0.0,55,3293.650056
0.91944444,29,3293.654067
0.8833333,42,3293.654067
0.88611114,41,3293.735482
0.90555555,34,3293.801407
0.91944444,29,3293.81996
0.8666667,48,3293.821964
0.88611114,41,3293.90188
0.88611114,41,3293.904513
0.86388886,49,3293.968448
0.9,36,3293.984634
0.81666666,66,3294.06196
0.8888889,40,3294.067999
0.90555555,34,3294.150686
0.87222224,46,3294.150686
0.86388886,49,3294.164348
0.8888889,40,3294.167862
0.88611114,41,3294.238393
0.9,36,3294.238393
0.90555555,34,3294.304
0.9138889,31,3294.376082
0.89166665,39,3294.401631
0.8972222,37,3294.452285
0.85,54,3294.456416
0.9027778,35,3294.471958
0.86944443,47,3294.482568
0.88611114,41,3294.531486
0.9,36,3294.542484
0.90555555,34,3294.63583
0.87777776,44,3294.645064
0.8833333,42,3294.711817
0.87222224,46,3294.727832
0.89444447,38,3294.727832
0.89166665,39,3294.787859
0.85,54,3294.842651
0.8611111,50,3294.850695
0.8888889,40,3294.882092
0.9,36,3294.939822
0.8972222,37,3294.997826
0.89444447,38,3295.00185
0.9,36,3295.019785
0.8361111,59,3295.026948
0.9138889,31,3295.030571
0.9027778,35,3295.036616
0.91944444,29,3295.089722
0.8833333,42,3295.217639
0.89444447,38,3295.225496
0.88611114,41,3295.239691
0.8833333,42,3295.311197
0.89444447,38,3295.324645
0.8666667,48,3295.324645
0.87777776,44,3295.327969
0.84166664,57,3295.397981
0.88611114,41,3295.477759
0.8972222,37,3295.483792
0.89444447,38,3295.567581
0.8888889,40,3295.571084
0.84444445,56,3295.684332
0.80833334,69,3295.689612
0.85,54,3295.731778
0.88055557,43,3295.735793
0.8972222,37,3295.753945
0.8527778,53,3295.87378
0.88611114,41,3295.8819
0.88611114,41,3295.884629
0.8972222,37,3295.910367
0.89166665,39,3295.962314
0.89166665,39,3295.967159
0.89444447,38,3295.98319
0.85833335,51,3296.046441
0.90555555,34,3296.117847
0.89166665,39,3296.131644
0.9138889,31,3296.146344
0.90555555,34,3296.192159
0.85555553,52,3296.20379
0.88611114,41,3296.20379
0.90833336,33,3296.269774
0.8833333,42,3296.274829
0.90555555,34,3296.306698
0.89166665,39,3296.373333
0.9027778,35,3296.377894
0.88055557,43,3296.463717
0.9027778,35,3296.508801
0.86944443,47,3296.519981
0.85555553,52,3296.522504
0.8888889,40,3296.528043
0.8972222,37,3296.584027
0.91944444,29,3296.58754
0.8972222,37,3296.617589
0.9111111,32,3296.689768
0.89166665,39,3296.779836
0.8972222,37,3296.779836
0.87222224,46,3296.785591
0.8888889,40,3296.847633
0.88055557,43,3296.858855
0.85,54,3296.863028
0.91944444,29,3296.913405
0.88055557,43,3296.928832
0.89444447,38,3297.019929
0.8888889,40,3297.025497
0.8833333,42,3297.09213
0.8972222,37,3297.110965
0.88611114,41,3297.110965
0.88055557,43,3297.187922
0.8666667,48,3297.191444
0.87777776,44,3297.241847
0.91944444,29,3297.325981
0.88055557,43,3297.339663
0.89444447,38,3297.357966
0.86388886,49,3297.413856
0.8388889,58,3297.421926
0.9138889,31,3297.425474
0.8972222,37,3297.433744
0.88055557,43,3297.493153
0.9027778,35,3297.564841
0.9027778,35,3297.579733
0.8972222,37,3297.670043
0.9027778,35,3297.670043
0.8888889,40,3297.677801
0.90833336,33,3297.717593
0.85555553,52,3297.72799
0.8888889,40,3297.809145
0.8055556,70,3297.880252
0.9,36,3297.902024
0.9027778,35,3297.908854
0.875,45,3297.979795
0.82222223,64,3297.983804
0.8666667,48,3297.983804
0.87222224,46,3298.035609
0.90833336,33,3298.037615
0.8833333,42,3298.13583
0.90555555,34,3298.140942
0.89166665,39,3298.183934
0.90833336,33,3298.213072
0.89166665,39,3298.252881
0.87222224,46,3298.271647
0.87777776,44,3298.28164
0.89166665,39,3298.367804
0.825,63,3298.41756
0.87777776,44,3298.442655
0.86944443,47,3298.442655
0.8833333,42,3298.505827
0.89166665,39,3298.566387
0.8611111,50,3298.575643
0.875,45,3298.579662
0.9138889,31,3298.592614
0.9138889,31,3298.658194
0.89166665,39,3298.687849
0.8527778,53,3298.739826
0.89444447,38,3298.814995
0.8666667,48,3298.824112
0.8888889,40,3298.831241
0.89166665,39,3298.841515
0.9111111,32,3298.843573
0.8527778,53,3298.914098
0.89166665,39,3298.982989
0.8972222,37,3298.996658
0.9111111,32,3299.063436
0.9027778,35,3299.092193
0.89166665,39,3299.096967
0.87222224,46,3299.141348
0.87222224,46,3299.169659
0.89166665,39,3299.171664
0.8888889,40,3299.240669
0.8833333,42,3299.255647
0.8888889,40,3299.314867
0.90833336,33,3299.319901
0.8972222,37,3299.329927
0.8888889,40,3299.435816
0.9111111,32,3299.437819
0.9111111,32,3299.453545
0.8666667,48,3299.464143
0.9111111,32,3299.512226
0.8138889,67,3299.530539
0.9,36,3299.54189
0.8833333,42,3299.587676
0.90555555,34,3299.685024
0.8833333,42,3299.693346
0.89166665,39,3299.763098
0.89444447,38,3299.789846
0.86944443,47,3299.789846
0.8111111,68,3299.875493
0.8666667,48,3299.882299
0.86388886,49,3299.933715
0.90833336,33,3299.933715
0.90555555,34,3300.033785
0.8611111,50,3300.046101
0.89444447,38,3300.053674
0.90833336,33,3300.117956
0.9138889,31,3300.127906
0.84166664,57,3300.185596
0.9027778,35,3300.185596
0.86944443,47,3300.219713
0.89166665,39,3300.311215
0.8888889,40,3300.367814
0.90833336,33,3300.377734
0.89444447,38,3300.447663
0.8666667,48,3300.458769
0.88611114,41,3300.458769
0.8361111,59,3300.465403
0.89166665,39,3300.514384
0.89166665,39,3300.598071
0.9138889,31,3300.598071
0.88055557,43,3300.627962
0.90555555,34,3300.680503
0.8972222,37,3300.700896
0.89166665,39,3300.767935
0.875,45,3300.778887
0.8666667,48,3300.778887
0.9,36,3300.84135
0.89166665,39,3300.852793
0.90833336,33,3300.861047
0.88055557,43,3300.944434
0.8833333,42,3300.996449
0.90833336,33,3301.002014
0.89444447,38,3301.011703
0.9111111,32,3301.023951
0.8888889,40,3301.027808
0.9111111,32,3301.084491
0.88055557,43,3301.108818
0.8888889,40,3301.24391
0.90833336,33,3301.246955
0.89444447,38,3301.249986
0.8833333,42,3301.256
0.85555553,52,3301.304324
0.875,45,3301.409863
0.90833336,33,3301.465347
0.82222223,64,3301.465347
0.825,63,3301.481564
0.9,36,3301.48357
0.8888889,40,3301.496606
0.9027778,35,3301.499635
0.875,45,3301.565888
0.89166665,39,3301.706078
0.88611114,41,3301.713008
0.86944443,47,3301.715017
0.89166665,39,3301.724654
0.88611114,41,3301.727932
0.89444447,38,3301.771603
0.9138889,31,3301.775936
0.8666667,48,3301.80566
0.91944444,29,3301.924621
0.9027778,35,3301.931703
0.8833333,42,3301.949166
0.8888889,40,3301.949166
0.8972222,37,3302.055636
0.85,54,3302.067968
0.8388889,58,3302.085924
0.82222223,64,3302.150111
0.9111111,32,3302.157634
0.8888889,40,3302.167956
0.87222224,46,3302.217721
0.85555553,52,3302.305978
0.9138889,31,3302.314047
0.8888889,40,3302.321618
0.9,36,3302.397887
0.84166664,57,3302.403932
0.9027778,35,3302.451594
0.87777776,44,3302.451594
0.87222224,46,3302.477738
0.9027778,35,3302.55775
0.8833333,42,3302.632337
0.8611111,50,3302.640944
0.9027778,35,3302.643397
0.9027778,35,3302.649671
0.91944444,29,3302.706036
0.85833335,51,3302.789691
0.89166665,39,3302.801861
0.9027778,35,3302.860667
0.83055556,61,3302.864232
0.9027778,35,3302.871108
0.90833336,33,3302.873112
0.86944443,47,3302.948032
0.86388886,49,3303.015688
0.90833336,33,3303.025409
0.87777776,44,3303.087707
0.8972222,37,3303.09864
0.9027778,35,3303.09864
0.90555555,34,3303.179592
0.8611111,50,3303.189559
0.9138889,31,3303.201326
0.8333333,60,3303.249985
0.875,45,3303.279833
0.90833336,33,3303.324347
0.89166665,39,3303.346874
0.88055557,43,3303.350986
0.90833336,33,3303.403114
0.8972222,37,3303.476546
0.875,45,3303.48795
0.87222224,46,3303.509983
0.9138889,31,3335.514729
0.8972222,37,3335.514729
0.0,4,3335.52956
0.0,21,3335.545805
0.9027778,35,3335.554011
0.8611111,50,3335.602028
0.0,4,3335.60754
0.0,4,3335.614016
0.86944443,47,3335.618671
0.0,4,3335.63175
0.9027778,35,3335.685349
0.91944444,29,3335.689876
0.91944444,29,3335.697579
0.91944444,29,3335.758394
0.0,7,3335.781975
0.9111111,32,3335.788024
0.9166667,30,3335.788024
0.8833333,42,3335.788024
0.91944444,29,3335.839547
0.0,4,3335.839547
0.9138889,31,3335.864908
0.9111111,32,3335.915623
0.8972222,37,3335.922827
0.0,6,3335.934927
0.91944444,29,3335.994838
0.9138889,31,3336.009257
0.9111111,32,3336.013423
0.0,8,3336.019996
0.0,14,3336.019996
0.90833336,33,3336.063066
0.91944444,29,3336.077629
0.9166667,30,3336.099611
0.85833335,51,3336.161306
0.9138889,31,3336.224463
0.91944444,29,3336.234959
0.8972222,37,3336.240258
0.9111111,32,3336.2937
0.0,6,3336.30053
0.8888889,40,3336.303892
0.9138889,31,3336.31492
0.88055557,43,3336.31492
0.0,4,3336.31492
0.0,13,3336.316926
0.91944444,29,3336.331836
0.91944444,29,3336.394001
0.9138889,31,3336.467622
0.91944444,29,3336.476392
0.90833336,33,3336.47993
0.90833336,33,3336.532106
0.8972222,37,3336.543232
0.89444447,38,3336.547749
0.0,4,3336.560914
0.9111111,32,3336.621661
0.88611114,41,3336.623666
0.9138889,31,3336.699801
0.91944444,29,3336.7068
0.9027778,35,3336.725026
0.0,8,3336.727735
0.9111111,32,3336.731274
0.90555555,34,3336.781543
0.90833336,33,3336.792163
0.9138889,31,3336.797608
0.0,7,3336.80164
0.0,4,3336.845948
0.0,4,3336.849973
0.89166665,39,3336.86615
0.91944444,29,3336.929941
0.9138889,31,3336.940031
0.8833333,42,3336.951563
0.8972222,37,3336.951563
0.0,8,3337.001839
0.9111111,32,3337.010986
0.0,6,3337.010986
0.9166667,30,3337.023138
0.0,4,3337.07563
0.9166667,30,3337.079721
0.0,10,3337.084813
0.8888889,40,3337.099735
0.0,6,3337.10174
0.90833336,33,3337.152354
0.0,6,3337.157868
0.9111111,32,3337.208467
0.9138889,31,3337.217669
0.0,6,3337.26376
0.8972222,37,3337.279691
0.91944444,29,3337.279691
0.9027778,35,3337.381615
0.9027778,35,3337.399943
0.9138889,31,3337.407998
0.0,4,3337.458425
0.9166667,30,3337.470854
0.87222224,46,3337.493039
0.89166665,39,3337.54969
0.9027778,35,3337.551739
0.9027778,35,3337.551739
0.9138889,31,3337.564476
0.0,4,3337.564476
0.90555555,34,3337.631651
0.9111111,32,3337.641762
0.9138889,31,3337.649741
0.0,8,3337.710107
0.91944444,29,3337.728176
0.9027778,35,3337.728176
0.9138889,31,3337.731994
0.9111111,32,3337.789827
0.90833336,33,3337.793355
0.0,6,3337.809189
0.9111111,32,3337.853872
0.9027778,35,3337.881754
0.91944444,29,3337.939793
0.9111111,32,3337.947959
0.89166665,39,3337.953491
0.9138889,31,3338.008264
0.9138889,31,3338.025095
0.87777776,44,3338.025095
0.0,4,3338.036891
0.91944444,29,3338.096499
0.88611114,41,3338.106217
0.91944444,29,3338.16762
0.90555555,34,3338.180271
0.9,36,3338.180271
0.0,4,3338.184281
0.9166667,30,3338.18957
0.0,8,3338.203881
0.90833336,33,3338.25319
0.0,12,3338.260467
0.9138889,31,3338.261762
0.0,4,3338.272917
0.9138889,31,3338.278002
0.0,6,3338.282033
0.9138889,31,3338.325559
0.0,6,3338.336066
0.0,6,3338.33962
0.9138889,31,3338.364403
0.90833336,33,3338.419918
0.9111111,32,3338.431926
0.9138889,31,3338.437957
0.9138889,31,3338.495953
0.91944444,29,3338.514506
0.91944444,29,3338.517513
0.90555555,34,3338.519547
0.0,4,3338.564302
0.90833336,33,3338.588865
0.90833336,33,3338.642271
0.9138889,31,3338.650855
0.91944444,29,3338.667665
0.89166665,39,3338.719655
0.91944444,29,3338.733462
0.9027778,35,3338.746102
0.89166665,39,3338.826627
0.9138889,31,3338.842952
0.8972222,37,3338.842952
0.9138889,31,3338.898818
0.0,23,3338.899701
0.91944444,29,3338.91112
0.0,13,3338.927512
0.86944443,47,3338.9316
0.9138889,31,3338.979661
0.0,10,3338.984655
0.9138889,31,3339.005027
0.9138889,31,3339.061371
0.91944444,29,3339.069749
0.9027778,35,3339.130667
0.90833336,33,3339.153022
0.9027778,35,3339.156334
0.0,9,3339.159898
0.90833336,33,3339.161907
0.90833336,33,3339.200532
0.91944444,29,3339.216513
0.0,9,3339.228513
0.9,36,3339.296892
0.90833336,33,3339.296892
0.0,6,3339.315377
0.9138889,31,3339.37163
0.0,6,3339.374661
0.9138889,31,3339.374661
0.9138889,31,3339.380194
0.9138889,31,3339.384203
0.9027778,35,3339.459517
0.89444447,38,3339.459517
0.91944444,29,3339.470044
0.91944444,29,3339.549639
0.91944444,29,3339.553649
0.90833336,33,3339.603788
0.8972222,37,3339.61588
0.0,9,3339.630382
0.0,6,3339.630382
0.8888889,40,3339.632387
0.91944444,29,3339.632387
0.9138889,31,3339.681756
0.0,4,3339.689561
0.0,6,3339.697741
0.9027778,35,3339.705032
0.91944444,29,3339.771722
0.0,8,3339.771722
0.0,4,3339.785587
0.9027778,35,3339.785587
0.9111111,32,3339.851787
0.9166667,30,3339.861396
0.9027778,35,3339.861396
0.0,4,3339.91238
0.89444447,38,3339.917924
0.9027778,35,3339.921953
0.0,4,3339.92507
0.0,4,3339.935812
0.9166667,30,3339.939843
0.91944444,29,3339.994828
0.0,11,3340.000818
0.90833336,33,3340.006332
0.9111111,32,3340.076326
0.90833336,33,3340.092112
0.0,6,3340.097753
0.91944444,29,3340.151577
0.8972222,37,3340.158756
0.90833336,33,3340.167939
0.90555555,34,3340.181981
0.90833336,33,3340.223963
0.9138889,31,3340.223963
0.9138889,31,3340.316992
0.91944444,29,3340.32836
0.89166665,39,3340.33446
0.9138889,31,3340.341737
0.0,6,3340.387593
0.90833336,33,3340.396087
0.9138889,31,3340.405687
0.90833336,33,3340.413555
0.9,36,3340.419624
0.0,8,3340.463512
0.0,6,3340.480595
0.91944444,29,3340.48765
0.91944444,29,3340.549019
0.0,6,3340.549019
0.9138889,31,3340.561417
0.9111111,32,3340.570049
0.91944444,29,3340.61998
0.0,8,3340.637857
0.9,36,3340.651121
0.9111111,32,3340.715115
0.89166665,39,3340.720084
0.91944444,29,3340.733767
0.0,8,3340.741724
0.9111111,32,3340.745156
0.9138889,31,3340.795269
0.0,6,3340.795269
0.0,4,3340.795269
0.0,4,3340.799043
0.9138889,31,3340.814583
0.91944444,29,3340.87786
0.8972222,37,3340.890839
0.91944444,29,3340.897723
0.0,6,3340.961392
0.9138889,31,3341.03164
0.90833336,33,3341.03539
0.90833336,33,3341.03539
0.9027778,35,3341.083729
0.0,6,3341.097694
0.0,8,3341.110613
0.9138889,31,3341.114628
0.0,4,3341.165864
0.8833333,42,3341.169891
0.0,4,3341.179822
0.9027778,35,3341.183832
0.90833336,33,3341.201763
0.0,6,3341.201763
0.9111111,32,3341.258711
0.9027778,35,3341.27361
0.89166665,39,3341.343661
0.8972222,37,3341.351794
0.9,36,3341.399773
0.90833336,33,3341.399773
0.91944444,29,3341.407733
0.91944444,29,3341.427079
0.9027778,35,3341.427079
0.0,10,3341.429893
0.0,4,3341.482999
0.0,4,3341.482999
0.9138889,31,3341.488017
0.0,4,3341.496078
0.0,8,3341.509732
0.9138889,31,3341.563593
0.91944444,29,3341.577946
0.91944444,29,3341.587896
0.0,4,3341.589917
0.89444447,38,3341.638579
0.0,4,3341.644397
0.9166667,30,3341.658141
0.0,8,3341.669928
0.9138889,31,3341.677911
0.0,21,3341.677911
0.0,4,3341.736339
0.9,36,3341.747809
0.0,6,3341.757774
0.9,36,3341.760441
0.0,8,3341.812624
0.0,8,3341.837587
0.8972222,37,3341.841131
0.89444447,38,3341.889645
0.91944444,29,3341.889645
0.0,4,3341.901695
0.9111111,32,3341.906496
0.89444447,38,3341.906496
0.9166667,30,3341.977239
0.9027778,35,3341.987932
0.9027778,35,3342.075035
0.9027778,35,3342.077867
0.9,36,3342.135267
0.90833336,33,3342.139292
0.90833336,33,3342.142304
0.0,4,3342.147792
0.9027778,35,3342.147792
0.91944444,29,3342.158396
0.0,4,3342.162672
0.0,4,3342.162672
0.0,4,3342.21619
0.9138889,31,3342.217696
0.0,8,3342.241119
0.91944444,29,3342.299634
0.90833336,33,3342.308384
0.91944444,29,3342.31365
0.0,6,3342.364363
0.9138889,31,3342.383183
0.89444447,38,3342.38522
0.9027778,35,3342.391717
0.90833336,33,3342.442063
0.0,8,3342.445996
0.9138889,31,3342.457671
0.9027778,35,3342.531776
0.91944444,29,3342.542356
0.90833336,33,3342.542356
0.91944444,29,3342.559191
0.0,6,3342.559753
0.0,4,3342.614161
0.90833336,33,3342.621571
0.91944444,29,3342.623575
0.90833336,33,3342.631941
0.90833336,33,3342.685318
0.9166667,30,3342.705611
0.90555555,34,3342.766368
0.91944444,29,3342.769971
0.91944444,29,3342.785362
0.0,4,3342.785362
0.9166667,30,3342.795621
0.8972222,37,3342.860745
0.91944444,29,3342.860745
0.8888889,40,3342.918634
0.90555555,34,3342.935258
0.0,8,3342.945516
0.0,4,3342.949547
0.90833336,33,3342.994214
0.9138889,31,3343.006448
0.91944444,29,3343.012583
0.0,6,3343.012583
0.90833336,33,3343.017628
0.0,6,3343.0231
0.9138889,31,3343.093136
0.0,9,3343.093136
0.0,12,3343.102578
0.9027778,35,3343.110681
0.0,6,3343.171883
0.91944444,29,3343.181985
0.90833336,33,3343.25487
0.9027778,35,3343.269746
0.9138889,31,3343.29227
0.9138889,31,3343.29227
0.0,4,3343.343652
0.0,4,3343.343652
0.9,36,3343.360846
0.90833336,33,3343.379995
0.85555553,52,3343.386882
0.9,36,3343.44972
0.0,4,3343.44972
0.0,15,3343.467651
0.90833336,33,3343.475081
0.8972222,37,3343.537952
0.90833336,33,3343.555895
0.8972222,37,3343.606561
0.0,6,3343.616084
0.91944444,29,3343.625606
0.9,36,3343.633617
0.9138889,31,3343.633617
0.0,9,3343.714338
0.9027778,35,3343.714338
0.9027778,35,3343.722626
0.90833336,33,3343.817836
0.88055557,43,3343.817836
0.91944444,29,3343.860842
0.90555555,34,3343.865856
0.0,6,3343.88601
0.8972222,37,3343.893694
0.9138889,31,3343.942029
0.9027778,35,3343.954476
0.88055557,43,3344.031695
0.90833336,33,3344.052775
0.0,6,3344.05679
0.90833336,33,3344.05679
0.89444447,38,3344.114476
0.91944444,29,3344.114476
0.90555555,34,3344.143974
0.90555555,34,3344.153083
0.0,6,3344.213529
0.8972222,37,3344.217538
0.91944444,29,3344.287623
0.0,6,3344.312079
0.90555555,34,3344.312079
0.9138889,31,3344.316228
0.9111111,32,3344.319779
0.89166665,39,3344.373417
0.0,6,3344.383084
0.0,8,3344.385091
0.9111111,32,3344.391723
0.8972222,37,3344.481985
0.9138889,31,3344.546901
0.87222224,46,3344.549928
0.91944444,29,3344.570851
0.9,36,3344.570851
0.0,4,3344.62757
0.90833336,33,3344.631435
0.8972222,37,3344.631435
0.9027778,35,3344.636587
0.0,4,3344.647105
0.9166667,30,3344.722191
0.90555555,34,3344.797843
0.91944444,29,3344.801872
0.0,4,3344.813594
0.89444447,38,3344.816422
0.91944444,29,3344.819958
0.9027778,35,3344.882038
0.90555555,34,3344.882038
0.0,6,3344.882038
0.0,4,3344.893915
0.89444447,38,3344.901962
0.0,6,3344.954393
0.9,36,3344.958833
0.0,10,3344.994971
0.9027778,35,3345.0383
0.90833336,33,3345.043778
0.0,4,3345.049091
0.9,36,3345.052333
0.0,6,3345.068557
0.9138889,31,3345.079964
0.9,36,3345.128561
0.89444447,38,3345.137608
0.0,15,3345.159862
0.9138889,31,3345.24261
0.875,45,3345.248257
0.90833336,33,3345.301744
0.0,4,3345.301744
0.90833336,33,3345.317042
0.90833336,33,3345.325008
0.0,10,3345.332987
0.9,36,3345.369923
0.8972222,37,3345.395053
0.88055557,43,3345.399591
0.90555555,34,3345.467653
0.9138889,31,3345.476396
0.90833336,33,3345.541657
0.9166667,30,3345.553592
0.90555555,34,3345.557942
0.0,6,3345.577775
0.9,36,3345.622962
0.9138889,31,3345.632238
0.90555555,34,3345.649693
0.0,13,3345.707518
0.0,6,3345.710839
0.9138889,31,3345.717929
0.0,4,3345.719954
0.9,36,3345.723964
0.0,4,3345.730753
0.91944444,29,3345.741677
0.0,10,3345.741677
0.9027778,35,3345.784847
0.0,4,3345.794954
0.0,8,3345.794954
0.0,4,3345.794954
0.0,12,3345.801373
0.0,4,3345.807613
0.9138889,31,3345.81419
0.9,36,3345.869989
0.0,6,3345.898597
0.9138889,31,3345.911159
0.90555555,34,3345.989866
0.90833336,33,3346.033402
0.90833336,33,3346.042202
0.8972222,37,3346.049881
0.9138889,31,3346.049881
0.0,4,3346.061143
0.9027778,35,3346.061667
0.0,4,3346.070287
0.0,8,3346.070287
0.91944444,29,3346.085391
0.0,4,3346.138248
0.0,6,3346.146416
0.89166665,39,3346.225493
0.90833336,33,3346.247528
0.91944444,29,3346.255586
0.91944444,29,3346.312474
0.89166665,39,3346.322759
0.0,4,3346.33793
0.8972222,37,3346.383667
0.9,36,3346.387835
0.9166667,30,3346.411671
0.8527778,53,3346.423184
0.0,4,3346.465882
0.9138889,31,3346.475318
0.9138889,31,3346.483796
0.9138889,31,3346.499889
0.0,6,3346.564661
0.9111111,32,3346.580161
0.9111111,32,3346.585289
0.8888889,40,3346.652915
0.91944444,29,3346.658321
0.0,4,3346.671773
0.90833336,33,3346.680235
0.9111111,32,3346.687871
0.0,6,3346.737005
0.9027778,35,3346.75023
0.9027778,35,3346.827786
0.90833336,33,3346.845199
0.89444447,38,3346.860389
0.91944444,29,3346.914456
0.90555555,34,3346.914456
0.0,6,3346.940144
0.8972222,37,3346.995781
0.90833336,33,3347.005217
0.8833333,42,3347.021838
0.9138889,31,3347.033325
0.90833336,33,3347.103965
0.88611114,41,3347.161383
0.0,6,3347.169678
0.8833333,42,3347.194418
0.90833336,33,3347.197813
0.88611114,41,3347.247842
0.0,6,3347.255941
0.91944444,29,3347.259822
0.88611114,41,3347.272962
0.0,6,3347.280968
0.875,45,3347.343864
0.90833336,33,3347.363462
0.8972222,37,3347.420781
0.9138889,31,3347.420781
0.91944444,29,3347.43298
0.9166667,30,3347.510134
0.9166667,30,3347.519696
0.88611114,41,3347.539781
0.0,8,3347.539781
0.0,4,3347.59576
0.8972222,37,3347.616853
0.90555555,34,3347.625546
0.0,6,3347.625546
0.9138889,31,3347.63763
0.9138889,31,3347.63763
0.9166667,30,3347.684306
0.0,4,3347.691995
0.9138889,31,3347.721873
0.89166665,39,3347.830029
0.91944444,29,3347.849799
0.9,36,3347.849799
0.91944444,29,3347.855328
0.0,7,3347.855328
0.9,36,3347.855328
0.8972222,37,3347.858328
0.90555555,34,3347.858328
0.0,4,3347.867544
0.0,4,3347.911578
0.0,8,3347.914692
0.0,8,3347.932384
0.0,10,3347.9383
0.90833336,33,3347.949757
0.0,6,3347.966256
0.0,4,3347.966256
0.0,4,3348.01596
0.90833336,33,3348.099018
0.90833336,33,3348.105097
0.91944444,29,3348.105097
0.90833336,33,3348.119845
0.0,6,3348.124986
0.90833336,33,3348.124986
0.9138889,31,3348.126998
0.0,12,3348.187688
0.9138889,31,3348.194711
0.0,4,3348.200451
0.0,4,3348.206467
0.8972222,37,3348.267813
0.91944444,29,3348.33973
0.9,36,3348.341619
0.91944444,29,3348.34474
0.91944444,29,3348.347737
0.9111111,32,3348.353299
0.0,4,3348.353299
0.0,4,3348.356214
0.90555555,34,3348.428157
0.90833336,33,3348.430163
0.91944444,29,3348.437964
0.0,9,3348.50108
0.9166667,30,3348.514595
0.9138889,31,3348.57283
0.9111111,32,3348.57283
0.8972222,37,3348.587886
0.89166665,39,3348.587886
0.91944444,29,3348.603618
0.9138889,31,3348.659319
0.0,14,3348.673719
0.9138889,31,3348.679886
0.9027778,35,3348.746669
0.9111111,32,3348.753802
0.90833336,33,3348.755806
0.9138889,31,3348.802144
0.91944444,29,3348.813479
0.0,9,3348.825033
0.91944444,29,3348.829882
0.0,9,3348.895433
0.0,11,3348.899965
0.9027778,35,3348.902163
0.9138889,31,3348.966029
0.9138889,31,3348.973622
0.8833333,42,3348.973622
0.0,6,3348.987176
0.90555555,34,3349.039579
0.8972222,37,3349.055933
0.91944444,29,3349.112974
0.0,12,3349.127528
0.9027778,35,3349.138109
0.8972222,37,3349.138109
0.90555555,34,3349.203679
0.8972222,37,3349.214248
0.9138889,31,3349.217789
0.9,36,3349.219814
0.91944444,29,3349.303971
0.9111111,32,3349.362007
0.90833336,33,3349.36708
0.8833333,42,3349.371637
0.9111111,32,3349.387113
0.91944444,29,3349.387113
0.91944444,29,3349.43149
0.9138889,31,3349.435503
0.0,6,3349.446446
0.9166667,30,3382.833008
0.9111111,32,3382.893886
0.8833333,42,3382.901358
0.9,36,3382.901358
0.9138889,31,3382.90787
0.91944444,29,3382.919794
0.91944444,29,3382.923544
0.88611114,41,3383.01445
0.9111111,32,3383.0777
0.9138889,31,3383.099962
0.91944444,29,3383.099962
0.9111111,32,3383.141357
0.9138889,31,3383.143363
0.9027778,35,3383.162333
0.0,9,3383.173689
0.87777776,44,3383.173689
0.9166667,30,3383.233993
0.9138889,31,3383.304119
0.9138889,31,3383.327679
0.90833336,33,3383.32971
0.0,4,3383.339578
0.91944444,29,3383.339578
0.89444447,38,3383.387149
0.9138889,31,3383.400037
0.9,36,3383.417807
0.0,12,3383.46547
0.90555555,34,3383.470103
0.91944444,29,3383.481877
0.91944444,29,3383.557988
0.9111111,32,3383.567597
0.90833336,33,3383.632777
0.9166667,30,3383.650871
0.86944443,47,3383.650871
0.9138889,31,3383.65671
0.9027778,35,3383.65671
0.90833336,33,3383.713858
0.91944444,29,3383.783442
0.89444447,38,3383.813372
0.91944444,29,3383.873075
0.0,6,3383.873075
0.9027778,35,3383.877849
0.9138889,31,3383.885914
0.90833336,33,3383.885914
0.0,4,3383.890036
0.91944444,29,3383.894612
0.89444447,38,3383.907912
0.0,8,3383.952
0.91944444,29,3383.96799
0.0,8,3384.034595
0.0,23,3384.045575
0.91944444,29,3384.050792
0.9138889,31,3384.056849
0.0,7,3384.064728
0.9138889,31,3384.124614
0.9138889,31,3384.137799
0.88611114,41,3384.150012
0.0,4,3384.207682
0.91944444,29,3384.23725
0.9138889,31,3384.240535
0.91944444,29,3384.279224
0.91944444,29,3384.287549
0.0,6,3384.300039
0.0,6,3384.302043
0.85,54,3384.306197
0.89166665,39,3384.380957
0.89444447,38,3384.390113
0.9027778,35,3384.44241
0.9138889,31,3384.463475
0.91944444,29,3384.475252
0.9027778,35,3384.534528
0.8972222,37,3384.537536
0.0,45,3384.553711
0.9138889,31,3384.597824
0.91944444,29,3384.616265
0.9027778,35,3384.622914
0.91944444,29,3384.679893
0.91944444,29,3384.712493
0.9111111,32,3384.757647
0.89444447,38,3384.762052
0.0,10,3384.783049
0.9,36,3384.791297
0.90555555,34,3384.791297
0.91944444,29,3384.837229
0.9138889,31,3384.837229
0.91944444,29,3384.85395
0.90833336,33,3384.944425
0.90833336,33,3384.949652
0.9138889,31,3385.005503
0.9138889,31,3385.017881
0.90833336,33,3385.017881
0.9138889,31,3385.017881
0.0,4,3385.027725
0.9111111,32,3385.07521
0.89166665,39,3385.07521
0.9138889,31,3385.16989
0.90833336,33,3385.173901
0.91944444,29,3385.181174
0.91944444,29,3385.23001
0.91944444,29,3385.23001
0.0,4,3385.244346
0.91944444,29,3385.254704
0.90833336,33,3385.260161
0.9138889,31,3385.260161
0.0,6,3385.317671
0.9111111,32,3385.385592
0.9138889,31,3385.385592
0.91944444,29,3385.385592
0.0,4,3385.399193
0.90833336,33,3385.411226
0.91944444,29,3385.417812
0.9111111,32,3385.462066
0.91944444,29,3385.465818
0.0,9,3385.49531
0.89444447,38,3385.555714
0.91944444,29,3385.562562
0.90833336,33,3385.575044
0.91944444,29,3385.629957
0.90833336,33,3385.637598
0.8888889,40,3385.653789
0.9,36,3385.708007
0.91944444,29,3385.733537
0.91944444,29,3385.739422
0.0,4,3385.790997
0.9111111,32,3385.809195
0.0,8,3385.813207
0.91944444,29,3385.819721
0.85555553,52,3385.872017
0.90833336,33,3385.8756
0.90833336,33,3385.885741
0.9027778,35,3385.900635
0.0,6,3385.962214
0.9027778,35,3386.025129
0.9027778,35,3386.041719
0.90555555,34,3386.047925
0.90833336,33,3386.061658
0.88611114,41,3386.10298
0.9138889,31,3386.108117
0.9,36,3386.115627
0.90555555,34,3386.19773
0.0,24,3386.203287
0.90555555,34,3386.221655
0.90833336,33,3386.281842
0.91944444,29,3386.283916
0.90833336,33,3386.294417
0.9111111,32,3386.303568
0.0,8,3386.34978
0.8972222,37,3386.358382
0.0,6,3386.370885
0.90833336,33,3386.429945
0.91944444,29,3386.442749
0.8888889,40,3386.463624
0.9027778,35,3386.525863
0.9138889,31,3386.535297
0.90555555,34,3386.535297
0.9138889,31,3386.550052
0.0,6,3386.552057
0.0,6,3386.607314
0.0,4,3386.611606
0.9111111,32,3386.615429
0.0,4,3386.625201
0.0,4,3386.627727
0.9138889,31,3386.633766
0.88611114,41,3386.726262
0.90833336,33,3386.799762
0.88055557,43,3386.8048
0.91944444,29,3386.818021
0.9166667,30,3386.834254
0.8972222,37,3386.834254
0.0,17,3386.87971
0.9111111,32,3386.885466
0.87777776,44,3386.955824
0.9,36,3387.04975
0.9111111,32,3387.064051
0.9111111,32,3387.064051
0.88611114,41,3387.069584
0.9138889,31,3387.073591
0.89166665,39,3387.073591
0.9027778,35,3387.119761
0.0,4,3387.127984
0.91944444,29,3387.137637
0.0,14,3387.221913
0.91944444,29,3387.224602
0.91944444,29,3387.281068
0.91944444,29,3387.281068
0.91944444,29,3387.290358
0.9166667,30,3387.290358
0.91944444,29,3387.297719
0.0,13,3387.357925
0.9,36,3387.36134
0.9166667,30,3387.437858
0.91944444,29,3387.462299
0.8972222,37,3387.466386
0.91944444,29,3387.469933
0.9027778,35,3387.519784
0.89444447,38,3387.519784
0.0,9,3387.536982
0.9138889,31,3387.544195
0.9111111,32,3387.544195
0.0,4,3387.550934
0.0,4,3387.591868
0.0,13,3387.611827
0.90555555,34,3387.667586
0.9111111,32,3387.724589
0.88611114,41,3387.802723
0.9,36,3387.802723
0.9138889,31,3387.814815
0.91944444,29,3387.820502
0.9,36,3387.822747
0.0,11,3387.871859
0.9,36,3387.871859
0.90833336,33,3387.8978
0.91944444,29,3387.899827
0.0,12,3387.899827
0.0,16,3387.962665
0.9166667,30,3387.972035
0.9138889,31,3388.029635
0.90833336,33,3388.057654
0.0,6,3388.117535
0.90833336,33,3388.125004
0.8666667,48,3388.129848
0.8888889,40,3388.181923
0.9111111,32,3388.187969
0.88611114,41,3388.191999
0.8972222,37,3388.219687
0.8833333,42,3388.289872
0.9138889,31,3388.301646
0.9166667,30,3388.346
0.91944444,29,3388.349529
0.9138889,31,3388.372107
0.90833336,33,3388.377354
0.8972222,37,3388.435409
0.9138889,31,3388.437915
0.9111111,32,3388.508051
0.91944444,29,3388.515383
0.9138889,31,3388.517887
0.90833336,33,3388.528106
0.9138889,31,3388.58414
0.0,6,3388.58414
0.9138889,31,3388.58765
0.91944444,29,3388.603651
0.90833336,33,3388.653117
0.91944444,29,3388.690859
0.9027778,35,3388.737539
0.91944444,29,3388.758009
0.9027778,35,3388.814284
0.91944444,29,3388.814284
0.9,36,3388.817826
0.875,45,3388.817826
0.90555555,34,3388.837972
0.91944444,29,3388.896078
0.9111111,32,3388.916313
0.91944444,29,3388.971718
0.91944444,29,3388.987946
0.9138889,31,3388.997662
0.9111111,32,3389.001689
0.90833336,33,3389.001689
0.9138889,31,3389.059342
0.0,4,3389.071573
0.8972222,37,3389.136594
0.0,10,3389.143476
0.91944444,29,3389.143476
0.9,36,3389.152825
0.91944444,29,3389.210992
0.90833336,33,3389.221624
0.90833336,33,3389.225182
0.0,15,3389.225182
0.88055557,43,3389.287878
0.9138889,31,3389.360462
0.91944444,29,3389.364827
0.9027778,35,3389.371816
0.0,4,3389.371816
0.0,6,3389.383194
0.9111111,32,3389.429724
0.9166667,30,3389.437739
0.9138889,31,3389.439758
0.0,8,3389.463236
0.9,36,3389.513489
0.86944443,47,3389.52517
0.90833336,33,3389.591611
0.90555555,34,3389.597956
0.91944444,29,3389.601779
0.9027778,35,3389.612412
0.9166667,30,3389.616421
0.0,7,3389.621985
0.0,4,3389.670002
0.0,8,3389.687957
0.9138889,31,3389.696267
0.91944444,29,3389.701556
0.0,8,3389.769957
0.91944444,29,3389.779879
0.87222224,46,3389.779879
0.91944444,29,3389.78493
0.90833336,33,3389.851719
0.91944444,29,3389.855735
0.91944444,29,3389.913889
0.0,11,3389.926205
0.9138889,31,3389.932492
0.0,8,3389.939864
0.0,6,3389.991542
0.0,4,3389.991542
0.90833336,33,3389.997847
0.9111111,32,3390.004915
0.9138889,31,3390.009089
0.9111111,32,3390.079824
0.88055557,43,3390.083863
0.90833336,33,3390.153761
0.9138889,31,3390.176949
0.9166667,30,3390.185994
0.90833336,33,3390.189011
0.9166667,30,3390.189011
0.0,4,3390.239572
0.0,4,3390.253801
0.91944444,29,3390.260597
0.8611111,50,3390.31783
0.89444447,38,3390.322858
0.91944444,29,3390.329676
0.9138889,31,3390.397563
0.9111111,32,3390.413564
0.90833336,33,3390.415601
0.91944444,29,3390.425895
0.91944444,29,3390.470013
0.0,4,3390.476025
0.0,4,3390.491212
0.91944444,29,3390.501133
0.9138889,31,3390.503141
0.0,16,3390.541223
0.88055557,43,3390.572455
0.9138889,31,3390.572455
0.90555555,34,3390.637957
0.8888889,40,3390.717701
0.9138889,31,3390.721467
0.9138889,31,3390.724546
0.90555555,34,3390.730045
0.89166665,39,3390.734054
0.0,7,3390.797757
0.8972222,37,3390.816645
0.91944444,29,3390.817649
0.89444447,38,3390.819673
0.9138889,31,3390.931569
0.9138889,31,3390.935277
0.9166667,30,3390.935277
0.0,4,3390.94632
0.9138889,31,3390.94632
0.90833336,33,3391.016202
0.9138889,31,3391.025229
0.9138889,31,3391.025229
0.9138889,31,3391.028334
0.9138889,31,3391.126969
0.90555555,34,3391.126969
0.9027778,35,3391.169793
0.90833336,33,3391.175092
0.91944444,29,3391.20367
0.91944444,29,3391.2077
0.9138889,31,3391.254728
0.0,4,3391.262089
0.9,36,3391.262089
0.91944444,29,3391.347757
0.91944444,29,3391.353889
0.9138889,31,3391.359844
0.9111111,32,3391.360904
0.91944444,29,3391.431919
0.91944444,29,3391.442151
0.9138889,31,3391.44964
0.90555555,34,3391.453724
0.91944444,29,3391.531979
0.90555555,34,3391.591554
0.9027778,35,3391.593561
0.91944444,29,3391.604074
0.87777776,44,3391.650995
0.91944444,29,3391.657746
0.90833336,33,3391.67458
0.89444447,38,3391.679305
0.0,11,3391.752932
0.9138889,31,3391.752932
0.91944444,29,3391.800059
0.9138889,31,3391.842637
0.91944444,29,3391.854136
0.9166667,30,3391.871694
0.90833336,33,3391.874576
0.90555555,34,3391.943252
0.9138889,31,3392.000693
0.90555555,34,3392.010146
0.91944444,29,3392.019697
0.90833336,33,3392.026963
0.0,6,3392.033716
0.9,36,3392.072425
0.9166667,30,3392.079793
0.91944444,29,3392.079793
0.8972222,37,3392.176061
0.89166665,39,3392.237848
0.9166667,30,3392.237848
0.9138889,31,3392.249708
0.0,4,3392.253717
0.9,36,3392.253717
0.9138889,31,3392.256573
0.88611114,41,3392.303709
0.8972222,37,3392.314451
0.9166667,30,3392.397572
0.9138889,31,3392.424169
0.9138889,31,3392.474561
0.9138889,31,3392.474561
0.90833336,33,3392.479907
0.90555555,34,3392.487971
0.0,4,3392.487971
0.91944444,29,3392.491239
0.88611114,41,3392.560178
0.91944444,29,3392.567639
0.91944444,29,3392.634186
0.0,4,3392.645362
0.9138889,31,3392.654514
0.9166667,30,3392.654514
0.90833336,33,3392.71805
0.90555555,34,3392.71805
0.90555555,34,3392.71805
0.0,10,3392.7933
0.90833336,33,3392.795308
0.875,45,3392.86414
0.9111111,32,3392.869713
0.9138889,31,3392.871717
0.90833336,33,3392.883256
0.9138889,31,3392.935892
0.90833336,33,3392.946169
0.0,6,3392.957791
0.9138889,31,3392.96985
0.0,6,3393.033326
0.91944444,29,3393.047538
0.91944444,29,3393.050941
0.9138889,31,3393.101629
0.91944444,29,3393.137913
0.9027778,35,3393.183648
0.86944443,47,3393.183648
0.9138889,31,3393.219673
0.91944444,29,3393.270711
0.9138889,31,3393.281289
0.7916667,75,3393.286307
0.9027778,35,3393.347946
0.91944444,29,3393.359448
0.91944444,29,3393.367627
0.91944444,29,3393.367627
0.91944444,29,3393.441686
0.0,11,3393.444553
0.9027778,35,3393.508368
0.8972222,37,3393.524973
0.91944444,29,3393.524973
0.89444447,38,3393.533659
0.9138889,31,3393.542753
0.0,6,3393.581981
0.9166667,30,3393.581981
0.91944444,29,3393.612496
0.91944444,29,3393.683968
0.8888889,40,3393.691664
0.91944444,29,3393.697684
0.91944444,29,3393.751811
0.91944444,29,3393.761989
0.91944444,29,3393.761989
0.0,8,3393.836857
0.8833333,42,3393.853769
0.8972222,37,3393.867558
0.9138889,31,3393.917643
0.0,10,3393.925687
0.91944444,29,3393.929298
0.90555555,34,3393.940037
0.91944444,29,3393.940037
0.0,9,3394.001861
0.90555555,34,3394.012749
0.91944444,29,3394.021825
0.0,6,3394.032958
0.91944444,29,3394.094106
0.91944444,29,3394.1132
0.90833336,33,3394.115204
0.9111111,32,3394.172317
0.9,36,3394.18791
0.89444447,38,3394.25399
0.9138889,31,3394.261576
0.90555555,34,3394.261576
0.91944444,29,3394.280879
0.0,6,3394.286685
0.9138889,31,3394.347966
0.90555555,34,3394.362294
0.0,4,3394.362294
0.9166667,30,3394.42179
0.8972222,37,3394.432021
0.9166667,30,3394.444489
0.0,8,3394.497667
0.0,4,3394.497667
0.91944444,29,3394.507912
0.90833336,33,3394.514926
0.8833333,42,3394.529944
0.91944444,29,3394.577578
0.89166665,39,3394.612871
0.8888889,40,3394.669867
0.90833336,33,3394.683503
0.90833336,33,3394.685507
0.9138889,31,3394.688011
0.9111111,32,3394.736285
0.91944444,29,3394.74331
0.91944444,29,3394.752169
0.0,8,3394.752169
0.9138889,31,3394.831785
0.0,23,3394.837796
0.9166667,30,3394.845372
0.9166667,30,3394.8979
0.91944444,29,3394.922041
0.9111111,32,3394.922041
0.90833336,33,3394.974341
0.8888889,40,3394.97773
0.9111111,32,3395.049784
0.91944444,29,3395.056779
0.90833336,33,3395.115091
0.91944444,29,3395.131757
0.90833336,33,3395.147611
0.91944444,29,3395.147611
0.8611111,50,3395.153668
0.0,4,3395.206032
0.90833336,33,3395.215229
0.0,4,3395.215229
0.0,4,3395.229779
0.9166667,30,3395.242849
0.8888889,40,3395.315326
0.91944444,29,3395.325731
0.91944444,29,3395.379688
0.90833336,33,3395.405807
0.9111111,32,3395.409761
0.91944444,29,3395.465872
0.85,54,3395.476474
0.9,36,3395.478046
0.9138889,31,3395.540773
0.90833336,33,3395.55781
0.91944444,29,3395.55781
0.91944444,29,3395.629712
0.9138889,31,3395.631749
0.9138889,31,3395.700981
0.9027778,35,3395.70499
0.9027778,35,3395.715384
0.91944444,29,3395.717891
0.9138889,31,3395.782892
0.8972222,37,3395.800026
0.91944444,29,3395.81045
0.9138889,31,3395.812459
0.0,4,3395.816468
0.9111111,32,3395.887121
0.9166667,30,3395.893532
0.9,36,3395.94502
0.9027778,35,3395.953597
0.91944444,29,3395.955601
0.0,10,3395.968047
0.9138889,31,3396.034484
0.0,4,3396.072503
0.9027778,35,3396.076881
0.89166665,39,3396.129985
0.91944444,29,3396.137843
0.0,4,3396.149623
0.9138889,31,3396.207728
0.9027778,35,3396.224509
0.875,45,3396.245795
0.89166665,39,3396.287548
0.91944444,29,3396.297786
0.9027778,35,3396.314018
0.9138889,31,3396.369854
0.875,45,3396.397797
0.90833336,33,3396.397797
0.90555555,34,3396.461406
0.91944444,29,3396.47003
0.90833336,33,3396.536048
0.89166665,39,3396.544941
